id,roll,name,description,value_cp,lucky_name,lucky_description,lucky_value_cp,tags
I0001,1,Колпак с дохлой молью,"Находка грязная, смешная и почти бесполезная. Форма и следы носки сразу выдают историю головного убора.",13,Колпак с дохлой молью — не промокающий под дождём,"Капли скатываются с него, не оставляя сырости. Малое свойство относится именно к находке «Колпак с дохлой молью». Невероятно, но именно этот жалкий мусор оказался вещью с большой историей. Редкая особенность раскрывается только при внимательном осмотре.",3250,"headwear,household,tier-1"
I0002,1,Левый башмак утопленника,"Находка грязная, смешная и почти бесполезная. Подошва, застёжки и размер делают эту обувь вполне узнаваемой находкой.",26,Левый башмак утопленника — с сухими пятками,"Обувь остаётся сухой даже после неглубокой лужи. Малое свойство относится именно к находке «Левый башмак утопленника». Невероятно, но именно этот жалкий мусор оказался вещью с большой историей. Даже неприметный вид не способен скрыть выдающееся качество.",6526,"footwear,household,tier-1"
I0003,1,Подозрительно липкая портянка,"Находка грязная, смешная и почти бесполезная. Ткань сохранила запах дороги, мастерской или прежнего хозяина.",20,Подозрительно липкая портянка — не собирающий пятен,"Свежая грязь сама осыпается с ткани через несколько минут. Малое свойство относится именно к находке «Подозрительно липкая портянка». Невероятно, но именно этот жалкий мусор оказался вещью с большой историей. Вещь сохранилась вопреки возрасту и явно переживёт нового хозяина.",5040,"clothes,household,tier-1"
I0004,1,Обгрызенная половина ложки,"Находка грязная, смешная и почти бесполезная. На поверхности остались царапины от долгого и не всегда бережного использования.",15,Обгрызенная половина ложки — показывающий идеальную температуру,"Прибор слегка теплеет, когда еду уже можно есть без риска обжечься. Малое свойство относится именно к находке «Обгрызенная половина ложки». Невероятно, но именно этот жалкий мусор оказался вещью с большой историей. История владельца повышает цену не меньше, чем материалы.",3750,"utensil,household,tier-1"
I0005,1,Крышка от давно потерянного горшка,"Находка грязная, смешная и почти бесполезная. Копоть и вмятины рассказывают о множестве походных ужинов.",29,Крышка от давно потерянного горшка — ленивого повара,"Раз в день посуда сама доводит воду до кипения. Малое свойство относится именно к находке «Крышка от давно потерянного горшка». Невероятно, но именно этот жалкий мусор оказался вещью с большой историей. Работа мастера узнаваема и имеет подтверждённую ценность.",7279,"cookware,household,tier-1"
I0006,1,Корка хлеба с отпечатком зубов,"Находка грязная, смешная и почти бесполезная. Запах, корочка и упаковка позволяют оценить свежесть без рискованной дегустации.",21,Корка хлеба с отпечатком зубов — с вкусом домашнего праздника,"Даже маленькая порция насыщает и всегда кажется свежей. Малое свойство относится именно к находке «Корка хлеба с отпечатком зубов». Невероятно, но именно этот жалкий мусор оказался вещью с большой историей. Неожиданное свойство делает эту версию особенно желанной.",5292,"food,household,tier-1"
I0007,1,Бутылка вчерашней болотной воды,"Находка грязная, смешная и почти бесполезная. Содержимое тихо плещется и пахнет ровно так, как обещает его вид.",17,Бутылка вчерашней болотной воды — с последним бокалом,"Каждое утро в сосуде снова появляется ровно один бокал напитка. Малое свойство относится именно к находке «Бутылка вчерашней болотной воды». Невероятно, но именно этот жалкий мусор оказался вещью с большой историей. На рынке редкостей за неё наверняка начнётся спор.",4250,"drink,household,tier-1"
I0008,1,Куриная кость с гоблинскими зарубками,"Находка грязная, смешная и почти бесполезная. На кости заметны насечки, следы зубов или попытка придать ей смысл.",11,Куриная кость с гоблинскими зарубками — честной игры,"Костяшки не терпят подмены и тихо звенят при попытке жульничества. Малое свойство относится именно к находке «Куриная кость с гоблинскими зарубками». Невероятно, но именно этот жалкий мусор оказался вещью с большой историей. Подлинная метка превращает случайную находку в событие.",2761,"bones,household,tier-1"
I0009,1,Рукоять без молотка,"Находка грязная, смешная и почти бесполезная. Баланс рукояти показывает, годится ли находка для настоящей работы.",23,Рукоять без молотка — находящий расшатанный гвоздь,"Рукоять едва заметно поворачивается к ближайшему расшатанному креплению. Малое свойство относится именно к находке «Рукоять без молотка». Невероятно, но именно этот жалкий мусор оказался вещью с большой историей. Состояние почти идеальное, а происхождение подтверждено.",5796,"hammer,household,tier-1"
I0010,1,Погнутая игла в куске сала,"Находка грязная, смешная и почти бесполезная. Тонкий инструмент пережил владельца и сохранил следы его ремесла.",19,Погнутая игла в куске сала — бережного шва,"Игла не колет владельца и сама подхватывает оборванную нить. Малое свойство относится именно к находке «Погнутая игла в куске сала». Невероятно, но именно этот жалкий мусор оказался вещью с большой историей. Знаток заплатит за такую редкость намного больше обычного.",4750,"needle,household,tier-1"
I0011,1,Узел из трёх мокрых верёвок,"Находка грязная, смешная и почти бесполезная. Волокна, узлы и влажность честно показывают остаток прочности.",13,Узел из трёх мокрых верёвок — помнящий узел,"По слову хозяина верёвка повторяет последний завязанный на ней узел. Малое свойство относится именно к находке «Узел из трёх мокрых верёвок». Невероятно, но именно этот жалкий мусор оказался вещью с большой историей. Скрытая деталь делает находку одновременно полезной и коллекционной.",3263,"rope,household,tier-1"
I0012,1,Мешочек чужих молочных зубов,"Находка грязная, смешная и почти бесполезная. Внутри сохранился запах прежнего содержимого и немного дорожной пыли.",26,Мешочек чужих молочных зубов — с карманом свежести,"Продукты в одном небольшом отделении не черствеют до следующего утра. Малое свойство относится именно к находке «Мешочек чужих молочных зубов». Невероятно, но именно этот жалкий мусор оказался вещью с большой историей. Редкая особенность раскрывается только при внимательном осмотре.",6552,"container,household,tier-1"
I0013,1,"Перо, которым чесали спину","Находка грязная, смешная и почти бесполезная. Пятна чернил и состояние наконечника говорят о последнем писавшем.",20,"Перо, которым чесали спину — без случайных клякс","Чернила ложатся ровно и исчезают с одежды после простого полоскания. Малое свойство относится именно к находке «Перо, которым чесали спину». Невероятно, но именно этот жалкий мусор оказался вещью с большой историей. Даже неприметный вид не способен скрыть выдающееся качество.",5000,"writing,household,tier-1"
I0014,1,Три страницы плохого любовного романа,"Находка грязная, смешная и почти бесполезная. Переплёт, поля и закладки выдают, насколько часто текстом пользовались.",15,Три страницы плохого любовного романа — с послушной закладкой,"Книга сама открывается на последней прочитанной странице. Малое свойство относится именно к находке «Три страницы плохого любовного романа». Невероятно, но именно этот жалкий мусор оказался вещью с большой историей. Вещь сохранилась вопреки возрасту и явно переживёт нового хозяина.",3765,"book,household,tier-1"
I0015,1,Квитанция за давно съеденную козу,"Находка грязная, смешная и почти бесполезная. Печати и подписи можно изучить, хотя назначение бумаги не всегда радует.",29,Квитанция за давно съеденную козу — видимый при свечах,"Текст остаётся ясным даже в самом слабом бытовом освещении. Малое свойство относится именно к находке «Квитанция за давно съеденную козу». Невероятно, но именно этот жалкий мусор оказался вещью с большой историей. История владельца повышает цену не меньше, чем материалы.",7308,"document,household,tier-1"
I0016,1,Кошель с двумя фальшивыми пуговицами,"Находка грязная, смешная и почти бесполезная. Находка связана с мелкой торговлей и хранит следы множества рук.",21,Кошель с двумя фальшивыми пуговицами — считающий честную сдачу,"Предмет тихо звенит, если в горсти не хватает одной мелкой монеты. Малое свойство относится именно к находке «Кошель с двумя фальшивыми пуговицами». Невероятно, но именно этот жалкий мусор оказался вещью с большой историей. Работа мастера узнаваема и имеет подтверждённую ценность.",5250,"trade,household,tier-1"
I0017,1,Медное кольцо из бочарного обода,"Находка грязная, смешная и почти бесполезная. Даже при беглом осмотре видны качество оправы и состояние металла.",17,Медное кольцо из бочарного обода — мягкого вечернего блеска,"Украшение светится как свеча, но лишь достаточно, чтобы увидеть руки. Малое свойство относится именно к находке «Медное кольцо из бочарного обода». Невероятно, но именно этот жалкий мусор оказался вещью с большой историей. Неожиданное свойство делает эту версию особенно желанной.",4267,"jewelry,household,tier-1"
I0018,1,Кукла без лица и одной ноги,"Находка грязная, смешная и почти бесполезная. Игрушка пережила шумные игры и несколько неумелых починок.",11,Кукла без лица и одной ноги — возвращающийся на полку,"Оставленная на полу игрушка ночью сама оказывается на прежнем месте. Малое свойство относится именно к находке «Кукла без лица и одной ноги». Невероятно, но именно этот жалкий мусор оказался вещью с большой историей. На рынке редкостей за неё наверняка начнётся спор.",2772,"toy,household,tier-1"
I0019,1,Сколотая свеча неведомому святому,"Находка грязная, смешная и почти бесполезная. Символы нанесены старательно, хотя их смысл понятен не каждому жрецу.",23,Сколотая свеча неведомому святому — спокойного сна,"Рядом с вещью бытовые кошмары становятся тише и быстрее забываются. Малое свойство относится именно к находке «Сколотая свеча неведомому святому». Невероятно, но именно этот жалкий мусор оказался вещью с большой историей. Подлинная метка превращает случайную находку в событие.",5750,"religion,household,tier-1"
I0020,1,"Свисток, звучащий как больная утка","Находка грязная, смешная и почти бесполезная. Звук зависит от состояния дерева, металла и терпения исполнителя.",19,"Свисток, звучащий как больная утка — чистого первого звука","Первая нота всегда звучит правильно, даже после долгого хранения. Малое свойство относится именно к находке «Свисток, звучащий как больная утка». Невероятно, но именно этот жалкий мусор оказался вещью с большой историей. Состояние почти идеальное, а происхождение подтверждено.",4769,"music,household,tier-1"
I0021,1,Капкан на очень доверчивую мышь,"Находка грязная, смешная и почти бесполезная. Потёртости показывают, на какую добычу и как часто с вещью ходили.",13,Капкан на очень доверчивую мышь — бережного ловца,"Снасть предупреждает, если в неё может попасть домашнее животное. Малое свойство относится именно к находке «Капкан на очень доверчивую мышь». Невероятно, но именно этот жалкий мусор оказался вещью с большой историей. Знаток заплатит за такую редкость намного больше обычного.",3276,"hunting,household,tier-1"
I0022,1,Крючок с засохшим червём,"Находка грязная, смешная и почти бесполезная. Соль, леска и чешуя оставили на снасти честную биографию.",26,Крючок с засохшим червём — чувствующий поклёвку,"Леска мягко светится, когда рыба действительно касается наживки. Малое свойство относится именно к находке «Крючок с засохшим червём». Невероятно, но именно этот жалкий мусор оказался вещью с большой историей. Скрытая деталь делает находку одновременно полезной и коллекционной.",6500,"fishing,household,tier-1"
I0023,1,Пробка от пиратской фляги,"Находка грязная, смешная и почти бесполезная. Запах смолы и соли выдаёт долгую службу рядом с водой.",20,Пробка от пиратской фляги — не знающий плесени,"Соль и сырость не портят материал, пока вещь регулярно используют. Малое свойство относится именно к находке «Пробка от пиратской фляги». Невероятно, но именно этот жалкий мусор оказался вещью с большой историей. Редкая особенность раскрывается только при внимательном осмотре.",5020,"nautical,household,tier-1"
I0024,1,Сломанный зуб деревянных грабель,"Находка грязная, смешная и почти бесполезная. Земля в щелях и затёртая рукоять говорят о привычной работе.",15,Сломанный зуб деревянных грабель — ровной борозды,"Инструмент оставляет особенно прямой след на рыхлой земле. Малое свойство относится именно к находке «Сломанный зуб деревянных грабель». Невероятно, но именно этот жалкий мусор оказался вещью с большой историей. Даже неприметный вид не способен скрыть выдающееся качество.",3780,"farming,household,tier-1"
I0025,1,Кусок угля с нарисованными глазами,"Находка грязная, смешная и почти бесполезная. Каменная пыль забилась в каждую выемку этой шахтёрской вещи.",29,Кусок угля с нарисованными глазами — чувствующий пустоты,"Лёгкий звон предупреждает о полости сразу за тонкой стенкой. Малое свойство относится именно к находке «Кусок угля с нарисованными глазами». Невероятно, но именно этот жалкий мусор оказался вещью с большой историей. Вещь сохранилась вопреки возрасту и явно переживёт нового хозяина.",7250,"mining,household,tier-1"
I0026,1,"Щепка, подписанная «меч»","Находка грязная, смешная и почти бесполезная. Смола и тонкая стружка сохранились возле рабочих кромок.",21,"Щепка, подписанная «меч» — без заноз","Обработанное им дерево остаётся гладким и не цепляет ладони. Малое свойство относится именно к находке «Щепка, подписанная «меч»». Невероятно, но именно этот жалкий мусор оказался вещью с большой историей. История владельца повышает цену не меньше, чем материалы.",5271,"woodcraft,household,tier-1"
I0027,1,Холодный кузнечный шлак,"Находка грязная, смешная и почти бесполезная. Окалина и следы жара не оставляют сомнений в кузнечном прошлом.",17,Холодный кузнечный шлак — умеренного жара,"Рукоять не нагревается от обычной печи и защищает ладонь мастера. Малое свойство относится именно к находке «Холодный кузнечный шлак». Невероятно, но именно этот жалкий мусор оказался вещью с большой историей. Работа мастера узнаваема и имеет подтверждённую ценность.",4284,"smithing,household,tier-1"
I0028,1,Отмычка из рыбьей кости,"Находка грязная, смешная и почти бесполезная. Размер и гибкость намекают на задачи, о которых не пишут в накладных.",11,Отмычка из рыбьей кости — послушного замка,"Механизм помогает открыть только простые замки, к которым у владельца есть ключ. Малое свойство относится именно к находке «Отмычка из рыбьей кости». Невероятно, но именно этот жалкий мусор оказался вещью с большой историей. Неожиданное свойство делает эту версию особенно желанной.",2750,"hardware,household,tier-1"
I0029,1,Пузырёк с запахом старых носков,"Находка грязная, смешная и почти бесполезная. Осадок и цвет позволяют строить догадки, но не советуют пробовать содержимое.",23,Пузырёк с запахом старых носков — чистого состава,"Средство меняет цвет, если испортилось или стало опасным. Малое свойство относится именно к находке «Пузырёк с запахом старых носков». Невероятно, но именно этот жалкий мусор оказался вещью с большой историей. На рынке редкостей за неё наверняка начнётся спор.",5773,"household-supplies,household,tier-1"
I0030,1,Использованный бинт сомнительного происхождения,"Находка грязная, смешная и почти бесполезная. Запах трав и аккуратность упаковки показывают уровень прежнего лекаря.",19,Использованный бинт сомнительного происхождения — домашнего лекаря,"Принадлежности остаются чистыми и пахнут свежими травами. Малое свойство относится именно к находке «Использованный бинт сомнительного происхождения». Невероятно, но именно этот жалкий мусор оказался вещью с большой историей. Подлинная метка превращает случайную находку в событие.",4788,"medicine,household,tier-1"
I0031,1,Колышек от палатки без палатки,"Находка грязная, смешная и почти бесполезная. Пыль дорог и следы дождя видны сильнее любой торговой марки.",13,Колышек от палатки без палатки — сухого привала,"Под вещью образуется небольшой сухой участок для сидения. Малое свойство относится именно к находке «Колышек от палатки без палатки». Невероятно, но именно этот жалкий мусор оказался вещью с большой историей. Состояние почти идеальное, а происхождение подтверждено.",3250,"camping,household,tier-1"
I0032,1,Огарок свечи длиной с ноготь,"Находка грязная, смешная и почти бесполезная. Копоть вокруг огня рассказывает, насколько ровно он когда-то горел.",26,Огарок свечи длиной с ноготь — тихого пламени,"Огонёк не коптит и не гаснет от слабого сквозняка. Малое свойство относится именно к находке «Огарок свечи длиной с ноготь». Невероятно, но именно этот жалкий мусор оказался вещью с большой историей. Знаток заплатит за такую редкость намного больше обычного.",6526,"light,household,tier-1"
I0033,1,"Компас, уверенно показывающий на сапог","Находка грязная, смешная и почти бесполезная. Стрелки, шкалы и потёртый корпус ещё могут подсказать направление.",20,"Компас, уверенно показывающий на сапог — верной дороги домой","Стрелка может указать направление к последнему безопасному ночлегу. Малое свойство относится именно к находке «Компас, уверенно показывающий на сапог». Невероятно, но именно этот жалкий мусор оказался вещью с большой историей. Скрытая деталь делает находку одновременно полезной и коллекционной.",5040,"navigation,household,tier-1"
I0034,1,Ржавая пряжка от чужого доспеха,"Находка грязная, смешная и почти бесполезная. Материал защищает от обычной грязи и непогоды, не превращая вещь в доспех.",15,Ржавая пряжка от чужого доспеха — не боящийся рабочей грязи,"Пыль и стружка легко стряхиваются после окончания работы. Малое свойство относится именно к находке «Ржавая пряжка от чужого доспеха». Невероятно, но именно этот жалкий мусор оказался вещью с большой историей. Редкая особенность раскрывается только при внимательном осмотре.",3750,"workwear,household,tier-1"
I0035,1,Доска с надписью «щит»,"Находка грязная, смешная и почти бесполезная. Форма рассчитана на мирную домашнюю или ремесленную работу.",29,Доска с надписью «щит» — домового порядка,"Оставленная рядом мелочь ночью складывается аккуратнее. Малое свойство относится именно к находке «Доска с надписью «щит»». Невероятно, но именно этот жалкий мусор оказался вещью с большой историей. Даже неприметный вид не способен скрыть выдающееся качество.",7279,"household,household,tier-1"
I0036,1,Ножик для чистки особенно мелкой картошки,"Находка грязная, смешная и почти бесполезная. Кромка нужна на кухне или в мастерской, а не в бою.",21,Ножик для чистки особенно мелкой картошки — с вечной кухонной заточкой,"Кромка долго остаётся острой на хлебе, овощах и бечёвке. Малое свойство относится именно к находке «Ножик для чистки особенно мелкой картошки». Невероятно, но именно этот жалкий мусор оказался вещью с большой историей. Вещь сохранилась вопреки возрасту и явно переживёт нового хозяина.",5292,"kitchen,household,tier-1"
I0037,1,Деревянный меч трусливого гоблина,"Находка грязная, смешная и почти бесполезная. Вещица служит украшением комнаты и показывает достаток владельца.",17,Деревянный меч трусливого гоблина — с памятью комнаты,"Украшение принимает оттенок занавесей, возле которых его оставили. Малое свойство относится именно к находке «Деревянный меч трусливого гоблина». Невероятно, но именно этот жалкий мусор оказался вещью с большой историей. История владельца повышает цену не меньше, чем материалы.",4250,"decor,household,tier-1"
I0038,1,"Камень, привязанный к палке","Находка грязная, смешная и почти бесполезная. Рабочий инструмент удобно лежит в руке и решает повседневную задачу.",11,"Камень, привязанный к палке — бережного мастера","Инструмент не соскальзывает при простой бытовой работе. Малое свойство относится именно к находке «Камень, привязанный к палке». Невероятно, но именно этот жалкий мусор оказался вещью с большой историей. Работа мастера узнаваема и имеет подтверждённую ценность.",2761,"hand-tool,household,tier-1"
I0039,1,Тетива без лука,"Находка грязная, смешная и почти бесполезная. Гибкая деталь пригодится ремесленнику, упаковщику или хозяину дома.",23,Тетива без лука — ровной меры,"Гибкая деталь помогает отмерить одинаковые отрезки материала. Малое свойство относится именно к находке «Тетива без лука». Невероятно, но именно этот жалкий мусор оказался вещью с большой историей. Неожиданное свойство делает эту версию особенно желанной.",5796,"craft,household,tier-1"
I0040,1,Стрела без наконечника и перьев,"Находка грязная, смешная и почти бесполезная. Комплект расходников аккуратно собран для мирного ремонта.",19,Стрела без наконечника и перьев — самособирающийся набор,"Рассыпанные рядом детали к утру снова лежат в упаковке. Малое свойство относится именно к находке «Стрела без наконечника и перьев». Невероятно, но именно этот жалкий мусор оказался вещью с большой историей. На рынке редкостей за неё наверняка начнётся спор.",4750,"supplies,household,tier-1"
I0041,1,Кривая палка с важным видом,"Находка грязная, смешная и почти бесполезная. Трость или подпорка помогает в дороге и возле дома.",13,Кривая палка с важным видом — лёгкого шага,"Трость снимает усталость после последней лиги спокойной дороги. Малое свойство относится именно к находке «Кривая палка с важным видом». Невероятно, но именно этот жалкий мусор оказался вещью с большой историей. Подлинная метка превращает случайную находку в событие.",3263,"walking,household,tier-1"
I0042,1,Ошейник блохастого кобольда,"Находка грязная, смешная и почти бесполезная. Ремни и пряжки подогнаны под конкретного зверя и долгую дорогу.",26,Ошейник блохастого кобольда — доброй конюшни,"Животное быстрее успокаивается при привычной работе с этой вещью. Малое свойство относится именно к находке «Ошейник блохастого кобольда». Невероятно, но именно этот жалкий мусор оказался вещью с большой историей. Состояние почти идеальное, а происхождение подтверждено.",6552,"animal,household,tier-1"
I0043,1,Амулет от здравого смысла,"Находка грязная, смешная и почти бесполезная. Едва заметная странность отличает вещицу от совершенно обычного хлама.",20,Амулет от здравого смысла — с полезной странностью,"Малое чудо безопасно помогает в одной повседневной задаче. Малое свойство относится именно к находке «Амулет от здравого смысла». Невероятно, но именно этот жалкий мусор оказался вещью с большой историей. Знаток заплатит за такую редкость намного больше обычного.",5000,"curiosity,household,tier-1"
I0044,1,Почётная сопля гоблинского сержанта,"Находка грязная, смешная и почти бесполезная. Гоблинская практичность смешана здесь с самоуверенным украшательством.",15,Почётная сопля гоблинского сержанта — гоблинского умельца,"Смешная хитрость неожиданно хорошо справляется с бытовой мелочью. Малое свойство относится именно к находке «Почётная сопля гоблинского сержанта». Невероятно, но именно этот жалкий мусор оказался вещью с большой историей. Скрытая деталь делает находку одновременно полезной и коллекционной.",3765,"goblin,household,tier-1"
I0045,1,Клочок бороды неизвестного дворфа,"Находка грязная, смешная и почти бесполезная. Дворфская манера видна по тяжести, рунам и упрямой прочности.",29,"Клочок бороды неизвестного дворфа — крепче, чем выглядит","Дворфская работа выдерживает падения и обычный жар мастерской. Малое свойство относится именно к находке «Клочок бороды неизвестного дворфа». Невероятно, но именно этот жалкий мусор оказался вещью с большой историей. Редкая особенность раскрывается только при внимательном осмотре.",7308,"dwarf,household,tier-1"
I0046,1,Поддельное эльфийское ухо,"Находка грязная, смешная и почти бесполезная. Эльфийская работа узнаётся по лёгким линиям и вниманию к мелочам.",21,Поддельное эльфийское ухо — эльфийской аккуратности,"Вещь сама сохраняет чистоту и тонкий лесной аромат. Малое свойство относится именно к находке «Поддельное эльфийское ухо». Невероятно, но именно этот жалкий мусор оказался вещью с большой историей. Даже неприметный вид не способен скрыть выдающееся качество.",5250,"elf,household,tier-1"
I0047,1,Носовой платок с монограммой «Не мой»,"Находка грязная, смешная и почти бесполезная. Человеческая вещь хранит понятные следы службы, ремонта и дороги.",17,Носовой платок с монограммой «Не мой» — с меткой хорошего хозяина,"Незаметная деталь делает повседневное использование особенно удобным. Малое свойство относится именно к находке «Носовой платок с монограммой «Не мой»». Невероятно, но именно этот жалкий мусор оказался вещью с большой историей. Вещь сохранилась вопреки возрасту и явно переживёт нового хозяина.",4267,"human,household,tier-1"
I0048,1,Карта до ближайшей лужи,"Находка грязная, смешная и почти бесполезная. Каждая царапина отмечает новый участок долгого маршрута.",11,Карта до ближайшей лужи — помнящий последний ночлег,"На поверхности появляется маленькая отметка направления к последнему привалу. Малое свойство относится именно к находке «Карта до ближайшей лужи». Невероятно, но именно этот жалкий мусор оказался вещью с большой историей. История владельца повышает цену не меньше, чем материалы.",2772,"travel,household,tier-1"
I0049,1,Торговый образец пустой коробки,"Находка грязная, смешная и почти бесполезная. Бирки и упаковка выдают товар, который когда-то ждал покупателя.",23,Торговый образец пустой коробки — с честной мерой,"Упаковка предупреждает, если товара внутри стало меньше указанного. Малое свойство относится именно к находке «Торговый образец пустой коробки». Невероятно, но именно этот жалкий мусор оказался вещью с большой историей. Работа мастера узнаваема и имеет подтверждённую ценность.",5750,"merchant,household,tier-1"
I0050,1,Кисть с единственной щетиной,"Находка грязная, смешная и почти бесполезная. Следы краски, глины или клея точно называют ремесло владельца.",19,Кисть с единственной щетиной — точной руки,"Инструмент слегка исправляет мелкие дрожания при спокойной работе. Малое свойство относится именно к находке «Кисть с единственной щетиной». Невероятно, но именно этот жалкий мусор оказался вещью с большой историей. Неожиданное свойство делает эту версию особенно желанной.",4769,"artisan,household,tier-1"
I0051,1,Камень для подпирания другого камня,"Находка грязная, смешная и почти бесполезная. Бытовая вещь честно показывает привычки и достаток прежнего дома.",13,Камень для подпирания другого камня — домового порядка,"Оставленная рядом мелочь ночью складывается аккуратнее. Малое свойство относится именно к находке «Камень для подпирания другого камня». Невероятно, но именно этот жалкий мусор оказался вещью с большой историей. На рынке редкостей за неё наверняка начнётся спор.",3276,"household,household,tier-1"
I0052,1,"Ключ от двери, которой не существует","Находка грязная, смешная и почти бесполезная. Форма бородки обещает замок, который, возможно, ещё существует.",26,"Ключ от двери, которой не существует — узнающий свой замок","Металл становится тёплым рядом с подходящим замком. Малое свойство относится именно к находке «Ключ от двери, которой не существует». Невероятно, но именно этот жалкий мусор оказался вещью с большой историей. Подлинная метка превращает случайную находку в событие.",6500,"key,household,tier-1"
I0053,1,План побега из незапертого сарая,"Находка грязная, смешная и почти бесполезная. Линии маршрута, пятна и исправления оставлены разными путешественниками.",20,План побега из незапертого сарая — не боящийся дождя,"Чернила не расплываются от воды и снова проявляются после высыхания. Малое свойство относится именно к находке «План побега из незапертого сарая». Невероятно, но именно этот жалкий мусор оказался вещью с большой историей. Состояние почти идеальное, а происхождение подтверждено.",5020,"map,household,tier-1"
I0054,1,"Стекляшка, объявленная рубином","Находка грязная, смешная и почти бесполезная. Свет на гранях помогает отличить камень, стекло и удачную подделку.",15,"Стекляшка, объявленная рубином — с вечерним огоньком","Камень даёт мягкий свет размером с пламя свечи. Малое свойство относится именно к находке «Стекляшка, объявленная рубином». Невероятно, но именно этот жалкий мусор оказался вещью с большой историей. Знаток заплатит за такую редкость намного больше обычного.",3780,"gem,household,tier-1"
I0055,1,Банка с тенью дохлой мухи,"Находка грязная, смешная и почти бесполезная. Назначение странности неочевидно, но детали явно сложились не случайно.",29,Банка с тенью дохлой мухи — с тихим бытовым чудом,"Странность проявляет небольшое, безопасное и полезное свойство. Малое свойство относится именно к находке «Банка с тенью дохлой мухи». Невероятно, но именно этот жалкий мусор оказался вещью с большой историей. Скрытая деталь делает находку одновременно полезной и коллекционной.",7250,"oddity,household,tier-1"
I0056,1,Лоскут рубахи с тремя подозрительными пятнами,"Находка грязная, смешная и почти бесполезная. Ткань и швы соответствуют бытовому назначению.",21,Лоскут рубахи с тремя подозрительными пятнами — не знающий свежих пятен,"Свежая грязь осыпается с материала после лёгкого встряхивания. Невероятно, но именно этот жалкий мусор оказался вещью с большой историей. Редкая особенность раскрывается только при внимательном осмотре.",5271,"textile,household,tier-1"
I0057,1,Подошва без остального сапога,"Находка грязная, смешная и почти бесполезная. Подошва рассчитана на обычные улицы и домашний двор.",17,Подошва без остального сапога — с сухой подкладкой,"Внутренняя сторона остаётся сухой после луж и мокрой травы. Невероятно, но именно этот жалкий мусор оказался вещью с большой историей. Даже неприметный вид не способен скрыть выдающееся качество.",4284,"footwear,household,tier-1"
I0058,1,Треснувшее блюдце с присохшей кашей,"Находка грязная, смешная и почти бесполезная. Посуда сохранила следы семейных завтраков и трактирных ужинов.",11,Треснувшее блюдце с присохшей кашей — тихого гостеприимства,"Она слегка согревает поданную еду, но не обжигает руки. Невероятно, но именно этот жалкий мусор оказался вещью с большой историей. Вещь сохранилась вопреки возрасту и явно переживёт нового хозяина.",2750,"tableware,household,tier-1"
I0059,1,Горелая ручка от кастрюли,"Находка грязная, смешная и почти бесполезная. Копоть и царапины не мешают использовать вещь на кухне.",23,Горелая ручка от кастрюли — ленивого повара,"Раз в день посуда самостоятельно доводит воду до кипения. Невероятно, но именно этот жалкий мусор оказался вещью с большой историей. История владельца повышает цену не меньше, чем материалы.",5773,"cookware,household,tier-1"
I0060,1,Слипшийся комок вчерашней лапши,"Находка грязная, смешная и почти бесполезная. Продукт можно оценить по запаху, упаковке и свежести.",19,Слипшийся комок вчерашней лапши — домашнего вкуса,"Еда всегда кажется приготовленной по любимому семейному рецепту. Невероятно, но именно этот жалкий мусор оказался вещью с большой историей. Работа мастера узнаваема и имеет подтверждённую ценность.",4788,"food,household,tier-1"
I0061,1,"Пробка, пахнущая дешёвым пивом","Находка грязная, смешная и почти бесполезная. Сосуд и напиток относятся к повседневному столу.",13,"Пробка, пахнущая дешёвым пивом — с утренним бокалом","На рассвете внутри появляется одна небольшая свежая порция. Невероятно, но именно этот жалкий мусор оказался вещью с большой историей. Неожиданное свойство делает эту версию особенно желанной.",3250,"drink,household,tier-1"
I0062,1,Пустая коробочка из-под тараканьего порошка,"Находка грязная, смешная и почти бесполезная. Ёмкость подходит для хранения обычных домашних запасов.",26,Пустая коробочка из-под тараканьего порошка — бережной кладовой,"Сухое содержимое не отсыревает до следующей недели. Невероятно, но именно этот жалкий мусор оказался вещью с большой историей. На рынке редкостей за неё наверняка начнётся спор.",6526,"storage,household,tier-1"
I0063,1,Огрызок карандаша без грифеля,"Находка грязная, смешная и почти бесполезная. Письменная принадлежность годится для счетов и коротких писем.",20,Огрызок карандаша без грифеля — без клякс,"Чернила ложатся ровно и не пачкают пальцы владельца. Невероятно, но именно этот жалкий мусор оказался вещью с большой историей. Подлинная метка превращает случайную находку в событие.",5040,"stationery,household,tier-1"
I0064,1,Обложка книги без страниц,"Находка грязная, смешная и почти бесполезная. Издание предназначено для практического чтения или досуга.",15,Обложка книги без страниц — с послушной закладкой,"Переплёт сам открывается на последней прочитанной странице. Невероятно, но именно этот жалкий мусор оказался вещью с большой историей. Состояние почти идеальное, а происхождение подтверждено.",3750,"book,household,tier-1"
I0065,1,Липкая тряпка из-под стойки,"Находка грязная, смешная и почти бесполезная. Простая принадлежность помогает поддерживать дом в порядке.",29,Липкая тряпка из-под стойки — домового порядка,"Раз в сутки она самостоятельно очищает небольшой участок комнаты. Невероятно, но именно этот жалкий мусор оказался вещью с большой историей. Знаток заплатит за такую редкость намного больше обычного.",7279,"cleaning,household,tier-1"
I0066,1,Расчёска с единственным зубом,"Находка грязная, смешная и почти бесполезная. Предмет хранит следы ежедневного ухода за собой.",21,Расчёска с единственным зубом — опрятного утра,"Он распутывает волосы или бороду без боли и статического треска. Невероятно, но именно этот жалкий мусор оказался вещью с большой историей. Скрытая деталь делает находку одновременно полезной и коллекционной.",5292,"grooming,household,tier-1"
I0067,1,Клубок ниток с чужими волосами,"Находка грязная, смешная и почти бесполезная. Набор пригоден для обычного ремонта одежды.",17,Клубок ниток с чужими волосами — бережного шва,"Нить сама затягивает один короткий разрыв ткани в день. Невероятно, но именно этот жалкий мусор оказался вещью с большой историей. Редкая особенность раскрывается только при внимательном осмотре.",4250,"sewing,household,tier-1"
I0068,1,Отвёртка без конца,"Находка грязная, смешная и почти бесполезная. Инструмент решает одну понятную ремесленную задачу.",11,Отвёртка без конца — точной руки,"Рукоять исправляет небольшое дрожание при спокойной работе. Невероятно, но именно этот жалкий мусор оказался вещью с большой историей. Даже неприметный вид не способен скрыть выдающееся качество.",2761,"hand-tool,household,tier-1"
I0069,1,Засохший стебель в комке земли,"Находка грязная, смешная и почти бесполезная. Земля и растительный сок выдают работу возле дома или фермы.",23,Засохший стебель в комке земли — ровной грядки,"Инструмент оставляет особенно прямую борозду в рыхлой почве. Невероятно, но именно этот жалкий мусор оказался вещью с большой историей. Вещь сохранилась вопреки возрасту и явно переживёт нового хозяина.",5796,"garden,household,tier-1"
I0070,1,Ценник от уже украденной репы,"Находка грязная, смешная и почти бесполезная. Бирки и мерки связывают вещь с обычной рыночной торговлей.",19,Ценник от уже украденной репы — честной меры,"Она предупреждает тихим звоном о недовесе товара. Невероятно, но именно этот жалкий мусор оказался вещью с большой историей. История владельца повышает цену не меньше, чем материалы.",4750,"market,household,tier-1"
I0071,1,Вырезанная из жести луна,"Находка грязная, смешная и почти бесполезная. Украшение рассчитано на комнату, лавку или трактирный зал.",13,Вырезанная из жести луна — уютного света,"Вечером оно даёт мягкий блеск яркостью не больше свечи. Невероятно, но именно этот жалкий мусор оказался вещью с большой историей. Работа мастера узнаваема и имеет подтверждённую ценность.",3263,"decor,household,tier-1"
I0072,1,Плюшевый медведь без головы,"Находка грязная, смешная и почти бесполезная. Игрушка пережила игры, падения и несколько починок.",26,Плюшевый медведь без головы — возвращающийся на полку,"Ночью она сама оказывается на привычном месте. Невероятно, но именно этот жалкий мусор оказался вещью с большой историей. Неожиданное свойство делает эту версию особенно желанной.",6552,"toy,household,tier-1"
I0073,1,"Дудочка, забитая хлебными крошками","Находка грязная, смешная и почти бесполезная. Инструмент создан для домашней музыки и простых мелодий.",20,"Дудочка, забитая хлебными крошками — чистой первой ноты","Первый звук всегда получается ясным и правильным. Невероятно, но именно этот жалкий мусор оказался вещью с большой историей. На рынке редкостей за неё наверняка начнётся спор.",5000,"music,household,tier-1"
I0074,1,Фитиль от давно сгоревшей свечи,"Находка грязная, смешная и почти бесполезная. Источник света удобен в комнате, сарае или на крыльце.",15,Фитиль от давно сгоревшей свечи — без копоти,"Огонь не пачкает потолок и не гаснет от слабого сквозняка. Невероятно, но именно этот жалкий мусор оказался вещью с большой историей. Подлинная метка превращает случайную находку в событие.",3765,"light,household,tier-1"
I0075,1,Наволочка с мышиной норой,"Находка грязная, смешная и почти бесполезная. Мягкая вещь хранит тепло обычной спальни или постоялого двора.",29,Наволочка с мышиной норой — спокойного сна,"Рядом с ней быстрее забываются повседневные кошмары. Невероятно, но именно этот жалкий мусор оказался вещью с большой историей. Состояние почти идеальное, а происхождение подтверждено.",7308,"bedding,household,tier-1"
I0076,1,Стрелка от сломанных часов,"Находка грязная, смешная и почти бесполезная. Механизм помогает следить за временем домашних дел.",21,Стрелка от сломанных часов — точного часа,"Часы сами исправляют отставание на рассвете. Невероятно, но именно этот жалкий мусор оказался вещью с большой историей. Знаток заплатит за такую редкость намного больше обычного.",5250,"timepiece,household,tier-1"
I0077,1,Бирка от потерянного мешка,"Находка грязная, смешная и почти бесполезная. Предмет полезен обычному путнику, а не искателю битв.",17,Бирка от потерянного мешка — помнящий ночлег,"На нём появляется отметка направления к последнему безопасному привалу. Невероятно, но именно этот жалкий мусор оказался вещью с большой историей. Скрытая деталь делает находку одновременно полезной и коллекционной.",4267,"travel,household,tier-1"
I0078,1,Щётка для козы без щетины,"Находка грязная, смешная и почти бесполезная. Вещь связана с уходом за домашним или тягловым животным.",11,Щётка для козы без щетины — доброй конюшни,"Зверь быстрее успокаивается во время привычного ухода. Невероятно, но именно этот жалкий мусор оказался вещью с большой историей. Редкая особенность раскрывается только при внимательном осмотре.",2772,"animal,household,tier-1"
I0079,1,Мешочек выдохшейся перечной пыли,"Находка грязная, смешная и почти бесполезная. Запах и упаковка позволяют судить о качестве приправы.",23,Мешочек выдохшейся перечной пыли — не теряющий аромата,"Щепотка восстанавливает запах после закрытия упаковки. Невероятно, но именно этот жалкий мусор оказался вещью с большой историей. Даже неприметный вид не способен скрыть выдающееся качество.",5750,"spice,household,tier-1"
I0080,1,Банка с одним очень сердитым жуком,"Находка грязная, смешная и почти бесполезная. Странная мелочь всё ещё принадлежит миру повседневных вещей.",19,Банка с одним очень сердитым жуком — с маленьким чудом,"Безопасная особенность помогает в одной домашней задаче. Невероятно, но именно этот жалкий мусор оказался вещью с большой историей. Вещь сохранилась вопреки возрасту и явно переживёт нового хозяина.",4769,"curiosity,household,tier-1"
I0081,2,Мятая шляпа с чужим пером,"Вещь едва пережила сырость, неумелый ремонт и прежнего владельца. Форма и следы носки сразу выдают историю головного убора.",78,Мятая шляпа с чужим пером — не промокающий под дождём,"Капли скатываются с него, не оставляя сырости. Малое свойство относится именно к находке «Мятая шляпа с чужим пером». Почти бесполезный вид скрывал редкую деталь, которую заметит хороший оценщик. История владельца повышает цену не меньше, чем материалы.",7800,"headwear,household,tier-2"
I0082,2,Пара сандалий разных размеров,"Вещь едва пережила сырость, неумелый ремонт и прежнего владельца. Подошва, застёжки и размер делают эту обувь вполне узнаваемой находкой.",148,Пара сандалий разных размеров — с сухими пятками,"Обувь остаётся сухой даже после неглубокой лужи. Малое свойство относится именно к находке «Пара сандалий разных размеров». Почти бесполезный вид скрывал редкую деталь, которую заметит хороший оценщик. Работа мастера узнаваема и имеет подтверждённую ценность.",14948,"footwear,household,tier-2"
I0083,2,Рубаха с картой пятен на груди,"Вещь едва пережила сырость, неумелый ремонт и прежнего владельца. Ткань сохранила запах дороги, мастерской или прежнего хозяина.",108,Рубаха с картой пятен на груди — не собирающий пятен,"Свежая грязь сама осыпается с ткани через несколько минут. Малое свойство относится именно к находке «Рубаха с картой пятен на груди». Почти бесполезный вид скрывал редкую деталь, которую заметит хороший оценщик. Неожиданное свойство делает эту версию особенно желанной.",11016,"clothes,household,tier-2"
I0084,2,Оловянная вилка с одним зубцом,"Вещь едва пережила сырость, неумелый ремонт и прежнего владельца. На поверхности остались царапины от долгого и не всегда бережного использования.",88,Оловянная вилка с одним зубцом — показывающий идеальную температуру,"Прибор слегка теплеет, когда еду уже можно есть без риска обжечься. Малое свойство относится именно к находке «Оловянная вилка с одним зубцом». Почти бесполезный вид скрывал редкую деталь, которую заметит хороший оценщик. На рынке редкостей за неё наверняка начнётся спор.",8800,"utensil,household,tier-2"
I0085,2,Треснувшая миска для собачьей похлёбки,"Вещь едва пережила сырость, неумелый ремонт и прежнего владельца. Копоть и вмятины рассказывают о множестве походных ужинов.",55,Треснувшая миска для собачьей похлёбки — ленивого повара,"Раз в день посуда сама доводит воду до кипения. Малое свойство относится именно к находке «Треснувшая миска для собачьей похлёбки». Почти бесполезный вид скрывал редкую деталь, которую заметит хороший оценщик. Подлинная метка превращает случайную находку в событие.",5555,"cookware,household,tier-2"
I0086,2,"Сухарь, переживший две осады","Вещь едва пережила сырость, неумелый ремонт и прежнего владельца. Запах, корочка и упаковка позволяют оценить свежесть без рискованной дегустации.",118,"Сухарь, переживший две осады — с вкусом домашнего праздника","Даже маленькая порция насыщает и всегда кажется свежей. Малое свойство относится именно к находке «Сухарь, переживший две осады». Почти бесполезный вид скрывал редкую деталь, которую заметит хороший оценщик. Состояние почти идеальное, а происхождение подтверждено.",12036,"food,household,tier-2"
I0087,2,Кружка очень слабого кваса,"Вещь едва пережила сырость, неумелый ремонт и прежнего владельца. Содержимое тихо плещется и пахнет ровно так, как обещает его вид.",96,Кружка очень слабого кваса — с последним бокалом,"Каждое утро в сосуде снова появляется ровно один бокал напитка. Малое свойство относится именно к находке «Кружка очень слабого кваса». Почти бесполезный вид скрывал редкую деталь, которую заметит хороший оценщик. Знаток заплатит за такую редкость намного больше обычного.",9600,"drink,household,tier-2"
I0088,2,Заячья лопатка для гадания наугад,"Вещь едва пережила сырость, неумелый ремонт и прежнего владельца. На кости заметны насечки, следы зубов или попытка придать ей смысл.",68,Заячья лопатка для гадания наугад — честной игры,"Костяшки не терпят подмены и тихо звенят при попытке жульничества. Малое свойство относится именно к находке «Заячья лопатка для гадания наугад». Почти бесполезный вид скрывал редкую деталь, которую заметит хороший оценщик. Скрытая деталь делает находку одновременно полезной и коллекционной.",6868,"bones,household,tier-2"
I0089,2,Молоточек для забивания мух,"Вещь едва пережила сырость, неумелый ремонт и прежнего владельца. Баланс рукояти показывает, годится ли находка для настоящей работы.",132,Молоточек для забивания мух — находящий расшатанный гвоздь,"Рукоять едва заметно поворачивается к ближайшему расшатанному креплению. Малое свойство относится именно к находке «Молоточек для забивания мух». Почти бесполезный вид скрывал редкую деталь, которую заметит хороший оценщик. Редкая особенность раскрывается только при внимательном осмотре.",13464,"hammer,household,tier-2"
I0090,2,Катушка спутанной суровой нитки,"Вещь едва пережила сырость, неумелый ремонт и прежнего владельца. Тонкий инструмент пережил владельца и сохранил следы его ремесла.",100,Катушка спутанной суровой нитки — бережного шва,"Игла не колет владельца и сама подхватывает оборванную нить. Малое свойство относится именно к находке «Катушка спутанной суровой нитки». Почти бесполезный вид скрывал редкую деталь, которую заметит хороший оценщик. Даже неприметный вид не способен скрыть выдающееся качество.",10000,"needle,household,tier-2"
I0091,2,Короткая верёвка с длинной историей,"Вещь едва пережила сырость, неумелый ремонт и прежнего владельца. Волокна, узлы и влажность честно показывают остаток прочности.",78,Короткая верёвка с длинной историей — помнящий узел,"По слову хозяина верёвка повторяет последний завязанный на ней узел. Малое свойство относится именно к находке «Короткая верёвка с длинной историей». Почти бесполезный вид скрывал редкую деталь, которую заметит хороший оценщик. Вещь сохранилась вопреки возрасту и явно переживёт нового хозяина.",7878,"rope,household,tier-2"
I0092,2,Коробка из-под мази от бородавок,"Вещь едва пережила сырость, неумелый ремонт и прежнего владельца. Внутри сохранился запах прежнего содержимого и немного дорожной пыли.",148,Коробка из-под мази от бородавок — с карманом свежести,"Продукты в одном небольшом отделении не черствеют до следующего утра. Малое свойство относится именно к находке «Коробка из-под мази от бородавок». Почти бесполезный вид скрывал редкую деталь, которую заметит хороший оценщик. История владельца повышает цену не меньше, чем материалы.",15000,"container,household,tier-2"
I0093,2,Карандаш длиной в два пальца,"Вещь едва пережила сырость, неумелый ремонт и прежнего владельца. Пятна чернил и состояние наконечника говорят о последнем писавшем.",108,Карандаш длиной в два пальца — без случайных клякс,"Чернила ложатся ровно и исчезают с одежды после простого полоскания. Малое свойство относится именно к находке «Карандаш длиной в два пальца». Почти бесполезный вид скрывал редкую деталь, которую заметит хороший оценщик. Работа мастера узнаваема и имеет подтверждённую ценность.",10800,"writing,household,tier-2"
I0094,2,Поваренная книга без рецептов,"Вещь едва пережила сырость, неумелый ремонт и прежнего владельца. Переплёт, поля и закладки выдают, насколько часто текстом пользовались.",88,Поваренная книга без рецептов — с послушной закладкой,"Книга сама открывается на последней прочитанной странице. Малое свойство относится именно к находке «Поваренная книга без рецептов». Почти бесполезный вид скрывал редкую деталь, которую заметит хороший оценщик. Неожиданное свойство делает эту версию особенно желанной.",8888,"book,household,tier-2"
I0095,2,Просроченный пропуск в общественную баню,"Вещь едва пережила сырость, неумелый ремонт и прежнего владельца. Печати и подписи можно изучить, хотя назначение бумаги не всегда радует.",55,Просроченный пропуск в общественную баню — видимый при свечах,"Текст остаётся ясным даже в самом слабом бытовом освещении. Малое свойство относится именно к находке «Просроченный пропуск в общественную баню». Почти бесполезный вид скрывал редкую деталь, которую заметит хороший оценщик. На рынке редкостей за неё наверняка начнётся спор.",5610,"document,household,tier-2"
I0096,2,Жетон закрывшейся харчевни,"Вещь едва пережила сырость, неумелый ремонт и прежнего владельца. Находка связана с мелкой торговлей и хранит следы множества рук.",118,Жетон закрывшейся харчевни — считающий честную сдачу,"Предмет тихо звенит, если в горсти не хватает одной мелкой монеты. Малое свойство относится именно к находке «Жетон закрывшейся харчевни». Почти бесполезный вид скрывал редкую деталь, которую заметит хороший оценщик. Подлинная метка превращает случайную находку в событие.",11800,"trade,household,tier-2"
I0097,2,Бусина из мутного бутылочного стекла,"Вещь едва пережила сырость, неумелый ремонт и прежнего владельца. Даже при беглом осмотре видны качество оправы и состояние металла.",96,Бусина из мутного бутылочного стекла — мягкого вечернего блеска,"Украшение светится как свеча, но лишь достаточно, чтобы увидеть руки. Малое свойство относится именно к находке «Бусина из мутного бутылочного стекла». Почти бесполезный вид скрывал редкую деталь, которую заметит хороший оценщик. Состояние почти идеальное, а происхождение подтверждено.",9696,"jewelry,household,tier-2"
I0098,2,Свистящая глиняная лошадка,"Вещь едва пережила сырость, неумелый ремонт и прежнего владельца. Игрушка пережила шумные игры и несколько неумелых починок.",68,Свистящая глиняная лошадка — возвращающийся на полку,"Оставленная на полу игрушка ночью сама оказывается на прежнем месте. Малое свойство относится именно к находке «Свистящая глиняная лошадка». Почти бесполезный вид скрывал редкую деталь, которую заметит хороший оценщик. Знаток заплатит за такую редкость намного больше обычного.",6936,"toy,household,tier-2"
I0099,2,Деревянный идол ленивого божка,"Вещь едва пережила сырость, неумелый ремонт и прежнего владельца. Символы нанесены старательно, хотя их смысл понятен не каждому жрецу.",132,Деревянный идол ленивого божка — спокойного сна,"Рядом с вещью бытовые кошмары становятся тише и быстрее забываются. Малое свойство относится именно к находке «Деревянный идол ленивого божка». Почти бесполезный вид скрывал редкую деталь, которую заметит хороший оценщик. Скрытая деталь делает находку одновременно полезной и коллекционной.",13200,"religion,household,tier-2"
I0100,2,Колокольчик без язычка,"Вещь едва пережила сырость, неумелый ремонт и прежнего владельца. Звук зависит от состояния дерева, металла и терпения исполнителя.",100,Колокольчик без язычка — чистого первого звука,"Первая нота всегда звучит правильно, даже после долгого хранения. Малое свойство относится именно к находке «Колокольчик без язычка». Почти бесполезный вид скрывал редкую деталь, которую заметит хороший оценщик. Редкая особенность раскрывается только при внимательном осмотре.",10100,"music,household,tier-2"
I0101,2,Праща из растянутого чулка,"Вещь едва пережила сырость, неумелый ремонт и прежнего владельца. Потёртости показывают, на какую добычу и как часто с вещью ходили.",78,Праща из растянутого чулка — бережного ловца,"Снасть предупреждает, если в неё может попасть домашнее животное. Малое свойство относится именно к находке «Праща из растянутого чулка». Почти бесполезный вид скрывал редкую деталь, которую заметит хороший оценщик. Даже неприметный вид не способен скрыть выдающееся качество.",7956,"hunting,household,tier-2"
I0102,2,Поплавок в форме дохлой рыбки,"Вещь едва пережила сырость, неумелый ремонт и прежнего владельца. Соль, леска и чешуя оставили на снасти честную биографию.",148,Поплавок в форме дохлой рыбки — чувствующий поклёвку,"Леска мягко светится, когда рыба действительно касается наживки. Малое свойство относится именно к находке «Поплавок в форме дохлой рыбки». Почти бесполезный вид скрывал редкую деталь, которую заметит хороший оценщик. Вещь сохранилась вопреки возрасту и явно переживёт нового хозяина.",14800,"fishing,household,tier-2"
I0103,2,Обрывок сети с запахом селёдки,"Вещь едва пережила сырость, неумелый ремонт и прежнего владельца. Запах смолы и соли выдаёт долгую службу рядом с водой.",108,Обрывок сети с запахом селёдки — не знающий плесени,"Соль и сырость не портят материал, пока вещь регулярно используют. Малое свойство относится именно к находке «Обрывок сети с запахом селёдки». Почти бесполезный вид скрывал редкую деталь, которую заметит хороший оценщик. История владельца повышает цену не меньше, чем материалы.",10908,"nautical,household,tier-2"
I0104,2,Ручка от садовой лопатки,"Вещь едва пережила сырость, неумелый ремонт и прежнего владельца. Земля в щелях и затёртая рукоять говорят о привычной работе.",88,Ручка от садовой лопатки — ровной борозды,"Инструмент оставляет особенно прямой след на рыхлой земле. Малое свойство относится именно к находке «Ручка от садовой лопатки». Почти бесполезный вид скрывал редкую деталь, которую заметит хороший оценщик. Работа мастера узнаваема и имеет подтверждённую ценность.",8976,"farming,household,tier-2"
I0105,2,Кирка из слишком мягкого олова,"Вещь едва пережила сырость, неумелый ремонт и прежнего владельца. Каменная пыль забилась в каждую выемку этой шахтёрской вещи.",55,Кирка из слишком мягкого олова — чувствующий пустоты,"Лёгкий звон предупреждает о полости сразу за тонкой стенкой. Малое свойство относится именно к находке «Кирка из слишком мягкого олова». Почти бесполезный вид скрывал редкую деталь, которую заметит хороший оценщик. Неожиданное свойство делает эту версию особенно желанной.",5500,"mining,household,tier-2"
I0106,2,Дощечка для кривых надписей,"Вещь едва пережила сырость, неумелый ремонт и прежнего владельца. Смола и тонкая стружка сохранились возле рабочих кромок.",118,Дощечка для кривых надписей — без заноз,"Обработанное им дерево остаётся гладким и не цепляет ладони. Малое свойство относится именно к находке «Дощечка для кривых надписей». Почти бесполезный вид скрывал редкую деталь, которую заметит хороший оценщик. На рынке редкостей за неё наверняка начнётся спор.",11918,"woodcraft,household,tier-2"
I0107,2,Мех с дырой для раздувания костра,"Вещь едва пережила сырость, неумелый ремонт и прежнего владельца. Окалина и следы жара не оставляют сомнений в кузнечном прошлом.",96,Мех с дырой для раздувания костра — умеренного жара,"Рукоять не нагревается от обычной печи и защищает ладонь мастера. Малое свойство относится именно к находке «Мех с дырой для раздувания костра». Почти бесполезный вид скрывал редкую деталь, которую заметит хороший оценщик. Подлинная метка превращает случайную находку в событие.",9792,"smithing,household,tier-2"
I0108,2,Набор ключей от чужого курятника,"Вещь едва пережила сырость, неумелый ремонт и прежнего владельца. Размер и гибкость намекают на задачи, о которых не пишут в накладных.",68,Набор ключей от чужого курятника — послушного замка,"Механизм помогает открыть только простые замки, к которым у владельца есть ключ. Малое свойство относится именно к находке «Набор ключей от чужого курятника». Почти бесполезный вид скрывал редкую деталь, которую заметит хороший оценщик. Состояние почти идеальное, а происхождение подтверждено.",6800,"hardware,household,tier-2"
I0109,2,Пакетик порошка неизвестной горечи,"Вещь едва пережила сырость, неумелый ремонт и прежнего владельца. Осадок и цвет позволяют строить догадки, но не советуют пробовать содержимое.",132,Пакетик порошка неизвестной горечи — чистого состава,"Средство меняет цвет, если испортилось или стало опасным. Малое свойство относится именно к находке «Пакетик порошка неизвестной горечи». Почти бесполезный вид скрывал редкую деталь, которую заметит хороший оценщик. Знаток заплатит за такую редкость намного больше обычного.",13332,"household-supplies,household,tier-2"
I0110,2,Баночка засохшей пиявочной соли,"Вещь едва пережила сырость, неумелый ремонт и прежнего владельца. Запах трав и аккуратность упаковки показывают уровень прежнего лекаря.",100,Баночка засохшей пиявочной соли — домашнего лекаря,"Принадлежности остаются чистыми и пахнут свежими травами. Малое свойство относится именно к находке «Баночка засохшей пиявочной соли». Почти бесполезный вид скрывал редкую деталь, которую заметит хороший оценщик. Скрытая деталь делает находку одновременно полезной и коллекционной.",10200,"medicine,household,tier-2"
I0111,2,Скомканный дождевой капюшон,"Вещь едва пережила сырость, неумелый ремонт и прежнего владельца. Пыль дорог и следы дождя видны сильнее любой торговой марки.",78,Скомканный дождевой капюшон — сухого привала,"Под вещью образуется небольшой сухой участок для сидения. Малое свойство относится именно к находке «Скомканный дождевой капюшон». Почти бесполезный вид скрывал редкую деталь, которую заметит хороший оценщик. Редкая особенность раскрывается только при внимательном осмотре.",7800,"camping,household,tier-2"
I0112,2,Фонарь без стекла и масла,"Вещь едва пережила сырость, неумелый ремонт и прежнего владельца. Копоть вокруг огня рассказывает, насколько ровно он когда-то горел.",148,Фонарь без стекла и масла — тихого пламени,"Огонёк не коптит и не гаснет от слабого сквозняка. Малое свойство относится именно к находке «Фонарь без стекла и масла». Почти бесполезный вид скрывал редкую деталь, которую заметит хороший оценщик. Даже неприметный вид не способен скрыть выдающееся качество.",14948,"light,household,tier-2"
I0113,2,Солнечные часы для пасмурного дня,"Вещь едва пережила сырость, неумелый ремонт и прежнего владельца. Стрелки, шкалы и потёртый корпус ещё могут подсказать направление.",108,Солнечные часы для пасмурного дня — верной дороги домой,"Стрелка может указать направление к последнему безопасному ночлегу. Малое свойство относится именно к находке «Солнечные часы для пасмурного дня». Почти бесполезный вид скрывал редкую деталь, которую заметит хороший оценщик. Вещь сохранилась вопреки возрасту и явно переживёт нового хозяина.",11016,"navigation,household,tier-2"
I0114,2,Кольчужное колечко на шнурке,"Вещь едва пережила сырость, неумелый ремонт и прежнего владельца. Материал защищает от обычной грязи и непогоды, не превращая вещь в доспех.",88,Кольчужное колечко на шнурке — не боящийся рабочей грязи,"Пыль и стружка легко стряхиваются после окончания работы. Малое свойство относится именно к находке «Кольчужное колечко на шнурке». Почти бесполезный вид скрывал редкую деталь, которую заметит хороший оценщик. История владельца повышает цену не меньше, чем материалы.",8800,"workwear,household,tier-2"
I0115,2,Крышка бочки с ремнём для руки,"Вещь едва пережила сырость, неумелый ремонт и прежнего владельца. Форма рассчитана на мирную домашнюю или ремесленную работу.",55,Крышка бочки с ремнём для руки — домового порядка,"Оставленная рядом мелочь ночью складывается аккуратнее. Малое свойство относится именно к находке «Крышка бочки с ремнём для руки». Почти бесполезный вид скрывал редкую деталь, которую заметит хороший оценщик. Работа мастера узнаваема и имеет подтверждённую ценность.",5555,"household,household,tier-2"
I0116,2,Тупой нож для писем,"Вещь едва пережила сырость, неумелый ремонт и прежнего владельца. Кромка нужна на кухне или в мастерской, а не в бою.",118,Тупой нож для писем — с вечной кухонной заточкой,"Кромка долго остаётся острой на хлебе, овощах и бечёвке. Малое свойство относится именно к находке «Тупой нож для писем». Почти бесполезный вид скрывал редкую деталь, которую заметит хороший оценщик. Неожиданное свойство делает эту версию особенно желанной.",12036,"kitchen,household,tier-2"
I0117,2,Ржавая тренировочная сабля,"Вещь едва пережила сырость, неумелый ремонт и прежнего владельца. Вещица служит украшением комнаты и показывает достаток владельца.",96,Ржавая тренировочная сабля — с памятью комнаты,"Украшение принимает оттенок занавесей, возле которых его оставили. Малое свойство относится именно к находке «Ржавая тренировочная сабля». Почти бесполезный вид скрывал редкую деталь, которую заметит хороший оценщик. На рынке редкостей за неё наверняка начнётся спор.",9600,"decor,household,tier-2"
I0118,2,Топорик с расколотым топорищем,"Вещь едва пережила сырость, неумелый ремонт и прежнего владельца. Рабочий инструмент удобно лежит в руке и решает повседневную задачу.",68,Топорик с расколотым топорищем — бережного мастера,"Инструмент не соскальзывает при простой бытовой работе. Малое свойство относится именно к находке «Топорик с расколотым топорищем». Почти бесполезный вид скрывал редкую деталь, которую заметит хороший оценщик. Подлинная метка превращает случайную находку в событие.",6868,"hand-tool,household,tier-2"
I0119,2,Лук из сырой ивы,"Вещь едва пережила сырость, неумелый ремонт и прежнего владельца. Гибкая деталь пригодится ремесленнику, упаковщику или хозяину дома.",132,Лук из сырой ивы — ровной меры,"Гибкая деталь помогает отмерить одинаковые отрезки материала. Малое свойство относится именно к находке «Лук из сырой ивы». Почти бесполезный вид скрывал редкую деталь, которую заметит хороший оценщик. Состояние почти идеальное, а происхождение подтверждено.",13464,"craft,household,tier-2"
I0120,2,"Мешочек круглых, но мягких камней","Вещь едва пережила сырость, неумелый ремонт и прежнего владельца. Комплект расходников аккуратно собран для мирного ремонта.",100,"Мешочек круглых, но мягких камней — самособирающийся набор","Рассыпанные рядом детали к утру снова лежат в упаковке. Малое свойство относится именно к находке «Мешочек круглых, но мягких камней». Почти бесполезный вид скрывал редкую деталь, которую заметит хороший оценщик. Знаток заплатит за такую редкость намного больше обычного.",10000,"supplies,household,tier-2"
I0121,2,Посох с обломанной развилкой,"Вещь едва пережила сырость, неумелый ремонт и прежнего владельца. Трость или подпорка помогает в дороге и возле дома.",78,Посох с обломанной развилкой — лёгкого шага,"Трость снимает усталость после последней лиги спокойной дороги. Малое свойство относится именно к находке «Посох с обломанной развилкой». Почти бесполезный вид скрывал редкую деталь, которую заметит хороший оценщик. Скрытая деталь делает находку одновременно полезной и коллекционной.",7878,"walking,household,tier-2"
I0122,2,Недоуздок для особенно маленького осла,"Вещь едва пережила сырость, неумелый ремонт и прежнего владельца. Ремни и пряжки подогнаны под конкретного зверя и долгую дорогу.",148,Недоуздок для особенно маленького осла — доброй конюшни,"Животное быстрее успокаивается при привычной работе с этой вещью. Малое свойство относится именно к находке «Недоуздок для особенно маленького осла». Почти бесполезный вид скрывал редкую деталь, которую заметит хороший оценщик. Редкая особенность раскрывается только при внимательном осмотре.",15000,"animal,household,tier-2"
I0123,2,"Галька, обещающая хорошую погоду","Вещь едва пережила сырость, неумелый ремонт и прежнего владельца. Едва заметная странность отличает вещицу от совершенно обычного хлама.",108,"Галька, обещающая хорошую погоду — с полезной странностью","Малое чудо безопасно помогает в одной повседневной задаче. Малое свойство относится именно к находке «Галька, обещающая хорошую погоду». Почти бесполезный вид скрывал редкую деталь, которую заметит хороший оценщик. Даже неприметный вид не способен скрыть выдающееся качество.",10800,"curiosity,household,tier-2"
I0124,2,Гоблинская ложка для супа и драки,"Вещь едва пережила сырость, неумелый ремонт и прежнего владельца. Гоблинская практичность смешана здесь с самоуверенным украшательством.",88,Гоблинская ложка для супа и драки — гоблинского умельца,"Смешная хитрость неожиданно хорошо справляется с бытовой мелочью. Малое свойство относится именно к находке «Гоблинская ложка для супа и драки». Почти бесполезный вид скрывал редкую деталь, которую заметит хороший оценщик. Вещь сохранилась вопреки возрасту и явно переживёт нового хозяина.",8888,"goblin,household,tier-2"
I0125,2,Дварфская пробка от пивного бочонка,"Вещь едва пережила сырость, неумелый ремонт и прежнего владельца. Дворфская манера видна по тяжести, рунам и упрямой прочности.",55,"Дварфская пробка от пивного бочонка — крепче, чем выглядит","Дворфская работа выдерживает падения и обычный жар мастерской. Малое свойство относится именно к находке «Дварфская пробка от пивного бочонка». Почти бесполезный вид скрывал редкую деталь, которую заметит хороший оценщик. История владельца повышает цену не меньше, чем материалы.",5610,"dwarf,household,tier-2"
I0126,2,"Эльфийская лента, выцветшая до серого","Вещь едва пережила сырость, неумелый ремонт и прежнего владельца. Эльфийская работа узнаётся по лёгким линиям и вниманию к мелочам.",118,"Эльфийская лента, выцветшая до серого — эльфийской аккуратности","Вещь сама сохраняет чистоту и тонкий лесной аромат. Малое свойство относится именно к находке «Эльфийская лента, выцветшая до серого». Почти бесполезный вид скрывал редкую деталь, которую заметит хороший оценщик. Работа мастера узнаваема и имеет подтверждённую ценность.",11800,"elf,household,tier-2"
I0127,2,Солдатская пуговица без мундира,"Вещь едва пережила сырость, неумелый ремонт и прежнего владельца. Человеческая вещь хранит понятные следы службы, ремонта и дороги.",96,Солдатская пуговица без мундира — с меткой хорошего хозяина,"Незаметная деталь делает повседневное использование особенно удобным. Малое свойство относится именно к находке «Солдатская пуговица без мундира». Почти бесполезный вид скрывал редкую деталь, которую заметит хороший оценщик. Неожиданное свойство делает эту версию особенно желанной.",9696,"human,household,tier-2"
I0128,2,Дорожная бирка из несуществующего города,"Вещь едва пережила сырость, неумелый ремонт и прежнего владельца. Каждая царапина отмечает новый участок долгого маршрута.",68,Дорожная бирка из несуществующего города — помнящий последний ночлег,"На поверхности появляется маленькая отметка направления к последнему привалу. Малое свойство относится именно к находке «Дорожная бирка из несуществующего города». Почти бесполезный вид скрывал редкую деталь, которую заметит хороший оценщик. На рынке редкостей за неё наверняка начнётся спор.",6936,"travel,household,tier-2"
I0129,2,Мятая реклама чудесного средства от икоты,"Вещь едва пережила сырость, неумелый ремонт и прежнего владельца. Бирки и упаковка выдают товар, который когда-то ждал покупателя.",132,Мятая реклама чудесного средства от икоты — с честной мерой,"Упаковка предупреждает, если товара внутри стало меньше указанного. Малое свойство относится именно к находке «Мятая реклама чудесного средства от икоты». Почти бесполезный вид скрывал редкую деталь, которую заметит хороший оценщик. Подлинная метка превращает случайную находку в событие.",13200,"merchant,household,tier-2"
I0130,2,Гончарный круг размером с блюдце,"Вещь едва пережила сырость, неумелый ремонт и прежнего владельца. Следы краски, глины или клея точно называют ремесло владельца.",100,Гончарный круг размером с блюдце — точной руки,"Инструмент слегка исправляет мелкие дрожания при спокойной работе. Малое свойство относится именно к находке «Гончарный круг размером с блюдце». Почти бесполезный вид скрывал редкую деталь, которую заметит хороший оценщик. Состояние почти идеальное, а происхождение подтверждено.",10100,"artisan,household,tier-2"
I0131,2,Подставка под одну горячую кружку,"Вещь едва пережила сырость, неумелый ремонт и прежнего владельца. Бытовая вещь честно показывает привычки и достаток прежнего дома.",78,Подставка под одну горячую кружку — домового порядка,"Оставленная рядом мелочь ночью складывается аккуратнее. Малое свойство относится именно к находке «Подставка под одну горячую кружку». Почти бесполезный вид скрывал редкую деталь, которую заметит хороший оценщик. Знаток заплатит за такую редкость намного больше обычного.",7956,"household,household,tier-2"
I0132,2,Ключ с намертво загнутым зубцом,"Вещь едва пережила сырость, неумелый ремонт и прежнего владельца. Форма бородки обещает замок, который, возможно, ещё существует.",148,Ключ с намертво загнутым зубцом — узнающий свой замок,"Металл становится тёплым рядом с подходящим замком. Малое свойство относится именно к находке «Ключ с намертво загнутым зубцом». Почти бесполезный вид скрывал редкую деталь, которую заметит хороший оценщик. Скрытая деталь делает находку одновременно полезной и коллекционной.",14800,"key,household,tier-2"
I0133,2,Схема расположения стульев в трактире,"Вещь едва пережила сырость, неумелый ремонт и прежнего владельца. Линии маршрута, пятна и исправления оставлены разными путешественниками.",108,Схема расположения стульев в трактире — не боящийся дождя,"Чернила не расплываются от воды и снова проявляются после высыхания. Малое свойство относится именно к находке «Схема расположения стульев в трактире». Почти бесполезный вид скрывал редкую деталь, которую заметит хороший оценщик. Редкая особенность раскрывается только при внимательном осмотре.",10908,"map,household,tier-2"
I0134,2,Кусочек кварца с жирным отпечатком,"Вещь едва пережила сырость, неумелый ремонт и прежнего владельца. Свет на гранях помогает отличить камень, стекло и удачную подделку.",88,Кусочек кварца с жирным отпечатком — с вечерним огоньком,"Камень даёт мягкий свет размером с пламя свечи. Малое свойство относится именно к находке «Кусочек кварца с жирным отпечатком». Почти бесполезный вид скрывал редкую деталь, которую заметит хороший оценщик. Даже неприметный вид не способен скрыть выдающееся качество.",8976,"gem,household,tier-2"
I0135,2,Яйцо из папье-маше с дребезгом внутри,"Вещь едва пережила сырость, неумелый ремонт и прежнего владельца. Назначение странности неочевидно, но детали явно сложились не случайно.",55,Яйцо из папье-маше с дребезгом внутри — с тихим бытовым чудом,"Странность проявляет небольшое, безопасное и полезное свойство. Малое свойство относится именно к находке «Яйцо из папье-маше с дребезгом внутри». Почти бесполезный вид скрывал редкую деталь, которую заметит хороший оценщик. Вещь сохранилась вопреки возрасту и явно переживёт нового хозяина.",5500,"oddity,household,tier-2"
I0136,2,Выцветший кухонный передник,"Вещь едва пережила сырость, неумелый ремонт и прежнего владельца. Ткань и швы соответствуют бытовому назначению.",118,Выцветший кухонный передник — не знающий свежих пятен,"Свежая грязь осыпается с материала после лёгкого встряхивания. Почти бесполезный вид скрывал редкую деталь, которую заметит хороший оценщик. История владельца повышает цену не меньше, чем материалы.",11918,"textile,household,tier-2"
I0137,2,Пара промокших войлочных стелек,"Вещь едва пережила сырость, неумелый ремонт и прежнего владельца. Подошва рассчитана на обычные улицы и домашний двор.",96,Пара промокших войлочных стелек — с сухой подкладкой,"Внутренняя сторона остаётся сухой после луж и мокрой травы. Почти бесполезный вид скрывал редкую деталь, которую заметит хороший оценщик. Работа мастера узнаваема и имеет подтверждённую ценность.",9792,"footwear,household,tier-2"
I0138,2,Оловянная тарелка с глубокой вмятиной,"Вещь едва пережила сырость, неумелый ремонт и прежнего владельца. Посуда сохранила следы семейных завтраков и трактирных ужинов.",68,Оловянная тарелка с глубокой вмятиной — тихого гостеприимства,"Она слегка согревает поданную еду, но не обжигает руки. Почти бесполезный вид скрывал редкую деталь, которую заметит хороший оценщик. Неожиданное свойство делает эту версию особенно желанной.",6800,"tableware,household,tier-2"
I0139,2,Чайник без крышки и носика,"Вещь едва пережила сырость, неумелый ремонт и прежнего владельца. Копоть и царапины не мешают использовать вещь на кухне.",132,Чайник без крышки и носика — ленивого повара,"Раз в день посуда самостоятельно доводит воду до кипения. Почти бесполезный вид скрывал редкую деталь, которую заметит хороший оценщик. На рынке редкостей за неё наверняка начнётся спор.",13332,"cookware,household,tier-2"
I0140,2,Черствая лепёшка в старой газете,"Вещь едва пережила сырость, неумелый ремонт и прежнего владельца. Продукт можно оценить по запаху, упаковке и свежести.",100,Черствая лепёшка в старой газете — домашнего вкуса,"Еда всегда кажется приготовленной по любимому семейному рецепту. Почти бесполезный вид скрывал редкую деталь, которую заметит хороший оценщик. Подлинная метка превращает случайную находку в событие.",10200,"food,household,tier-2"
I0141,2,Кувшин разбавленного до прозрачности эля,"Вещь едва пережила сырость, неумелый ремонт и прежнего владельца. Сосуд и напиток относятся к повседневному столу.",78,Кувшин разбавленного до прозрачности эля — с утренним бокалом,"На рассвете внутри появляется одна небольшая свежая порция. Почти бесполезный вид скрывал редкую деталь, которую заметит хороший оценщик. Состояние почти идеальное, а происхождение подтверждено.",7800,"drink,household,tier-2"
I0142,2,Мешок с запахом прошлогоднего лука,"Вещь едва пережила сырость, неумелый ремонт и прежнего владельца. Ёмкость подходит для хранения обычных домашних запасов.",148,Мешок с запахом прошлогоднего лука — бережной кладовой,"Сухое содержимое не отсыревает до следующей недели. Почти бесполезный вид скрывал редкую деталь, которую заметит хороший оценщик. Знаток заплатит за такую редкость намного больше обычного.",14948,"storage,household,tier-2"
I0143,2,Грифельная дощечка в царапинах,"Вещь едва пережила сырость, неумелый ремонт и прежнего владельца. Письменная принадлежность годится для счетов и коротких писем.",108,Грифельная дощечка в царапинах — без клякс,"Чернила ложатся ровно и не пачкают пальцы владельца. Почти бесполезный вид скрывал редкую деталь, которую заметит хороший оценщик. Скрытая деталь делает находку одновременно полезной и коллекционной.",11016,"stationery,household,tier-2"
I0144,2,Половина календаря позапрошлого года,"Вещь едва пережила сырость, неумелый ремонт и прежнего владельца. Издание предназначено для практического чтения или досуга.",88,Половина календаря позапрошлого года — с послушной закладкой,"Переплёт сам открывается на последней прочитанной странице. Почти бесполезный вид скрывал редкую деталь, которую заметит хороший оценщик. Редкая особенность раскрывается только при внимательном осмотре.",8800,"book,household,tier-2"
I0145,2,"Щётка, размазывающая грязь","Вещь едва пережила сырость, неумелый ремонт и прежнего владельца. Простая принадлежность помогает поддерживать дом в порядке.",55,"Щётка, размазывающая грязь — домового порядка","Раз в сутки она самостоятельно очищает небольшой участок комнаты. Почти бесполезный вид скрывал редкую деталь, которую заметит хороший оценщик. Даже неприметный вид не способен скрыть выдающееся качество.",5555,"cleaning,household,tier-2"
I0146,2,Роговой гребень с редкими зубьями,"Вещь едва пережила сырость, неумелый ремонт и прежнего владельца. Предмет хранит следы ежедневного ухода за собой.",118,Роговой гребень с редкими зубьями — опрятного утра,"Он распутывает волосы или бороду без боли и статического треска. Почти бесполезный вид скрывал редкую деталь, которую заметит хороший оценщик. Вещь сохранилась вопреки возрасту и явно переживёт нового хозяина.",12036,"grooming,household,tier-2"
I0147,2,Игольница из смятой пробки,"Вещь едва пережила сырость, неумелый ремонт и прежнего владельца. Набор пригоден для обычного ремонта одежды.",96,Игольница из смятой пробки — бережного шва,"Нить сама затягивает один короткий разрыв ткани в день. Почти бесполезный вид скрывал редкую деталь, которую заметит хороший оценщик. История владельца повышает цену не меньше, чем материалы.",9600,"sewing,household,tier-2"
I0148,2,Ключ для гайки неизвестного размера,"Вещь едва пережила сырость, неумелый ремонт и прежнего владельца. Инструмент решает одну понятную ремесленную задачу.",68,Ключ для гайки неизвестного размера — точной руки,"Рукоять исправляет небольшое дрожание при спокойной работе. Почти бесполезный вид скрывал редкую деталь, которую заметит хороший оценщик. Работа мастера узнаваема и имеет подтверждённую ценность.",6868,"hand-tool,household,tier-2"
I0149,2,Совок с дырой посередине,"Вещь едва пережила сырость, неумелый ремонт и прежнего владельца. Земля и растительный сок выдают работу возле дома или фермы.",132,Совок с дырой посередине — ровной грядки,"Инструмент оставляет особенно прямую борозду в рыхлой почве. Почти бесполезный вид скрывал редкую деталь, которую заметит хороший оценщик. Неожиданное свойство делает эту версию особенно желанной.",13464,"garden,household,tier-2"
I0150,2,Бумажная мерка для капусты,"Вещь едва пережила сырость, неумелый ремонт и прежнего владельца. Бирки и мерки связывают вещь с обычной рыночной торговлей.",100,Бумажная мерка для капусты — честной меры,"Она предупреждает тихим звоном о недовесе товара. Почти бесполезный вид скрывал редкую деталь, которую заметит хороший оценщик. На рынке редкостей за неё наверняка начнётся спор.",10000,"market,household,tier-2"
I0151,2,Глиняная фигурка кривого петуха,"Вещь едва пережила сырость, неумелый ремонт и прежнего владельца. Украшение рассчитано на комнату, лавку или трактирный зал.",78,Глиняная фигурка кривого петуха — уютного света,"Вечером оно даёт мягкий блеск яркостью не больше свечи. Почти бесполезный вид скрывал редкую деталь, которую заметит хороший оценщик. Подлинная метка превращает случайную находку в событие.",7878,"decor,household,tier-2"
I0152,2,"Тряпичный мяч, набитый соломой","Вещь едва пережила сырость, неумелый ремонт и прежнего владельца. Игрушка пережила игры, падения и несколько починок.",148,"Тряпичный мяч, набитый соломой — возвращающийся на полку","Ночью она сама оказывается на привычном месте. Почти бесполезный вид скрывал редкую деталь, которую заметит хороший оценщик. Состояние почти идеальное, а происхождение подтверждено.",15000,"toy,household,tier-2"
I0153,2,Свистулька с одной хриплой нотой,"Вещь едва пережила сырость, неумелый ремонт и прежнего владельца. Инструмент создан для домашней музыки и простых мелодий.",108,Свистулька с одной хриплой нотой — чистой первой ноты,"Первый звук всегда получается ясным и правильным. Почти бесполезный вид скрывал редкую деталь, которую заметит хороший оценщик. Знаток заплатит за такую редкость намного больше обычного.",10800,"music,household,tier-2"
I0154,2,"Подсвечник, залитый старым воском","Вещь едва пережила сырость, неумелый ремонт и прежнего владельца. Источник света удобен в комнате, сарае или на крыльце.",88,"Подсвечник, залитый старым воском — без копоти","Огонь не пачкает потолок и не гаснет от слабого сквозняка. Почти бесполезный вид скрывал редкую деталь, которую заметит хороший оценщик. Скрытая деталь делает находку одновременно полезной и коллекционной.",8888,"light,household,tier-2"
I0155,2,Комковатая подушка из грубой шерсти,"Вещь едва пережила сырость, неумелый ремонт и прежнего владельца. Мягкая вещь хранит тепло обычной спальни или постоялого двора.",55,Комковатая подушка из грубой шерсти — спокойного сна,"Рядом с ней быстрее забываются повседневные кошмары. Почти бесполезный вид скрывал редкую деталь, которую заметит хороший оценщик. Редкая особенность раскрывается только при внимательном осмотре.",5610,"bedding,household,tier-2"
I0156,2,Песочные часы без половины песка,"Вещь едва пережила сырость, неумелый ремонт и прежнего владельца. Механизм помогает следить за временем домашних дел.",118,Песочные часы без половины песка — точного часа,"Часы сами исправляют отставание на рассвете. Почти бесполезный вид скрывал редкую деталь, которую заметит хороший оценщик. Даже неприметный вид не способен скрыть выдающееся качество.",11800,"timepiece,household,tier-2"
I0157,2,Ремешок от дорожной сумки,"Вещь едва пережила сырость, неумелый ремонт и прежнего владельца. Предмет полезен обычному путнику, а не искателю битв.",96,Ремешок от дорожной сумки — помнящий ночлег,"На нём появляется отметка направления к последнему безопасному привалу. Почти бесполезный вид скрывал редкую деталь, которую заметит хороший оценщик. Вещь сохранилась вопреки возрасту и явно переживёт нового хозяина.",9696,"travel,household,tier-2"
I0158,2,Скребок для копыт с погнутой ручкой,"Вещь едва пережила сырость, неумелый ремонт и прежнего владельца. Вещь связана с уходом за домашним или тягловым животным.",68,Скребок для копыт с погнутой ручкой — доброй конюшни,"Зверь быстрее успокаивается во время привычного ухода. Почти бесполезный вид скрывал редкую деталь, которую заметит хороший оценщик. История владельца повышает цену не меньше, чем материалы.",6936,"animal,household,tier-2"
I0159,2,Щепотка отсыревшей корицы,"Вещь едва пережила сырость, неумелый ремонт и прежнего владельца. Запах и упаковка позволяют судить о качестве приправы.",132,Щепотка отсыревшей корицы — не теряющий аромата,"Щепотка восстанавливает запах после закрытия упаковки. Почти бесполезный вид скрывал редкую деталь, которую заметит хороший оценщик. Работа мастера узнаваема и имеет подтверждённую ценность.",13200,"spice,household,tier-2"
I0160,2,Коробочка с непонятной пуговицей,"Вещь едва пережила сырость, неумелый ремонт и прежнего владельца. Странная мелочь всё ещё принадлежит миру повседневных вещей.",100,Коробочка с непонятной пуговицей — с маленьким чудом,"Безопасная особенность помогает в одной домашней задаче. Почти бесполезный вид скрывал редкую деталь, которую заметит хороший оценщик. Неожиданное свойство делает эту версию особенно желанной.",10100,"curiosity,household,tier-2"
I0161,3,Соломенная шляпа после града,"Это узнаваемый хлам, который всё же можно осмотреть без щипцов. Форма и следы носки сразу выдают историю головного убора.",220,Соломенная шляпа после града — не промокающий под дождём,"Капли скатываются с него, не оставляя сырости. Малое свойство относится именно к находке «Соломенная шляпа после града». Хлам сохранил неожиданное свидетельство прошлого и получил вторую ценность. На рынке редкостей за неё наверняка начнётся спор.",11000,"headwear,household,tier-3"
I0162,3,Сапоги с картонными подмётками,"Это узнаваемый хлам, который всё же можно осмотреть без щипцов. Подошва, застёжки и размер делают эту обувь вполне узнаваемой находкой.",137,Сапоги с картонными подмётками — с сухими пятками,Обувь остаётся сухой даже после неглубокой лужи. Малое свойство относится именно к находке «Сапоги с картонными подмётками». Хлам сохранил неожиданное свидетельство прошлого и получил вторую ценность. Подлинная метка превращает случайную находку в событие.,6987,"footwear,household,tier-3"
I0163,3,"Шерстяной жилет, поеденный козой","Это узнаваемый хлам, который всё же можно осмотреть без щипцов. Ткань сохранила запах дороги, мастерской или прежнего хозяина.",295,"Шерстяной жилет, поеденный козой — не собирающий пятен","Свежая грязь сама осыпается с ткани через несколько минут. Малое свойство относится именно к находке «Шерстяной жилет, поеденный козой». Хлам сохранил неожиданное свидетельство прошлого и получил вторую ценность. Состояние почти идеальное, а происхождение подтверждено.",15340,"clothes,household,tier-3"
I0164,3,Ложка из потемневшего рога,"Это узнаваемый хлам, который всё же можно осмотреть без щипцов. На поверхности остались царапины от долгого и не всегда бережного использования.",240,Ложка из потемневшего рога — показывающий идеальную температуру,"Прибор слегка теплеет, когда еду уже можно есть без риска обжечься. Малое свойство относится именно к находке «Ложка из потемневшего рога». Хлам сохранил неожиданное свидетельство прошлого и получил вторую ценность. Знаток заплатит за такую редкость намного больше обычного.",12000,"utensil,household,tier-3"
I0165,3,Железная сковорода с выпуклым дном,"Это узнаваемый хлам, который всё же можно осмотреть без щипцов. Копоть и вмятины рассказывают о множестве походных ужинов.",170,Железная сковорода с выпуклым дном — ленивого повара,Раз в день посуда сама доводит воду до кипения. Малое свойство относится именно к находке «Железная сковорода с выпуклым дном». Хлам сохранил неожиданное свидетельство прошлого и получил вторую ценность. Скрытая деталь делает находку одновременно полезной и коллекционной.,8670,"cookware,household,tier-3"
I0166,3,Головка сыра с откушенным углом,"Это узнаваемый хлам, который всё же можно осмотреть без щипцов. Запах, корочка и упаковка позволяют оценить свежесть без рискованной дегустации.",330,Головка сыра с откушенным углом — с вкусом домашнего праздника,Даже маленькая порция насыщает и всегда кажется свежей. Малое свойство относится именно к находке «Головка сыра с откушенным углом». Хлам сохранил неожиданное свидетельство прошлого и получил вторую ценность. Редкая особенность раскрывается только при внимательном осмотре.,17160,"food,household,tier-3"
I0167,3,Кувшин кислого яблочного сидра,"Это узнаваемый хлам, который всё же можно осмотреть без щипцов. Содержимое тихо плещется и пахнет ровно так, как обещает его вид.",250,Кувшин кислого яблочного сидра — с последним бокалом,Каждое утро в сосуде снова появляется ровно один бокал напитка. Малое свойство относится именно к находке «Кувшин кислого яблочного сидра». Хлам сохранил неожиданное свидетельство прошлого и получил вторую ценность. Даже неприметный вид не способен скрыть выдающееся качество.,12500,"drink,household,tier-3"
I0168,3,Ожерелье из рыбьих позвонков,"Это узнаваемый хлам, который всё же можно осмотреть без щипцов. На кости заметны насечки, следы зубов или попытка придать ей смысл.",195,Ожерелье из рыбьих позвонков — честной игры,Костяшки не терпят подмены и тихо звенят при попытке жульничества. Малое свойство относится именно к находке «Ожерелье из рыбьих позвонков». Хлам сохранил неожиданное свидетельство прошлого и получил вторую ценность. Вещь сохранилась вопреки возрасту и явно переживёт нового хозяина.,9945,"bones,household,tier-3"
I0169,3,Киянка с рассохшейся ручкой,"Это узнаваемый хлам, который всё же можно осмотреть без щипцов. Баланс рукояти показывает, годится ли находка для настоящей работы.",370,Киянка с рассохшейся ручкой — находящий расшатанный гвоздь,"Рукоять едва заметно поворачивается к ближайшему расшатанному креплению. Малое свойство относится именно к находке «Киянка с рассохшейся ручкой». Хлам сохранил неожиданное свидетельство прошлого и получил вторую ценность. История владельца повышает цену не меньше, чем материалы.",18000,"hammer,household,tier-3"
I0170,3,Напёрсток размером с гоблинский палец,"Это узнаваемый хлам, который всё же можно осмотреть без щипцов. Тонкий инструмент пережил владельца и сохранил следы его ремесла.",270,Напёрсток размером с гоблинский палец — бережного шва,Игла не колет владельца и сама подхватывает оборванную нить. Малое свойство относится именно к находке «Напёрсток размером с гоблинский палец». Хлам сохранил неожиданное свидетельство прошлого и получил вторую ценность. Работа мастера узнаваема и имеет подтверждённую ценность.,13500,"needle,household,tier-3"
I0171,3,Моток линялой бельевой верёвки,"Это узнаваемый хлам, который всё же можно осмотреть без щипцов. Волокна, узлы и влажность честно показывают остаток прочности.",220,Моток линялой бельевой верёвки — помнящий узел,По слову хозяина верёвка повторяет последний завязанный на ней узел. Малое свойство относится именно к находке «Моток линялой бельевой верёвки». Хлам сохранил неожиданное свидетельство прошлого и получил вторую ценность. Неожиданное свойство делает эту версию особенно желанной.,11220,"rope,household,tier-3"
I0172,3,Жестяная коробка с песком,"Это узнаваемый хлам, который всё же можно осмотреть без щипцов. Внутри сохранился запах прежнего содержимого и немного дорожной пыли.",137,Жестяная коробка с песком — с карманом свежести,Продукты в одном небольшом отделении не черствеют до следующего утра. Малое свойство относится именно к находке «Жестяная коробка с песком». Хлам сохранил неожиданное свидетельство прошлого и получил вторую ценность. На рынке редкостей за неё наверняка начнётся спор.,7124,"container,household,tier-3"
I0173,3,Чернильница с засохшей синей коркой,"Это узнаваемый хлам, который всё же можно осмотреть без щипцов. Пятна чернил и состояние наконечника говорят о последнем писавшем.",295,Чернильница с засохшей синей коркой — без случайных клякс,Чернила ложатся ровно и исчезают с одежды после простого полоскания. Малое свойство относится именно к находке «Чернильница с засохшей синей коркой». Хлам сохранил неожиданное свидетельство прошлого и получил вторую ценность. Подлинная метка превращает случайную находку в событие.,14750,"writing,household,tier-3"
I0174,3,Песенник с половиной припевов,"Это узнаваемый хлам, который всё же можно осмотреть без щипцов. Переплёт, поля и закладки выдают, насколько часто текстом пользовались.",240,Песенник с половиной припевов — с послушной закладкой,"Книга сама открывается на последней прочитанной странице. Малое свойство относится именно к находке «Песенник с половиной припевов». Хлам сохранил неожиданное свидетельство прошлого и получил вторую ценность. Состояние почти идеальное, а происхождение подтверждено.",12240,"book,household,tier-3"
I0175,3,Список долгов неграмотного ростовщика,"Это узнаваемый хлам, который всё же можно осмотреть без щипцов. Печати и подписи можно изучить, хотя назначение бумаги не всегда радует.",170,Список долгов неграмотного ростовщика — видимый при свечах,Текст остаётся ясным даже в самом слабом бытовом освещении. Малое свойство относится именно к находке «Список долгов неграмотного ростовщика». Хлам сохранил неожиданное свидетельство прошлого и получил вторую ценность. Знаток заплатит за такую редкость намного больше обычного.,8840,"document,household,tier-3"
I0176,3,"Медяк, сплющенный вагонеткой","Это узнаваемый хлам, который всё же можно осмотреть без щипцов. Находка связана с мелкой торговлей и хранит следы множества рук.",330,"Медяк, сплющенный вагонеткой — считающий честную сдачу","Предмет тихо звенит, если в горсти не хватает одной мелкой монеты. Малое свойство относится именно к находке «Медяк, сплющенный вагонеткой». Хлам сохранил неожиданное свидетельство прошлого и получил вторую ценность. Скрытая деталь делает находку одновременно полезной и коллекционной.",16500,"trade,household,tier-3"
I0177,3,Браслет из крашеных косточек,"Это узнаваемый хлам, который всё же можно осмотреть без щипцов. Даже при беглом осмотре видны качество оправы и состояние металла.",250,Браслет из крашеных косточек — мягкого вечернего блеска,"Украшение светится как свеча, но лишь достаточно, чтобы увидеть руки. Малое свойство относится именно к находке «Браслет из крашеных косточек». Хлам сохранил неожиданное свидетельство прошлого и получил вторую ценность. Редкая особенность раскрывается только при внимательном осмотре.",12750,"jewelry,household,tier-3"
I0178,3,Деревянный волчок с кривой осью,"Это узнаваемый хлам, который всё же можно осмотреть без щипцов. Игрушка пережила шумные игры и несколько неумелых починок.",195,Деревянный волчок с кривой осью — возвращающийся на полку,Оставленная на полу игрушка ночью сама оказывается на прежнем месте. Малое свойство относится именно к находке «Деревянный волчок с кривой осью». Хлам сохранил неожиданное свидетельство прошлого и получил вторую ценность. Даже неприметный вид не способен скрыть выдающееся качество.,10140,"toy,household,tier-3"
I0179,3,Ладанка с пустым кармашком,"Это узнаваемый хлам, который всё же можно осмотреть без щипцов. Символы нанесены старательно, хотя их смысл понятен не каждому жрецу.",370,Ладанка с пустым кармашком — спокойного сна,Рядом с вещью бытовые кошмары становятся тише и быстрее забываются. Малое свойство относится именно к находке «Ладанка с пустым кармашком». Хлам сохранил неожиданное свидетельство прошлого и получил вторую ценность. Вещь сохранилась вопреки возрасту и явно переживёт нового хозяина.,18000,"religion,household,tier-3"
I0180,3,Трещотка ночного сторожа,"Это узнаваемый хлам, который всё же можно осмотреть без щипцов. Звук зависит от состояния дерева, металла и терпения исполнителя.",270,Трещотка ночного сторожа — чистого первого звука,"Первая нота всегда звучит правильно, даже после долгого хранения. Малое свойство относится именно к находке «Трещотка ночного сторожа». Хлам сохранил неожиданное свидетельство прошлого и получил вторую ценность. История владельца повышает цену не меньше, чем материалы.",13770,"music,household,tier-3"
I0181,3,Сеть для ловли очень медленных птиц,"Это узнаваемый хлам, который всё же можно осмотреть без щипцов. Потёртости показывают, на какую добычу и как часто с вещью ходили.",220,Сеть для ловли очень медленных птиц — бережного ловца,"Снасть предупреждает, если в неё может попасть домашнее животное. Малое свойство относится именно к находке «Сеть для ловли очень медленных птиц». Хлам сохранил неожиданное свидетельство прошлого и получил вторую ценность. Работа мастера узнаваема и имеет подтверждённую ценность.",11440,"hunting,household,tier-3"
I0182,3,Катушка лески из конского волоса,"Это узнаваемый хлам, который всё же можно осмотреть без щипцов. Соль, леска и чешуя оставили на снасти честную биографию.",137,Катушка лески из конского волоса — чувствующий поклёвку,"Леска мягко светится, когда рыба действительно касается наживки. Малое свойство относится именно к находке «Катушка лески из конского волоса». Хлам сохранил неожиданное свидетельство прошлого и получил вторую ценность. Неожиданное свойство делает эту версию особенно желанной.",6850,"fishing,household,tier-3"
I0183,3,Кусок паруса с нецензурной заплатой,"Это узнаваемый хлам, который всё же можно осмотреть без щипцов. Запах смолы и соли выдаёт долгую службу рядом с водой.",295,Кусок паруса с нецензурной заплатой — не знающий плесени,"Соль и сырость не портят материал, пока вещь регулярно используют. Малое свойство относится именно к находке «Кусок паруса с нецензурной заплатой». Хлам сохранил неожиданное свидетельство прошлого и получил вторую ценность. На рынке редкостей за неё наверняка начнётся спор.",15045,"nautical,household,tier-3"
I0184,3,Мотыга с зазубренным лезвием,"Это узнаваемый хлам, который всё же можно осмотреть без щипцов. Земля в щелях и затёртая рукоять говорят о привычной работе.",240,Мотыга с зазубренным лезвием — ровной борозды,Инструмент оставляет особенно прямой след на рыхлой земле. Малое свойство относится именно к находке «Мотыга с зазубренным лезвием». Хлам сохранил неожиданное свидетельство прошлого и получил вторую ценность. Подлинная метка превращает случайную находку в событие.,12480,"farming,household,tier-3"
I0185,3,Шахтёрский клин с погнутым концом,"Это узнаваемый хлам, который всё же можно осмотреть без щипцов. Каменная пыль забилась в каждую выемку этой шахтёрской вещи.",170,Шахтёрский клин с погнутым концом — чувствующий пустоты,"Лёгкий звон предупреждает о полости сразу за тонкой стенкой. Малое свойство относится именно к находке «Шахтёрский клин с погнутым концом». Хлам сохранил неожиданное свидетельство прошлого и получил вторую ценность. Состояние почти идеальное, а происхождение подтверждено.",8500,"mining,household,tier-3"
I0186,3,"Стамеска, заточенная о кирпич","Это узнаваемый хлам, который всё же можно осмотреть без щипцов. Смола и тонкая стружка сохранились возле рабочих кромок.",330,"Стамеска, заточенная о кирпич — без заноз","Обработанное им дерево остаётся гладким и не цепляет ладони. Малое свойство относится именно к находке «Стамеска, заточенная о кирпич». Хлам сохранил неожиданное свидетельство прошлого и получил вторую ценность. Знаток заплатит за такую редкость намного больше обычного.",16830,"woodcraft,household,tier-3"
I0187,3,Клещи с постоянно слипающимися губками,"Это узнаваемый хлам, который всё же можно осмотреть без щипцов. Окалина и следы жара не оставляют сомнений в кузнечном прошлом.",250,Клещи с постоянно слипающимися губками — умеренного жара,Рукоять не нагревается от обычной печи и защищает ладонь мастера. Малое свойство относится именно к находке «Клещи с постоянно слипающимися губками». Хлам сохранил неожиданное свидетельство прошлого и получил вторую ценность. Скрытая деталь делает находку одновременно полезной и коллекционной.,13000,"smithing,household,tier-3"
I0188,3,Воровской мел для одной отметки,"Это узнаваемый хлам, который всё же можно осмотреть без щипцов. Размер и гибкость намекают на задачи, о которых не пишут в накладных.",195,Воровской мел для одной отметки — послушного замка,"Механизм помогает открыть только простые замки, к которым у владельца есть ключ. Малое свойство относится именно к находке «Воровской мел для одной отметки». Хлам сохранил неожиданное свидетельство прошлого и получил вторую ценность. Редкая особенность раскрывается только при внимательном осмотре.",9750,"hardware,household,tier-3"
I0189,3,Колба с выдохшимся уксусным дымом,"Это узнаваемый хлам, который всё же можно осмотреть без щипцов. Осадок и цвет позволяют строить догадки, но не советуют пробовать содержимое.",370,Колба с выдохшимся уксусным дымом — чистого состава,"Средство меняет цвет, если испортилось или стало опасным. Малое свойство относится именно к находке «Колба с выдохшимся уксусным дымом». Хлам сохранил неожиданное свидетельство прошлого и получил вторую ценность. Даже неприметный вид не способен скрыть выдающееся качество.",18000,"household-supplies,household,tier-3"
I0190,3,Деревянная коробочка от нюхательной соли,"Это узнаваемый хлам, который всё же можно осмотреть без щипцов. Запах трав и аккуратность упаковки показывают уровень прежнего лекаря.",270,Деревянная коробочка от нюхательной соли — домашнего лекаря,Принадлежности остаются чистыми и пахнут свежими травами. Малое свойство относится именно к находке «Деревянная коробочка от нюхательной соли». Хлам сохранил неожиданное свидетельство прошлого и получил вторую ценность. Вещь сохранилась вопреки возрасту и явно переживёт нового хозяина.,14040,"medicine,household,tier-3"
I0191,3,"Одеяло, пахнущее костром и козой","Это узнаваемый хлам, который всё же можно осмотреть без щипцов. Пыль дорог и следы дождя видны сильнее любой торговой марки.",220,"Одеяло, пахнущее костром и козой — сухого привала","Под вещью образуется небольшой сухой участок для сидения. Малое свойство относится именно к находке «Одеяло, пахнущее костром и козой». Хлам сохранил неожиданное свидетельство прошлого и получил вторую ценность. История владельца повышает цену не меньше, чем материалы.",11000,"camping,household,tier-3"
I0192,3,Масляная лампа с трещиной,"Это узнаваемый хлам, который всё же можно осмотреть без щипцов. Копоть вокруг огня рассказывает, насколько ровно он когда-то горел.",137,Масляная лампа с трещиной — тихого пламени,Огонёк не коптит и не гаснет от слабого сквозняка. Малое свойство относится именно к находке «Масляная лампа с трещиной». Хлам сохранил неожиданное свидетельство прошлого и получил вторую ценность. Работа мастера узнаваема и имеет подтверждённую ценность.,6987,"light,household,tier-3"
I0193,3,"Карта звёзд, нарисованная днём","Это узнаваемый хлам, который всё же можно осмотреть без щипцов. Стрелки, шкалы и потёртый корпус ещё могут подсказать направление.",295,"Карта звёзд, нарисованная днём — верной дороги домой","Стрелка может указать направление к последнему безопасному ночлегу. Малое свойство относится именно к находке «Карта звёзд, нарисованная днём». Хлам сохранил неожиданное свидетельство прошлого и получил вторую ценность. Неожиданное свойство делает эту версию особенно желанной.",15340,"navigation,household,tier-3"
I0194,3,Кожаный налокотник с дырой,"Это узнаваемый хлам, который всё же можно осмотреть без щипцов. Материал защищает от обычной грязи и непогоды, не превращая вещь в доспех.",240,Кожаный налокотник с дырой — не боящийся рабочей грязи,Пыль и стружка легко стряхиваются после окончания работы. Малое свойство относится именно к находке «Кожаный налокотник с дырой». Хлам сохранил неожиданное свидетельство прошлого и получил вторую ценность. На рынке редкостей за неё наверняка начнётся спор.,12000,"workwear,household,tier-3"
I0195,3,Плетёный щит после встречи с кабаном,"Это узнаваемый хлам, который всё же можно осмотреть без щипцов. Форма рассчитана на мирную домашнюю или ремесленную работу.",170,Плетёный щит после встречи с кабаном — домового порядка,Оставленная рядом мелочь ночью складывается аккуратнее. Малое свойство относится именно к находке «Плетёный щит после встречи с кабаном». Хлам сохранил неожиданное свидетельство прошлого и получил вторую ценность. Подлинная метка превращает случайную находку в событие.,8670,"household,household,tier-3"
I0196,3,Костяной нож с обломанным остриём,"Это узнаваемый хлам, который всё же можно осмотреть без щипцов. Кромка нужна на кухне или в мастерской, а не в бою.",330,Костяной нож с обломанным остриём — с вечной кухонной заточкой,"Кромка долго остаётся острой на хлебе, овощах и бечёвке. Малое свойство относится именно к находке «Костяной нож с обломанным остриём». Хлам сохранил неожиданное свидетельство прошлого и получил вторую ценность. Состояние почти идеальное, а происхождение подтверждено.",17160,"kitchen,household,tier-3"
I0197,3,Меч из мягкой ярмарочной жести,"Это узнаваемый хлам, который всё же можно осмотреть без щипцов. Вещица служит украшением комнаты и показывает достаток владельца.",250,Меч из мягкой ярмарочной жести — с памятью комнаты,"Украшение принимает оттенок занавесей, возле которых его оставили. Малое свойство относится именно к находке «Меч из мягкой ярмарочной жести». Хлам сохранил неожиданное свидетельство прошлого и получил вторую ценность. Знаток заплатит за такую редкость намного больше обычного.",12500,"decor,household,tier-3"
I0198,3,"Колун, застрявший в собственном чурбаке","Это узнаваемый хлам, который всё же можно осмотреть без щипцов. Рабочий инструмент удобно лежит в руке и решает повседневную задачу.",195,"Колун, застрявший в собственном чурбаке — бережного мастера","Инструмент не соскальзывает при простой бытовой работе. Малое свойство относится именно к находке «Колун, застрявший в собственном чурбаке». Хлам сохранил неожиданное свидетельство прошлого и получил вторую ценность. Скрытая деталь делает находку одновременно полезной и коллекционной.",9945,"hand-tool,household,tier-3"
I0199,3,Учебный лук для ребёнка великана,"Это узнаваемый хлам, который всё же можно осмотреть без щипцов. Гибкая деталь пригодится ремесленнику, упаковщику или хозяину дома.",370,Учебный лук для ребёнка великана — ровной меры,Гибкая деталь помогает отмерить одинаковые отрезки материала. Малое свойство относится именно к находке «Учебный лук для ребёнка великана». Хлам сохранил неожиданное свидетельство прошлого и получил вторую ценность. Редкая особенность раскрывается только при внимательном осмотре.,18000,"craft,household,tier-3"
I0200,3,Колчан с тремя кривыми стрелами,"Это узнаваемый хлам, который всё же можно осмотреть без щипцов. Комплект расходников аккуратно собран для мирного ремонта.",270,Колчан с тремя кривыми стрелами — самособирающийся набор,Рассыпанные рядом детали к утру снова лежат в упаковке. Малое свойство относится именно к находке «Колчан с тремя кривыми стрелами». Хлам сохранил неожиданное свидетельство прошлого и получил вторую ценность. Даже неприметный вид не способен скрыть выдающееся качество.,13500,"supplies,household,tier-3"
I0201,3,Сучковатая трость с медным набалдашником,"Это узнаваемый хлам, который всё же можно осмотреть без щипцов. Трость или подпорка помогает в дороге и возле дома.",220,Сучковатая трость с медным набалдашником — лёгкого шага,Трость снимает усталость после последней лиги спокойной дороги. Малое свойство относится именно к находке «Сучковатая трость с медным набалдашником». Хлам сохранил неожиданное свидетельство прошлого и получил вторую ценность. Вещь сохранилась вопреки возрасту и явно переживёт нового хозяина.,11220,"walking,household,tier-3"
I0202,3,"Подкова, слишком маленькая даже для пони","Это узнаваемый хлам, который всё же можно осмотреть без щипцов. Ремни и пряжки подогнаны под конкретного зверя и долгую дорогу.",137,"Подкова, слишком маленькая даже для пони — доброй конюшни","Животное быстрее успокаивается при привычной работе с этой вещью. Малое свойство относится именно к находке «Подкова, слишком маленькая даже для пони». Хлам сохранил неожиданное свидетельство прошлого и получил вторую ценность. История владельца повышает цену не меньше, чем материалы.",7124,"animal,household,tier-3"
I0203,3,"Монета, шепчущая только «нет»","Это узнаваемый хлам, который всё же можно осмотреть без щипцов. Едва заметная странность отличает вещицу от совершенно обычного хлама.",295,"Монета, шепчущая только «нет» — с полезной странностью","Малое чудо безопасно помогает в одной повседневной задаче. Малое свойство относится именно к находке «Монета, шепчущая только «нет»». Хлам сохранил неожиданное свидетельство прошлого и получил вторую ценность. Работа мастера узнаваема и имеет подтверждённую ценность.",14750,"curiosity,household,tier-3"
I0204,3,Гоблинский чайник с двумя носиками,"Это узнаваемый хлам, который всё же можно осмотреть без щипцов. Гоблинская практичность смешана здесь с самоуверенным украшательством.",240,Гоблинский чайник с двумя носиками — гоблинского умельца,Смешная хитрость неожиданно хорошо справляется с бытовой мелочью. Малое свойство относится именно к находке «Гоблинский чайник с двумя носиками». Хлам сохранил неожиданное свидетельство прошлого и получил вторую ценность. Неожиданное свойство делает эту версию особенно желанной.,12240,"goblin,household,tier-3"
I0205,3,Дварфская расчёска для бороды без зубьев,"Это узнаваемый хлам, который всё же можно осмотреть без щипцов. Дворфская манера видна по тяжести, рунам и упрямой прочности.",170,"Дварфская расчёска для бороды без зубьев — крепче, чем выглядит",Дворфская работа выдерживает падения и обычный жар мастерской. Малое свойство относится именно к находке «Дварфская расчёска для бороды без зубьев». Хлам сохранил неожиданное свидетельство прошлого и получил вторую ценность. На рынке редкостей за неё наверняка начнётся спор.,8840,"dwarf,household,tier-3"
I0206,3,Эльфийский гребень грубой подделки,"Это узнаваемый хлам, который всё же можно осмотреть без щипцов. Эльфийская работа узнаётся по лёгким линиям и вниманию к мелочам.",330,Эльфийский гребень грубой подделки — эльфийской аккуратности,Вещь сама сохраняет чистоту и тонкий лесной аромат. Малое свойство относится именно к находке «Эльфийский гребень грубой подделки». Хлам сохранил неожиданное свидетельство прошлого и получил вторую ценность. Подлинная метка превращает случайную находку в событие.,16500,"elf,household,tier-3"
I0207,3,Пехотная фляга с привкусом лука,"Это узнаваемый хлам, который всё же можно осмотреть без щипцов. Человеческая вещь хранит понятные следы службы, ремонта и дороги.",250,Пехотная фляга с привкусом лука — с меткой хорошего хозяина,"Незаметная деталь делает повседневное использование особенно удобным. Малое свойство относится именно к находке «Пехотная фляга с привкусом лука». Хлам сохранил неожиданное свидетельство прошлого и получил вторую ценность. Состояние почти идеальное, а происхождение подтверждено.",12750,"human,household,tier-3"
I0208,3,Бирка от потерянного дорожного сундука,"Это узнаваемый хлам, который всё же можно осмотреть без щипцов. Каждая царапина отмечает новый участок долгого маршрута.",195,Бирка от потерянного дорожного сундука — помнящий последний ночлег,На поверхности появляется маленькая отметка направления к последнему привалу. Малое свойство относится именно к находке «Бирка от потерянного дорожного сундука». Хлам сохранил неожиданное свидетельство прошлого и получил вторую ценность. Знаток заплатит за такую редкость намного больше обычного.,10140,"travel,household,tier-3"
I0209,3,Коробейничья гирька неправильного веса,"Это узнаваемый хлам, который всё же можно осмотреть без щипцов. Бирки и упаковка выдают товар, который когда-то ждал покупателя.",370,Коробейничья гирька неправильного веса — с честной мерой,"Упаковка предупреждает, если товара внутри стало меньше указанного. Малое свойство относится именно к находке «Коробейничья гирька неправильного веса». Хлам сохранил неожиданное свидетельство прошлого и получил вторую ценность. Скрытая деталь делает находку одновременно полезной и коллекционной.",18000,"merchant,household,tier-3"
I0210,3,Сапожное шило с тупым концом,"Это узнаваемый хлам, который всё же можно осмотреть без щипцов. Следы краски, глины или клея точно называют ремесло владельца.",270,Сапожное шило с тупым концом — точной руки,Инструмент слегка исправляет мелкие дрожания при спокойной работе. Малое свойство относится именно к находке «Сапожное шило с тупым концом». Хлам сохранил неожиданное свидетельство прошлого и получил вторую ценность. Редкая особенность раскрывается только при внимательном осмотре.,13770,"artisan,household,tier-3"
I0211,3,Щётка для камина с обгоревшей щетиной,"Это узнаваемый хлам, который всё же можно осмотреть без щипцов. Бытовая вещь честно показывает привычки и достаток прежнего дома.",220,Щётка для камина с обгоревшей щетиной — домового порядка,Оставленная рядом мелочь ночью складывается аккуратнее. Малое свойство относится именно к находке «Щётка для камина с обгоревшей щетиной». Хлам сохранил неожиданное свидетельство прошлого и получил вторую ценность. Даже неприметный вид не способен скрыть выдающееся качество.,11440,"household,household,tier-3"
I0212,3,Железный ключ дешёвого навесного замка,"Это узнаваемый хлам, который всё же можно осмотреть без щипцов. Форма бородки обещает замок, который, возможно, ещё существует.",137,Железный ключ дешёвого навесного замка — узнающий свой замок,Металл становится тёплым рядом с подходящим замком. Малое свойство относится именно к находке «Железный ключ дешёвого навесного замка». Хлам сохранил неожиданное свидетельство прошлого и получил вторую ценность. Вещь сохранилась вопреки возрасту и явно переживёт нового хозяина.,6850,"key,household,tier-3"
I0213,3,"Карта грибных мест, залитая супом","Это узнаваемый хлам, который всё же можно осмотреть без щипцов. Линии маршрута, пятна и исправления оставлены разными путешественниками.",295,"Карта грибных мест, залитая супом — не боящийся дождя","Чернила не расплываются от воды и снова проявляются после высыхания. Малое свойство относится именно к находке «Карта грибных мест, залитая супом». Хлам сохранил неожиданное свидетельство прошлого и получил вторую ценность. История владельца повышает цену не меньше, чем материалы.",15045,"map,household,tier-3"
I0214,3,Агат с естественным рисунком картофелины,"Это узнаваемый хлам, который всё же можно осмотреть без щипцов. Свет на гранях помогает отличить камень, стекло и удачную подделку.",240,Агат с естественным рисунком картофелины — с вечерним огоньком,Камень даёт мягкий свет размером с пламя свечи. Малое свойство относится именно к находке «Агат с естественным рисунком картофелины». Хлам сохранил неожиданное свидетельство прошлого и получил вторую ценность. Работа мастера узнаваема и имеет подтверждённую ценность.,12480,"gem,household,tier-3"
I0215,3,Механическая мышь без заводной пружины,"Это узнаваемый хлам, который всё же можно осмотреть без щипцов. Назначение странности неочевидно, но детали явно сложились не случайно.",170,Механическая мышь без заводной пружины — с тихим бытовым чудом,"Странность проявляет небольшое, безопасное и полезное свойство. Малое свойство относится именно к находке «Механическая мышь без заводной пружины». Хлам сохранил неожиданное свидетельство прошлого и получил вторую ценность. Неожиданное свойство делает эту версию особенно желанной.",8500,"oddity,household,tier-3"
I0216,3,Заштопанный жилет ночного сторожа,"Это узнаваемый хлам, который всё же можно осмотреть без щипцов. Ткань и швы соответствуют бытовому назначению.",330,Заштопанный жилет ночного сторожа — не знающий свежих пятен,Свежая грязь осыпается с материала после лёгкого встряхивания. Хлам сохранил неожиданное свидетельство прошлого и получил вторую ценность. На рынке редкостей за неё наверняка начнётся спор.,16830,"textile,household,tier-3"
I0217,3,Скрипучие башмаки с верёвочными шнурками,"Это узнаваемый хлам, который всё же можно осмотреть без щипцов. Подошва рассчитана на обычные улицы и домашний двор.",250,Скрипучие башмаки с верёвочными шнурками — с сухой подкладкой,Внутренняя сторона остаётся сухой после луж и мокрой травы. Хлам сохранил неожиданное свидетельство прошлого и получил вторую ценность. Подлинная метка превращает случайную находку в событие.,13000,"footwear,household,tier-3"
I0218,3,Две разные глиняные чашки,"Это узнаваемый хлам, который всё же можно осмотреть без щипцов. Посуда сохранила следы семейных завтраков и трактирных ужинов.",195,Две разные глиняные чашки — тихого гостеприимства,"Она слегка согревает поданную еду, но не обжигает руки. Хлам сохранил неожиданное свидетельство прошлого и получил вторую ценность. Состояние почти идеальное, а происхождение подтверждено.",9750,"tableware,household,tier-3"
I0219,3,Ковшик с обугленной ручкой,"Это узнаваемый хлам, который всё же можно осмотреть без щипцов. Копоть и царапины не мешают использовать вещь на кухне.",370,Ковшик с обугленной ручкой — ленивого повара,Раз в день посуда самостоятельно доводит воду до кипения. Хлам сохранил неожиданное свидетельство прошлого и получил вторую ценность. Знаток заплатит за такую редкость намного больше обычного.,18000,"cookware,household,tier-3"
I0220,3,"Копчёная рыбёшка, завёрнутая в лист","Это узнаваемый хлам, который всё же можно осмотреть без щипцов. Продукт можно оценить по запаху, упаковке и свежести.",270,"Копчёная рыбёшка, завёрнутая в лист — домашнего вкуса",Еда всегда кажется приготовленной по любимому семейному рецепту. Хлам сохранил неожиданное свидетельство прошлого и получил вторую ценность. Скрытая деталь делает находку одновременно полезной и коллекционной.,14040,"food,household,tier-3"
I0221,3,Бутылка кислого сливового морса,"Это узнаваемый хлам, который всё же можно осмотреть без щипцов. Сосуд и напиток относятся к повседневному столу.",220,Бутылка кислого сливового морса — с утренним бокалом,На рассвете внутри появляется одна небольшая свежая порция. Хлам сохранил неожиданное свидетельство прошлого и получил вторую ценность. Редкая особенность раскрывается только при внимательном осмотре.,11000,"drink,household,tier-3"
I0222,3,Плетёный короб с перекошенной крышкой,"Это узнаваемый хлам, который всё же можно осмотреть без щипцов. Ёмкость подходит для хранения обычных домашних запасов.",137,Плетёный короб с перекошенной крышкой — бережной кладовой,Сухое содержимое не отсыревает до следующей недели. Хлам сохранил неожиданное свидетельство прошлого и получил вторую ценность. Даже неприметный вид не способен скрыть выдающееся качество.,6987,"storage,household,tier-3"
I0223,3,Пучок дешёвых писчих перьев,"Это узнаваемый хлам, который всё же можно осмотреть без щипцов. Письменная принадлежность годится для счетов и коротких писем.",295,Пучок дешёвых писчих перьев — без клякс,Чернила ложатся ровно и не пачкают пальцы владельца. Хлам сохранил неожиданное свидетельство прошлого и получил вторую ценность. Вещь сохранилась вопреки возрасту и явно переживёт нового хозяина.,15340,"stationery,household,tier-3"
I0224,3,Брошюра о разведении особенно тихих гусей,"Это узнаваемый хлам, который всё же можно осмотреть без щипцов. Издание предназначено для практического чтения или досуга.",240,Брошюра о разведении особенно тихих гусей — с послушной закладкой,"Переплёт сам открывается на последней прочитанной странице. Хлам сохранил неожиданное свидетельство прошлого и получил вторую ценность. История владельца повышает цену не меньше, чем материалы.",12000,"book,household,tier-3"
I0225,3,Метёлка из прошлогоднего вереска,"Это узнаваемый хлам, который всё же можно осмотреть без щипцов. Простая принадлежность помогает поддерживать дом в порядке.",170,Метёлка из прошлогоднего вереска — домового порядка,Раз в сутки она самостоятельно очищает небольшой участок комнаты. Хлам сохранил неожиданное свидетельство прошлого и получил вторую ценность. Работа мастера узнаваема и имеет подтверждённую ценность.,8670,"cleaning,household,tier-3"
I0226,3,Зеркальце в мутной жестяной оправе,"Это узнаваемый хлам, который всё же можно осмотреть без щипцов. Предмет хранит следы ежедневного ухода за собой.",330,Зеркальце в мутной жестяной оправе — опрятного утра,Он распутывает волосы или бороду без боли и статического треска. Хлам сохранил неожиданное свидетельство прошлого и получил вторую ценность. Неожиданное свойство делает эту версию особенно желанной.,17160,"grooming,household,tier-3"
I0227,3,Набор разноцветных заплат,"Это узнаваемый хлам, который всё же можно осмотреть без щипцов. Набор пригоден для обычного ремонта одежды.",250,Набор разноцветных заплат — бережного шва,Нить сама затягивает один короткий разрыв ткани в день. Хлам сохранил неожиданное свидетельство прошлого и получил вторую ценность. На рынке редкостей за неё наверняка начнётся спор.,12500,"sewing,household,tier-3"
I0228,3,Клещи с разболтанным шарниром,"Это узнаваемый хлам, который всё же можно осмотреть без щипцов. Инструмент решает одну понятную ремесленную задачу.",195,Клещи с разболтанным шарниром — точной руки,Рукоять исправляет небольшое дрожание при спокойной работе. Хлам сохранил неожиданное свидетельство прошлого и получил вторую ценность. Подлинная метка превращает случайную находку в событие.,9945,"hand-tool,household,tier-3"
I0229,3,Ржавая лейка с деревянной пробкой,"Это узнаваемый хлам, который всё же можно осмотреть без щипцов. Земля и растительный сок выдают работу возле дома или фермы.",370,Ржавая лейка с деревянной пробкой — ровной грядки,"Инструмент оставляет особенно прямую борозду в рыхлой почве. Хлам сохранил неожиданное свидетельство прошлого и получил вторую ценность. Состояние почти идеальное, а происхождение подтверждено.",18000,"garden,household,tier-3"
I0230,3,Складная мерка уличного торговца,"Это узнаваемый хлам, который всё же можно осмотреть без щипцов. Бирки и мерки связывают вещь с обычной рыночной торговлей.",270,Складная мерка уличного торговца — честной меры,Она предупреждает тихим звоном о недовесе товара. Хлам сохранил неожиданное свидетельство прошлого и получил вторую ценность. Знаток заплатит за такую редкость намного больше обычного.,13500,"market,household,tier-3"
I0231,3,Лубочная картинка морского чудовища,"Это узнаваемый хлам, который всё же можно осмотреть без щипцов. Украшение рассчитано на комнату, лавку или трактирный зал.",220,Лубочная картинка морского чудовища — уютного света,Вечером оно даёт мягкий блеск яркостью не больше свечи. Хлам сохранил неожиданное свидетельство прошлого и получил вторую ценность. Скрытая деталь делает находку одновременно полезной и коллекционной.,11220,"decor,household,tier-3"
I0232,3,Деревянная кукла трактирной служанки,"Это узнаваемый хлам, который всё же можно осмотреть без щипцов. Игрушка пережила игры, падения и несколько починок.",137,Деревянная кукла трактирной служанки — возвращающийся на полку,Ночью она сама оказывается на привычном месте. Хлам сохранил неожиданное свидетельство прошлого и получил вторую ценность. Редкая особенность раскрывается только при внимательном осмотре.,7124,"toy,household,tier-3"
I0233,3,Глиняная окарина с трещиной,"Это узнаваемый хлам, который всё же можно осмотреть без щипцов. Инструмент создан для домашней музыки и простых мелодий.",295,Глиняная окарина с трещиной — чистой первой ноты,Первый звук всегда получается ясным и правильным. Хлам сохранил неожиданное свидетельство прошлого и получил вторую ценность. Даже неприметный вид не способен скрыть выдающееся качество.,14750,"music,household,tier-3"
I0234,3,Жестяная лампадка с коротким фитилём,"Это узнаваемый хлам, который всё же можно осмотреть без щипцов. Источник света удобен в комнате, сарае или на крыльце.",240,Жестяная лампадка с коротким фитилём — без копоти,Огонь не пачкает потолок и не гаснет от слабого сквозняка. Хлам сохранил неожиданное свидетельство прошлого и получил вторую ценность. Вещь сохранилась вопреки возрасту и явно переживёт нового хозяина.,12240,"light,household,tier-3"
I0235,3,Тонкое одеяло с шерстяной заплатой,"Это узнаваемый хлам, который всё же можно осмотреть без щипцов. Мягкая вещь хранит тепло обычной спальни или постоялого двора.",170,Тонкое одеяло с шерстяной заплатой — спокойного сна,"Рядом с ней быстрее забываются повседневные кошмары. Хлам сохранил неожиданное свидетельство прошлого и получил вторую ценность. История владельца повышает цену не меньше, чем материалы.",8840,"bedding,household,tier-3"
I0236,3,"Будильник, звенящий на полчаса позже","Это узнаваемый хлам, который всё же можно осмотреть без щипцов. Механизм помогает следить за временем домашних дел.",330,"Будильник, звенящий на полчаса позже — точного часа",Часы сами исправляют отставание на рассвете. Хлам сохранил неожиданное свидетельство прошлого и получил вторую ценность. Работа мастера узнаваема и имеет подтверждённую ценность.,16500,"timepiece,household,tier-3"
I0237,3,Холщовый чехол для дорожной кружки,"Это узнаваемый хлам, который всё же можно осмотреть без щипцов. Предмет полезен обычному путнику, а не искателю битв.",250,Холщовый чехол для дорожной кружки — помнящий ночлег,На нём появляется отметка направления к последнему безопасному привалу. Хлам сохранил неожиданное свидетельство прошлого и получил вторую ценность. Неожиданное свойство делает эту версию особенно желанной.,12750,"travel,household,tier-3"
I0238,3,Мешочек сушёной моркови для пони,"Это узнаваемый хлам, который всё же можно осмотреть без щипцов. Вещь связана с уходом за домашним или тягловым животным.",195,Мешочек сушёной моркови для пони — доброй конюшни,Зверь быстрее успокаивается во время привычного ухода. Хлам сохранил неожиданное свидетельство прошлого и получил вторую ценность. На рынке редкостей за неё наверняка начнётся спор.,10140,"animal,household,tier-3"
I0239,3,Связка старого лаврового листа,"Это узнаваемый хлам, который всё же можно осмотреть без щипцов. Запах и упаковка позволяют судить о качестве приправы.",370,Связка старого лаврового листа — не теряющий аромата,Щепотка восстанавливает запах после закрытия упаковки. Хлам сохранил неожиданное свидетельство прошлого и получил вторую ценность. Подлинная метка превращает случайную находку в событие.,18000,"spice,household,tier-3"
I0240,3,Шарик из синего стекла с пузырьком воздуха,"Это узнаваемый хлам, который всё же можно осмотреть без щипцов. Странная мелочь всё ещё принадлежит миру повседневных вещей.",270,Шарик из синего стекла с пузырьком воздуха — с маленьким чудом,"Безопасная особенность помогает в одной домашней задаче. Хлам сохранил неожиданное свидетельство прошлого и получил вторую ценность. Состояние почти идеальное, а происхождение подтверждено.",13770,"curiosity,household,tier-3"
I0241,4,Хлопковый чепец прачки,"Дешёвая бытовая вещь заметно послужила, но ещё не разваливается. Форма и следы носки сразу выдают историю головного убора.",576,Хлопковый чепец прачки — не промокающий под дождём,"Капли скатываются с него, не оставляя сырости. Малое свойство относится именно к находке «Хлопковый чепец прачки». Обычная бытовая вещь оказалась выдающимся образцом своего скромного ремесла. Знаток заплатит за такую редкость намного больше обычного.",14400,"headwear,household,tier-4"
I0242,4,Плетёные лапти с новыми завязками,"Дешёвая бытовая вещь заметно послужила, но ещё не разваливается. Подошва, застёжки и размер делают эту обувь вполне узнаваемой находкой.",408,Плетёные лапти с новыми завязками — с сухими пятками,Обувь остаётся сухой даже после неглубокой лужи. Малое свойство относится именно к находке «Плетёные лапти с новыми завязками». Обычная бытовая вещь оказалась выдающимся образцом своего скромного ремесла. Скрытая деталь делает находку одновременно полезной и коллекционной.,10608,"footwear,household,tier-4"
I0243,4,Льняной фартук с карманом,"Дешёвая бытовая вещь заметно послужила, но ещё не разваливается. Ткань сохранила запах дороги, мастерской или прежнего хозяина.",792,Льняной фартук с карманом — не собирающий пятен,Свежая грязь сама осыпается с ткани через несколько минут. Малое свойство относится именно к находке «Льняной фартук с карманом». Обычная бытовая вещь оказалась выдающимся образцом своего скромного ремесла. Редкая особенность раскрывается только при внимательном осмотре.,20000,"clothes,household,tier-4"
I0244,4,Лужёная чайная ложка,"Дешёвая бытовая вещь заметно послужила, но ещё не разваливается. На поверхности остались царапины от долгого и не всегда бережного использования.",600,Лужёная чайная ложка — показывающий идеальную температуру,"Прибор слегка теплеет, когда еду уже можно есть без риска обжечься. Малое свойство относится именно к находке «Лужёная чайная ложка». Обычная бытовая вещь оказалась выдающимся образцом своего скромного ремесла. Даже неприметный вид не способен скрыть выдающееся качество.",15000,"utensil,household,tier-4"
I0245,4,Глиняный горшок на две порции,"Дешёвая бытовая вещь заметно послужила, но ещё не разваливается. Копоть и вмятины рассказывают о множестве походных ужинов.",468,Глиняный горшок на две порции — ленивого повара,Раз в день посуда сама доводит воду до кипения. Малое свойство относится именно к находке «Глиняный горшок на две порции». Обычная бытовая вещь оказалась выдающимся образцом своего скромного ремесла. Вещь сохранилась вопреки возрасту и явно переживёт нового хозяина.,12168,"cookware,household,tier-4"
I0246,4,Связка сушёных лесных яблок,"Дешёвая бытовая вещь заметно послужила, но ещё не разваливается. Запах, корочка и упаковка позволяют оценить свежесть без рискованной дегустации.",888,Связка сушёных лесных яблок — с вкусом домашнего праздника,"Даже маленькая порция насыщает и всегда кажется свежей. Малое свойство относится именно к находке «Связка сушёных лесных яблок». Обычная бытовая вещь оказалась выдающимся образцом своего скромного ремесла. История владельца повышает цену не меньше, чем материалы.",20000,"food,household,tier-4"
I0247,4,Бутыль чистой колодезной воды,"Дешёвая бытовая вещь заметно послужила, но ещё не разваливается. Содержимое тихо плещется и пахнет ровно так, как обещает его вид.",648,Бутыль чистой колодезной воды — с последним бокалом,Каждое утро в сосуде снова появляется ровно один бокал напитка. Малое свойство относится именно к находке «Бутыль чистой колодезной воды». Обычная бытовая вещь оказалась выдающимся образцом своего скромного ремесла. Работа мастера узнаваема и имеет подтверждённую ценность.,16200,"drink,household,tier-4"
I0248,4,Набор костяшек для счёта,"Дешёвая бытовая вещь заметно послужила, но ещё не разваливается. На кости заметны насечки, следы зубов или попытка придать ей смысл.",528,Набор костяшек для счёта — честной игры,Костяшки не терпят подмены и тихо звенят при попытке жульничества. Малое свойство относится именно к находке «Набор костяшек для счёта». Обычная бытовая вещь оказалась выдающимся образцом своего скромного ремесла. Неожиданное свойство делает эту версию особенно желанной.,13728,"bones,household,tier-4"
I0249,4,Домашний молоток с берёзовой ручкой,"Дешёвая бытовая вещь заметно послужила, но ещё не разваливается. Баланс рукояти показывает, годится ли находка для настоящей работы.",330,Домашний молоток с берёзовой ручкой — находящий расшатанный гвоздь,Рукоять едва заметно поворачивается к ближайшему расшатанному креплению. Малое свойство относится именно к находке «Домашний молоток с берёзовой ручкой». Обычная бытовая вещь оказалась выдающимся образцом своего скромного ремесла. На рынке редкостей за неё наверняка начнётся спор.,8910,"hammer,household,tier-4"
I0250,4,Пять стальных швейных игл,"Дешёвая бытовая вещь заметно послужила, но ещё не разваливается. Тонкий инструмент пережил владельца и сохранил следы его ремесла.",708,Пять стальных швейных игл — бережного шва,Игла не колет владельца и сама подхватывает оборванную нить. Малое свойство относится именно к находке «Пять стальных швейных игл». Обычная бытовая вещь оказалась выдающимся образцом своего скромного ремесла. Подлинная метка превращает случайную находку в событие.,17700,"needle,household,tier-4"
I0251,4,Бечёвка для перевязки тюков,"Дешёвая бытовая вещь заметно послужила, но ещё не разваливается. Волокна, узлы и влажность честно показывают остаток прочности.",576,Бечёвка для перевязки тюков — помнящий узел,"По слову хозяина верёвка повторяет последний завязанный на ней узел. Малое свойство относится именно к находке «Бечёвка для перевязки тюков». Обычная бытовая вещь оказалась выдающимся образцом своего скромного ремесла. Состояние почти идеальное, а происхождение подтверждено.",14976,"rope,household,tier-4"
I0252,4,Плетёная корзина с крышкой,"Дешёвая бытовая вещь заметно послужила, но ещё не разваливается. Внутри сохранился запах прежнего содержимого и немного дорожной пыли.",408,Плетёная корзина с крышкой — с карманом свежести,Продукты в одном небольшом отделении не черствеют до следующего утра. Малое свойство относится именно к находке «Плетёная корзина с крышкой». Обычная бытовая вещь оказалась выдающимся образцом своего скромного ремесла. Знаток заплатит за такую редкость намного больше обычного.,11016,"container,household,tier-4"
I0253,4,Гусиное перо и пузырёк чернил,"Дешёвая бытовая вещь заметно послужила, но ещё не разваливается. Пятна чернил и состояние наконечника говорят о последнем писавшем.",792,Гусиное перо и пузырёк чернил — без случайных клякс,Чернила ложатся ровно и исчезают с одежды после простого полоскания. Малое свойство относится именно к находке «Гусиное перо и пузырёк чернил». Обычная бытовая вещь оказалась выдающимся образцом своего скромного ремесла. Скрытая деталь делает находку одновременно полезной и коллекционной.,19800,"writing,household,tier-4"
I0254,4,Букварь сельской школы,"Дешёвая бытовая вещь заметно послужила, но ещё не разваливается. Переплёт, поля и закладки выдают, насколько часто текстом пользовались.",600,Букварь сельской школы — с послушной закладкой,Книга сама открывается на последней прочитанной странице. Малое свойство относится именно к находке «Букварь сельской школы». Обычная бытовая вещь оказалась выдающимся образцом своего скромного ремесла. Редкая особенность раскрывается только при внимательном осмотре.,15600,"book,household,tier-4"
I0255,4,Письмо с приглашением на ярмарку,"Дешёвая бытовая вещь заметно послужила, но ещё не разваливается. Печати и подписи можно изучить, хотя назначение бумаги не всегда радует.",468,Письмо с приглашением на ярмарку — видимый при свечах,Текст остаётся ясным даже в самом слабом бытовом освещении. Малое свойство относится именно к находке «Письмо с приглашением на ярмарку». Обычная бытовая вещь оказалась выдающимся образцом своего скромного ремесла. Даже неприметный вид не способен скрыть выдающееся качество.,12636,"document,household,tier-4"
I0256,4,Кожаный кошелёк для мелочи,"Дешёвая бытовая вещь заметно послужила, но ещё не разваливается. Находка связана с мелкой торговлей и хранит следы множества рук.",888,Кожаный кошелёк для мелочи — считающий честную сдачу,"Предмет тихо звенит, если в горсти не хватает одной мелкой монеты. Малое свойство относится именно к находке «Кожаный кошелёк для мелочи». Обычная бытовая вещь оказалась выдающимся образцом своего скромного ремесла. Вещь сохранилась вопреки возрасту и явно переживёт нового хозяина.",20000,"trade,household,tier-4"
I0257,4,Оловянная брошь в форме листа,"Дешёвая бытовая вещь заметно послужила, но ещё не разваливается. Даже при беглом осмотре видны качество оправы и состояние металла.",648,Оловянная брошь в форме листа — мягкого вечернего блеска,"Украшение светится как свеча, но лишь достаточно, чтобы увидеть руки. Малое свойство относится именно к находке «Оловянная брошь в форме листа». Обычная бытовая вещь оказалась выдающимся образцом своего скромного ремесла. История владельца повышает цену не меньше, чем материалы.",16848,"jewelry,household,tier-4"
I0258,4,Тряпичный заяц с пуговичными глазами,"Дешёвая бытовая вещь заметно послужила, но ещё не разваливается. Игрушка пережила шумные игры и несколько неумелых починок.",528,Тряпичный заяц с пуговичными глазами — возвращающийся на полку,Оставленная на полу игрушка ночью сама оказывается на прежнем месте. Малое свойство относится именно к находке «Тряпичный заяц с пуговичными глазами». Обычная бытовая вещь оказалась выдающимся образцом своего скромного ремесла. Работа мастера узнаваема и имеет подтверждённую ценность.,14256,"toy,household,tier-4"
I0259,4,Домашняя свеча с молитвенной лентой,"Дешёвая бытовая вещь заметно послужила, но ещё не разваливается. Символы нанесены старательно, хотя их смысл понятен не каждому жрецу.",330,Домашняя свеча с молитвенной лентой — спокойного сна,Рядом с вещью бытовые кошмары становятся тише и быстрее забываются. Малое свойство относится именно к находке «Домашняя свеча с молитвенной лентой». Обычная бытовая вещь оказалась выдающимся образцом своего скромного ремесла. Неожиданное свойство делает эту версию особенно желанной.,8250,"religion,household,tier-4"
I0260,4,Ивовая дудочка пастуха,"Дешёвая бытовая вещь заметно послужила, но ещё не разваливается. Звук зависит от состояния дерева, металла и терпения исполнителя.",708,Ивовая дудочка пастуха — чистого первого звука,"Первая нота всегда звучит правильно, даже после долгого хранения. Малое свойство относится именно к находке «Ивовая дудочка пастуха». Обычная бытовая вещь оказалась выдающимся образцом своего скромного ремесла. На рынке редкостей за неё наверняка начнётся спор.",18408,"music,household,tier-4"
I0261,4,Петля для ловли кроликов,"Дешёвая бытовая вещь заметно послужила, но ещё не разваливается. Потёртости показывают, на какую добычу и как часто с вещью ходили.",576,Петля для ловли кроликов — бережного ловца,"Снасть предупреждает, если в неё может попасть домашнее животное. Малое свойство относится именно к находке «Петля для ловли кроликов». Обычная бытовая вещь оказалась выдающимся образцом своего скромного ремесла. Подлинная метка превращает случайную находку в событие.",15552,"hunting,household,tier-4"
I0262,4,Бамбуковая удочка без катушки,"Дешёвая бытовая вещь заметно послужила, но ещё не разваливается. Соль, леска и чешуя оставили на снасти честную биографию.",408,Бамбуковая удочка без катушки — чувствующий поклёвку,"Леска мягко светится, когда рыба действительно касается наживки. Малое свойство относится именно к находке «Бамбуковая удочка без катушки». Обычная бытовая вещь оказалась выдающимся образцом своего скромного ремесла. Состояние почти идеальное, а происхождение подтверждено.",10200,"fishing,household,tier-4"
I0263,4,Моток просмолённой пакли,"Дешёвая бытовая вещь заметно послужила, но ещё не разваливается. Запах смолы и соли выдаёт долгую службу рядом с водой.",792,Моток просмолённой пакли — не знающий плесени,"Соль и сырость не портят материал, пока вещь регулярно используют. Малое свойство относится именно к находке «Моток просмолённой пакли». Обычная бытовая вещь оказалась выдающимся образцом своего скромного ремесла. Знаток заплатит за такую редкость намного больше обычного.",20000,"nautical,household,tier-4"
I0264,4,Садовый серп с простой рукоятью,"Дешёвая бытовая вещь заметно послужила, но ещё не разваливается. Земля в щелях и затёртая рукоять говорят о привычной работе.",600,Садовый серп с простой рукоятью — ровной борозды,Инструмент оставляет особенно прямой след на рыхлой земле. Малое свойство относится именно к находке «Садовый серп с простой рукоятью». Обычная бытовая вещь оказалась выдающимся образцом своего скромного ремесла. Скрытая деталь делает находку одновременно полезной и коллекционной.,16200,"farming,household,tier-4"
I0265,4,Лопатка для угольной печи,"Дешёвая бытовая вещь заметно послужила, но ещё не разваливается. Каменная пыль забилась в каждую выемку этой шахтёрской вещи.",468,Лопатка для угольной печи — чувствующий пустоты,Лёгкий звон предупреждает о полости сразу за тонкой стенкой. Малое свойство относится именно к находке «Лопатка для угольной печи». Обычная бытовая вещь оказалась выдающимся образцом своего скромного ремесла. Редкая особенность раскрывается только при внимательном осмотре.,11700,"mining,household,tier-4"
I0266,4,Резчицкий нож по мягкому дереву,"Дешёвая бытовая вещь заметно послужила, но ещё не разваливается. Смола и тонкая стружка сохранились возле рабочих кромок.",888,Резчицкий нож по мягкому дереву — без заноз,Обработанное им дерево остаётся гладким и не цепляет ладони. Малое свойство относится именно к находке «Резчицкий нож по мягкому дереву». Обычная бытовая вещь оказалась выдающимся образцом своего скромного ремесла. Даже неприметный вид не способен скрыть выдающееся качество.,20000,"woodcraft,household,tier-4"
I0267,4,Кочерга деревенского кузнеца,"Дешёвая бытовая вещь заметно послужила, но ещё не разваливается. Окалина и следы жара не оставляют сомнений в кузнечном прошлом.",648,Кочерга деревенского кузнеца — умеренного жара,Рукоять не нагревается от обычной печи и защищает ладонь мастера. Малое свойство относится именно к находке «Кочерга деревенского кузнеца». Обычная бытовая вещь оказалась выдающимся образцом своего скромного ремесла. Вещь сохранилась вопреки возрасту и явно переживёт нового хозяина.,17496,"smithing,household,tier-4"
I0268,4,Простой латунный дверной крючок,"Дешёвая бытовая вещь заметно послужила, но ещё не разваливается. Размер и гибкость намекают на задачи, о которых не пишут в накладных.",528,Простой латунный дверной крючок — послушного замка,"Механизм помогает открыть только простые замки, к которым у владельца есть ключ. Малое свойство относится именно к находке «Простой латунный дверной крючок». Обычная бытовая вещь оказалась выдающимся образцом своего скромного ремесла. История владельца повышает цену не меньше, чем материалы.",13200,"hardware,household,tier-4"
I0269,4,Баночка щёлочного мыла,"Дешёвая бытовая вещь заметно послужила, но ещё не разваливается. Осадок и цвет позволяют строить догадки, но не советуют пробовать содержимое.",330,Баночка щёлочного мыла — чистого состава,"Средство меняет цвет, если испортилось или стало опасным. Малое свойство относится именно к находке «Баночка щёлочного мыла». Обычная бытовая вещь оказалась выдающимся образцом своего скромного ремесла. Работа мастера узнаваема и имеет подтверждённую ценность.",8580,"household-supplies,household,tier-4"
I0270,4,Пучок сушёной мяты для припарок,"Дешёвая бытовая вещь заметно послужила, но ещё не разваливается. Запах трав и аккуратность упаковки показывают уровень прежнего лекаря.",708,Пучок сушёной мяты для припарок — домашнего лекаря,Принадлежности остаются чистыми и пахнут свежими травами. Малое свойство относится именно к находке «Пучок сушёной мяты для припарок». Обычная бытовая вещь оказалась выдающимся образцом своего скромного ремесла. Неожиданное свойство делает эту версию особенно желанной.,19116,"medicine,household,tier-4"
I0271,4,Холщовый мешок для спальника,"Дешёвая бытовая вещь заметно послужила, но ещё не разваливается. Пыль дорог и следы дождя видны сильнее любой торговой марки.",576,Холщовый мешок для спальника — сухого привала,Под вещью образуется небольшой сухой участок для сидения. Малое свойство относится именно к находке «Холщовый мешок для спальника». Обычная бытовая вещь оказалась выдающимся образцом своего скромного ремесла. На рынке редкостей за неё наверняка начнётся спор.,14400,"camping,household,tier-4"
I0272,4,Жестяной подсвечник с ручкой,"Дешёвая бытовая вещь заметно послужила, но ещё не разваливается. Копоть вокруг огня рассказывает, насколько ровно он когда-то горел.",408,Жестяной подсвечник с ручкой — тихого пламени,Огонёк не коптит и не гаснет от слабого сквозняка. Малое свойство относится именно к находке «Жестяной подсвечник с ручкой». Обычная бытовая вещь оказалась выдающимся образцом своего скромного ремесла. Подлинная метка превращает случайную находку в событие.,10608,"light,household,tier-4"
I0273,4,Дорожный указатель на деревянной табличке,"Дешёвая бытовая вещь заметно послужила, но ещё не разваливается. Стрелки, шкалы и потёртый корпус ещё могут подсказать направление.",792,Дорожный указатель на деревянной табличке — верной дороги домой,"Стрелка может указать направление к последнему безопасному ночлегу. Малое свойство относится именно к находке «Дорожный указатель на деревянной табличке». Обычная бытовая вещь оказалась выдающимся образцом своего скромного ремесла. Состояние почти идеальное, а происхождение подтверждено.",20000,"navigation,household,tier-4"
I0274,4,Кожаная рабочая рукавица,"Дешёвая бытовая вещь заметно послужила, но ещё не разваливается. Материал защищает от обычной грязи и непогоды, не превращая вещь в доспех.",600,Кожаная рабочая рукавица — не боящийся рабочей грязи,Пыль и стружка легко стряхиваются после окончания работы. Малое свойство относится именно к находке «Кожаная рабочая рукавица». Обычная бытовая вещь оказалась выдающимся образцом своего скромного ремесла. Знаток заплатит за такую редкость намного больше обычного.,15000,"workwear,household,tier-4"
I0275,4,Круглая крышка для защиты от искр,"Дешёвая бытовая вещь заметно послужила, но ещё не разваливается. Форма рассчитана на мирную домашнюю или ремесленную работу.",468,Круглая крышка для защиты от искр — домового порядка,Оставленная рядом мелочь ночью складывается аккуратнее. Малое свойство относится именно к находке «Круглая крышка для защиты от искр». Обычная бытовая вещь оказалась выдающимся образцом своего скромного ремесла. Скрытая деталь делает находку одновременно полезной и коллекционной.,12168,"household,household,tier-4"
I0276,4,Кухонный нож с деревянной ручкой,"Дешёвая бытовая вещь заметно послужила, но ещё не разваливается. Кромка нужна на кухне или в мастерской, а не в бою.",888,Кухонный нож с деревянной ручкой — с вечной кухонной заточкой,"Кромка долго остаётся острой на хлебе, овощах и бечёвке. Малое свойство относится именно к находке «Кухонный нож с деревянной ручкой». Обычная бытовая вещь оказалась выдающимся образцом своего скромного ремесла. Редкая особенность раскрывается только при внимательном осмотре.",20000,"kitchen,household,tier-4"
I0277,4,Берёзовый учебный меч,"Дешёвая бытовая вещь заметно послужила, но ещё не разваливается. Вещица служит украшением комнаты и показывает достаток владельца.",648,Берёзовый учебный меч — с памятью комнаты,"Украшение принимает оттенок занавесей, возле которых его оставили. Малое свойство относится именно к находке «Берёзовый учебный меч». Обычная бытовая вещь оказалась выдающимся образцом своего скромного ремесла. Даже неприметный вид не способен скрыть выдающееся качество.",16200,"decor,household,tier-4"
I0278,4,Топор для растопки,"Дешёвая бытовая вещь заметно послужила, но ещё не разваливается. Рабочий инструмент удобно лежит в руке и решает повседневную задачу.",528,Топор для растопки — бережного мастера,Инструмент не соскальзывает при простой бытовой работе. Малое свойство относится именно к находке «Топор для растопки». Обычная бытовая вещь оказалась выдающимся образцом своего скромного ремесла. Вещь сохранилась вопреки возрасту и явно переживёт нового хозяина.,13728,"hand-tool,household,tier-4"
I0279,4,Лук для стрельбы по соломенным мишеням,"Дешёвая бытовая вещь заметно послужила, но ещё не разваливается. Гибкая деталь пригодится ремесленнику, упаковщику или хозяину дома.",330,Лук для стрельбы по соломенным мишеням — ровной меры,"Гибкая деталь помогает отмерить одинаковые отрезки материала. Малое свойство относится именно к находке «Лук для стрельбы по соломенным мишеням». Обычная бытовая вещь оказалась выдающимся образцом своего скромного ремесла. История владельца повышает цену не меньше, чем материалы.",8910,"craft,household,tier-4"
I0280,4,Дюжина оперённых учебных стрел,"Дешёвая бытовая вещь заметно послужила, но ещё не разваливается. Комплект расходников аккуратно собран для мирного ремонта.",708,Дюжина оперённых учебных стрел — самособирающийся набор,Рассыпанные рядом детали к утру снова лежат в упаковке. Малое свойство относится именно к находке «Дюжина оперённых учебных стрел». Обычная бытовая вещь оказалась выдающимся образцом своего скромного ремесла. Работа мастера узнаваема и имеет подтверждённую ценность.,17700,"supplies,household,tier-4"
I0281,4,Ореховая прогулочная палка,"Дешёвая бытовая вещь заметно послужила, но ещё не разваливается. Трость или подпорка помогает в дороге и возле дома.",576,Ореховая прогулочная палка — лёгкого шага,Трость снимает усталость после последней лиги спокойной дороги. Малое свойство относится именно к находке «Ореховая прогулочная палка». Обычная бытовая вещь оказалась выдающимся образцом своего скромного ремесла. Неожиданное свойство делает эту версию особенно желанной.,14976,"walking,household,tier-4"
I0282,4,Верёвочная уздечка для мула,"Дешёвая бытовая вещь заметно послужила, но ещё не разваливается. Ремни и пряжки подогнаны под конкретного зверя и долгую дорогу.",408,Верёвочная уздечка для мула — доброй конюшни,Животное быстрее успокаивается при привычной работе с этой вещью. Малое свойство относится именно к находке «Верёвочная уздечка для мула». Обычная бытовая вещь оказалась выдающимся образцом своего скромного ремесла. На рынке редкостей за неё наверняка начнётся спор.,11016,"animal,household,tier-4"
I0283,4,"Бусина, прохладная на солнце","Дешёвая бытовая вещь заметно послужила, но ещё не разваливается. Едва заметная странность отличает вещицу от совершенно обычного хлама.",792,"Бусина, прохладная на солнце — с полезной странностью","Малое чудо безопасно помогает в одной повседневной задаче. Малое свойство относится именно к находке «Бусина, прохладная на солнце». Обычная бытовая вещь оказалась выдающимся образцом своего скромного ремесла. Подлинная метка превращает случайную находку в событие.",19800,"curiosity,household,tier-4"
I0284,4,Гоблинская кружка с мерной чертой,"Дешёвая бытовая вещь заметно послужила, но ещё не разваливается. Гоблинская практичность смешана здесь с самоуверенным украшательством.",600,Гоблинская кружка с мерной чертой — гоблинского умельца,"Смешная хитрость неожиданно хорошо справляется с бытовой мелочью. Малое свойство относится именно к находке «Гоблинская кружка с мерной чертой». Обычная бытовая вещь оказалась выдающимся образцом своего скромного ремесла. Состояние почти идеальное, а происхождение подтверждено.",15600,"goblin,household,tier-4"
I0285,4,Дварфский камень для правки ножей,"Дешёвая бытовая вещь заметно послужила, но ещё не разваливается. Дворфская манера видна по тяжести, рунам и упрямой прочности.",468,"Дварфский камень для правки ножей — крепче, чем выглядит",Дворфская работа выдерживает падения и обычный жар мастерской. Малое свойство относится именно к находке «Дварфский камень для правки ножей». Обычная бытовая вещь оказалась выдающимся образцом своего скромного ремесла. Знаток заплатит за такую редкость намного больше обычного.,12636,"dwarf,household,tier-4"
I0286,4,Эльфийская закладка из прессованного листа,"Дешёвая бытовая вещь заметно послужила, но ещё не разваливается. Эльфийская работа узнаётся по лёгким линиям и вниманию к мелочам.",888,Эльфийская закладка из прессованного листа — эльфийской аккуратности,Вещь сама сохраняет чистоту и тонкий лесной аромат. Малое свойство относится именно к находке «Эльфийская закладка из прессованного листа». Обычная бытовая вещь оказалась выдающимся образцом своего скромного ремесла. Скрытая деталь делает находку одновременно полезной и коллекционной.,20000,"elf,household,tier-4"
I0287,4,Кожаный ремень городского носильщика,"Дешёвая бытовая вещь заметно послужила, но ещё не разваливается. Человеческая вещь хранит понятные следы службы, ремонта и дороги.",648,Кожаный ремень городского носильщика — с меткой хорошего хозяина,Незаметная деталь делает повседневное использование особенно удобным. Малое свойство относится именно к находке «Кожаный ремень городского носильщика». Обычная бытовая вещь оказалась выдающимся образцом своего скромного ремесла. Редкая особенность раскрывается только при внимательном осмотре.,16848,"human,household,tier-4"
I0288,4,Чехол для дорожных документов,"Дешёвая бытовая вещь заметно послужила, но ещё не разваливается. Каждая царапина отмечает новый участок долгого маршрута.",528,Чехол для дорожных документов — помнящий последний ночлег,На поверхности появляется маленькая отметка направления к последнему привалу. Малое свойство относится именно к находке «Чехол для дорожных документов». Обычная бытовая вещь оказалась выдающимся образцом своего скромного ремесла. Даже неприметный вид не способен скрыть выдающееся качество.,14256,"travel,household,tier-4"
I0289,4,Рыночная мерка для зерна,"Дешёвая бытовая вещь заметно послужила, но ещё не разваливается. Бирки и упаковка выдают товар, который когда-то ждал покупателя.",330,Рыночная мерка для зерна — с честной мерой,"Упаковка предупреждает, если товара внутри стало меньше указанного. Малое свойство относится именно к находке «Рыночная мерка для зерна». Обычная бытовая вещь оказалась выдающимся образцом своего скромного ремесла. Вещь сохранилась вопреки возрасту и явно переживёт нового хозяина.",8250,"merchant,household,tier-4"
I0290,4,Малярная кисть из свиной щетины,"Дешёвая бытовая вещь заметно послужила, но ещё не разваливается. Следы краски, глины или клея точно называют ремесло владельца.",708,Малярная кисть из свиной щетины — точной руки,"Инструмент слегка исправляет мелкие дрожания при спокойной работе. Малое свойство относится именно к находке «Малярная кисть из свиной щетины». Обычная бытовая вещь оказалась выдающимся образцом своего скромного ремесла. История владельца повышает цену не меньше, чем материалы.",18408,"artisan,household,tier-4"
I0291,4,Медный дверной колокольчик,"Дешёвая бытовая вещь заметно послужила, но ещё не разваливается. Бытовая вещь честно показывает привычки и достаток прежнего дома.",576,Медный дверной колокольчик — домового порядка,Оставленная рядом мелочь ночью складывается аккуратнее. Малое свойство относится именно к находке «Медный дверной колокольчик». Обычная бытовая вещь оказалась выдающимся образцом своего скромного ремесла. Работа мастера узнаваема и имеет подтверждённую ценность.,15552,"household,household,tier-4"
I0292,4,Ключ от сундука с бельём,"Дешёвая бытовая вещь заметно послужила, но ещё не разваливается. Форма бородки обещает замок, который, возможно, ещё существует.",408,Ключ от сундука с бельём — узнающий свой замок,Металл становится тёплым рядом с подходящим замком. Малое свойство относится именно к находке «Ключ от сундука с бельём». Обычная бытовая вещь оказалась выдающимся образцом своего скромного ремесла. Неожиданное свойство делает эту версию особенно желанной.,10200,"key,household,tier-4"
I0293,4,План деревенской оросительной канавы,"Дешёвая бытовая вещь заметно послужила, но ещё не разваливается. Линии маршрута, пятна и исправления оставлены разными путешественниками.",792,План деревенской оросительной канавы — не боящийся дождя,Чернила не расплываются от воды и снова проявляются после высыхания. Малое свойство относится именно к находке «План деревенской оросительной канавы». Обычная бытовая вещь оказалась выдающимся образцом своего скромного ремесла. На рынке редкостей за неё наверняка начнётся спор.,20000,"map,household,tier-4"
I0294,4,Полированный кусочек речной яшмы,"Дешёвая бытовая вещь заметно послужила, но ещё не разваливается. Свет на гранях помогает отличить камень, стекло и удачную подделку.",600,Полированный кусочек речной яшмы — с вечерним огоньком,Камень даёт мягкий свет размером с пламя свечи. Малое свойство относится именно к находке «Полированный кусочек речной яшмы». Обычная бытовая вещь оказалась выдающимся образцом своего скромного ремесла. Подлинная метка превращает случайную находку в событие.,16200,"gem,household,tier-4"
I0295,4,Коробочка с высушенными светляками,"Дешёвая бытовая вещь заметно послужила, но ещё не разваливается. Назначение странности неочевидно, но детали явно сложились не случайно.",468,Коробочка с высушенными светляками — с тихим бытовым чудом,"Странность проявляет небольшое, безопасное и полезное свойство. Малое свойство относится именно к находке «Коробочка с высушенными светляками». Обычная бытовая вещь оказалась выдающимся образцом своего скромного ремесла. Состояние почти идеальное, а происхождение подтверждено.",11700,"oddity,household,tier-4"
I0296,4,Холщовая рубаха для работы во дворе,"Дешёвая бытовая вещь заметно послужила, но ещё не разваливается. Ткань и швы соответствуют бытовому назначению.",888,Холщовая рубаха для работы во дворе — не знающий свежих пятен,Свежая грязь осыпается с материала после лёгкого встряхивания. Обычная бытовая вещь оказалась выдающимся образцом своего скромного ремесла. Знаток заплатит за такую редкость намного больше обычного.,20000,"textile,household,tier-4"
I0297,4,Простые кожаные домашние туфли,"Дешёвая бытовая вещь заметно послужила, но ещё не разваливается. Подошва рассчитана на обычные улицы и домашний двор.",648,Простые кожаные домашние туфли — с сухой подкладкой,Внутренняя сторона остаётся сухой после луж и мокрой травы. Обычная бытовая вещь оказалась выдающимся образцом своего скромного ремесла. Скрытая деталь делает находку одновременно полезной и коллекционной.,17496,"footwear,household,tier-4"
I0298,4,Глубокая миска из красной глины,"Дешёвая бытовая вещь заметно послужила, но ещё не разваливается. Посуда сохранила следы семейных завтраков и трактирных ужинов.",528,Глубокая миска из красной глины — тихого гостеприимства,"Она слегка согревает поданную еду, но не обжигает руки. Обычная бытовая вещь оказалась выдающимся образцом своего скромного ремесла. Редкая особенность раскрывается только при внимательном осмотре.",13200,"tableware,household,tier-4"
I0299,4,Небольшой медный ковш,"Дешёвая бытовая вещь заметно послужила, но ещё не разваливается. Копоть и царапины не мешают использовать вещь на кухне.",330,Небольшой медный ковш — ленивого повара,Раз в день посуда самостоятельно доводит воду до кипения. Обычная бытовая вещь оказалась выдающимся образцом своего скромного ремесла. Даже неприметный вид не способен скрыть выдающееся качество.,8580,"cookware,household,tier-4"
I0300,4,Свежая буханка ржаного хлеба,"Дешёвая бытовая вещь заметно послужила, но ещё не разваливается. Продукт можно оценить по запаху, упаковке и свежести.",708,Свежая буханка ржаного хлеба — домашнего вкуса,Еда всегда кажется приготовленной по любимому семейному рецепту. Обычная бытовая вещь оказалась выдающимся образцом своего скромного ремесла. Вещь сохранилась вопреки возрасту и явно переживёт нового хозяина.,19116,"food,household,tier-4"
I0301,4,Кружка крепкого хлебного кваса,"Дешёвая бытовая вещь заметно послужила, но ещё не разваливается. Сосуд и напиток относятся к повседневному столу.",576,Кружка крепкого хлебного кваса — с утренним бокалом,"На рассвете внутри появляется одна небольшая свежая порция. Обычная бытовая вещь оказалась выдающимся образцом своего скромного ремесла. История владельца повышает цену не меньше, чем материалы.",14400,"drink,household,tier-4"
I0302,4,Берестяная банка для крупы,"Дешёвая бытовая вещь заметно послужила, но ещё не разваливается. Ёмкость подходит для хранения обычных домашних запасов.",408,Берестяная банка для крупы — бережной кладовой,Сухое содержимое не отсыревает до следующей недели. Обычная бытовая вещь оказалась выдающимся образцом своего скромного ремесла. Работа мастера узнаваема и имеет подтверждённую ценность.,10608,"storage,household,tier-4"
I0303,4,Связка новых угольных карандашей,"Дешёвая бытовая вещь заметно послужила, но ещё не разваливается. Письменная принадлежность годится для счетов и коротких писем.",792,Связка новых угольных карандашей — без клякс,Чернила ложатся ровно и не пачкают пальцы владельца. Обычная бытовая вещь оказалась выдающимся образцом своего скромного ремесла. Неожиданное свойство делает эту версию особенно желанной.,20000,"stationery,household,tier-4"
I0304,4,Тетрадь домашних расходов,"Дешёвая бытовая вещь заметно послужила, но ещё не разваливается. Издание предназначено для практического чтения или досуга.",600,Тетрадь домашних расходов — с послушной закладкой,Переплёт сам открывается на последней прочитанной странице. Обычная бытовая вещь оказалась выдающимся образцом своего скромного ремесла. На рынке редкостей за неё наверняка начнётся спор.,15000,"book,household,tier-4"
I0305,4,Щётка для деревянного пола,"Дешёвая бытовая вещь заметно послужила, но ещё не разваливается. Простая принадлежность помогает поддерживать дом в порядке.",468,Щётка для деревянного пола — домового порядка,Раз в сутки она самостоятельно очищает небольшой участок комнаты. Обычная бытовая вещь оказалась выдающимся образцом своего скромного ремесла. Подлинная метка превращает случайную находку в событие.,12168,"cleaning,household,tier-4"
I0306,4,Костяной гребень без украшений,"Дешёвая бытовая вещь заметно послужила, но ещё не разваливается. Предмет хранит следы ежедневного ухода за собой.",888,Костяной гребень без украшений — опрятного утра,"Он распутывает волосы или бороду без боли и статического треска. Обычная бытовая вещь оказалась выдающимся образцом своего скромного ремесла. Состояние почти идеальное, а происхождение подтверждено.",20000,"grooming,household,tier-4"
I0307,4,Корзинка ниток и заплат,"Дешёвая бытовая вещь заметно послужила, но ещё не разваливается. Набор пригоден для обычного ремонта одежды.",648,Корзинка ниток и заплат — бережного шва,Нить сама затягивает один короткий разрыв ткани в день. Обычная бытовая вещь оказалась выдающимся образцом своего скромного ремесла. Знаток заплатит за такую редкость намного больше обычного.,16200,"sewing,household,tier-4"
I0308,4,Набор простых отвёрток,"Дешёвая бытовая вещь заметно послужила, но ещё не разваливается. Инструмент решает одну понятную ремесленную задачу.",528,Набор простых отвёрток — точной руки,Рукоять исправляет небольшое дрожание при спокойной работе. Обычная бытовая вещь оказалась выдающимся образцом своего скромного ремесла. Скрытая деталь делает находку одновременно полезной и коллекционной.,13728,"hand-tool,household,tier-4"
I0309,4,Ручная тяпка для огорода,"Дешёвая бытовая вещь заметно послужила, но ещё не разваливается. Земля и растительный сок выдают работу возле дома или фермы.",330,Ручная тяпка для огорода — ровной грядки,Инструмент оставляет особенно прямую борозду в рыхлой почве. Обычная бытовая вещь оказалась выдающимся образцом своего скромного ремесла. Редкая особенность раскрывается только при внимательном осмотре.,8910,"garden,household,tier-4"
I0310,4,Деревянная мерка для муки,"Дешёвая бытовая вещь заметно послужила, но ещё не разваливается. Бирки и мерки связывают вещь с обычной рыночной торговлей.",708,Деревянная мерка для муки — честной меры,Она предупреждает тихим звоном о недовесе товара. Обычная бытовая вещь оказалась выдающимся образцом своего скромного ремесла. Даже неприметный вид не способен скрыть выдающееся качество.,17700,"market,household,tier-4"
I0311,4,Расписная дощечка над очагом,"Дешёвая бытовая вещь заметно послужила, но ещё не разваливается. Украшение рассчитано на комнату, лавку или трактирный зал.",576,Расписная дощечка над очагом — уютного света,Вечером оно даёт мягкий блеск яркостью не больше свечи. Обычная бытовая вещь оказалась выдающимся образцом своего скромного ремесла. Вещь сохранилась вопреки возрасту и явно переживёт нового хозяина.,14976,"decor,household,tier-4"
I0312,4,Набитый стружкой игрушечный пёс,"Дешёвая бытовая вещь заметно послужила, но ещё не разваливается. Игрушка пережила игры, падения и несколько починок.",408,Набитый стружкой игрушечный пёс — возвращающийся на полку,"Ночью она сама оказывается на привычном месте. Обычная бытовая вещь оказалась выдающимся образцом своего скромного ремесла. История владельца повышает цену не меньше, чем материалы.",11016,"toy,household,tier-4"
I0313,4,Камышовая дудочка с тремя отверстиями,"Дешёвая бытовая вещь заметно послужила, но ещё не разваливается. Инструмент создан для домашней музыки и простых мелодий.",792,Камышовая дудочка с тремя отверстиями — чистой первой ноты,Первый звук всегда получается ясным и правильным. Обычная бытовая вещь оказалась выдающимся образцом своего скромного ремесла. Работа мастера узнаваема и имеет подтверждённую ценность.,19800,"music,household,tier-4"
I0314,4,Пара восковых свечей,"Дешёвая бытовая вещь заметно послужила, но ещё не разваливается. Источник света удобен в комнате, сарае или на крыльце.",600,Пара восковых свечей — без копоти,Огонь не пачкает потолок и не гаснет от слабого сквозняка. Обычная бытовая вещь оказалась выдающимся образцом своего скромного ремесла. Неожиданное свойство делает эту версию особенно желанной.,15600,"light,household,tier-4"
I0315,4,Шерстяная наволочка,"Дешёвая бытовая вещь заметно послужила, но ещё не разваливается. Мягкая вещь хранит тепло обычной спальни или постоялого двора.",468,Шерстяная наволочка — спокойного сна,Рядом с ней быстрее забываются повседневные кошмары. Обычная бытовая вещь оказалась выдающимся образцом своего скромного ремесла. На рынке редкостей за неё наверняка начнётся спор.,12636,"bedding,household,tier-4"
I0316,4,Песочные часы на четверть часа,"Дешёвая бытовая вещь заметно послужила, но ещё не разваливается. Механизм помогает следить за временем домашних дел.",888,Песочные часы на четверть часа — точного часа,Часы сами исправляют отставание на рассвете. Обычная бытовая вещь оказалась выдающимся образцом своего скромного ремесла. Подлинная метка превращает случайную находку в событие.,20000,"timepiece,household,tier-4"
I0317,4,Чехол для дорожной обуви,"Дешёвая бытовая вещь заметно послужила, но ещё не разваливается. Предмет полезен обычному путнику, а не искателю битв.",648,Чехол для дорожной обуви — помнящий ночлег,"На нём появляется отметка направления к последнему безопасному привалу. Обычная бытовая вещь оказалась выдающимся образцом своего скромного ремесла. Состояние почти идеальное, а происхождение подтверждено.",16848,"travel,household,tier-4"
I0318,4,Щётка и тряпка для ухода за мулом,"Дешёвая бытовая вещь заметно послужила, но ещё не разваливается. Вещь связана с уходом за домашним или тягловым животным.",528,Щётка и тряпка для ухода за мулом — доброй конюшни,Зверь быстрее успокаивается во время привычного ухода. Обычная бытовая вещь оказалась выдающимся образцом своего скромного ремесла. Знаток заплатит за такую редкость намного больше обычного.,14256,"animal,household,tier-4"
I0319,4,Бумажный пакет душистого тмина,"Дешёвая бытовая вещь заметно послужила, но ещё не разваливается. Запах и упаковка позволяют судить о качестве приправы.",330,Бумажный пакет душистого тмина — не теряющий аромата,Щепотка восстанавливает запах после закрытия упаковки. Обычная бытовая вещь оказалась выдающимся образцом своего скромного ремесла. Скрытая деталь делает находку одновременно полезной и коллекционной.,8250,"spice,household,tier-4"
I0320,4,Камешек с естественным рисунком домика,"Дешёвая бытовая вещь заметно послужила, но ещё не разваливается. Странная мелочь всё ещё принадлежит миру повседневных вещей.",708,Камешек с естественным рисунком домика — с маленьким чудом,Безопасная особенность помогает в одной домашней задаче. Обычная бытовая вещь оказалась выдающимся образцом своего скромного ремесла. Редкая особенность раскрывается только при внимательном осмотре.,18408,"curiosity,household,tier-4"
I0321,5,Бумажный колпак от дождя,"Простой расходник пригодится один раз, если не ждать от него чудес. Форма и следы носки сразу выдают историю головного убора.",1200,Бумажный колпак от дождя — не промокающий под дождём,"Капли скатываются с него, не оставляя сырости. Малое свойство относится именно к находке «Бумажный колпак от дождя». Даже расходник может стать сокровищем, когда его происхождение настолько необычно. Даже неприметный вид не способен скрыть выдающееся качество.",16800,"headwear,household,tier-5"
I0322,5,Запасные кожаные шнурки для сапог,"Простой расходник пригодится один раз, если не ждать от него чудес. Подошва, застёжки и размер делают эту обувь вполне узнаваемой находкой.",936,Запасные кожаные шнурки для сапог — с сухими пятками,"Обувь остаётся сухой даже после неглубокой лужи. Малое свойство относится именно к находке «Запасные кожаные шнурки для сапог». Даже расходник может стать сокровищем, когда его происхождение настолько необычно. Вещь сохранилась вопреки возрасту и явно переживёт нового хозяина.",14040,"footwear,household,tier-5"
I0323,5,Пара тёплых шерстяных носков,"Простой расходник пригодится один раз, если не ждать от него чудес. Ткань сохранила запах дороги, мастерской или прежнего хозяина.",1776,Пара тёплых шерстяных носков — не собирающий пятен,"Свежая грязь сама осыпается с ткани через несколько минут. Малое свойство относится именно к находке «Пара тёплых шерстяных носков». Даже расходник может стать сокровищем, когда его происхождение настолько необычно. История владельца повышает цену не меньше, чем материалы.",20000,"clothes,household,tier-5"
I0324,5,Складная походная ложка,"Простой расходник пригодится один раз, если не ждать от него чудес. На поверхности остались царапины от долгого и не всегда бережного использования.",1296,Складная походная ложка — показывающий идеальную температуру,"Прибор слегка теплеет, когда еду уже можно есть без риска обжечься. Малое свойство относится именно к находке «Складная походная ложка». Даже расходник может стать сокровищем, когда его происхождение настолько необычно. Работа мастера узнаваема и имеет подтверждённую ценность.",18144,"utensil,household,tier-5"
I0325,5,Медный котелок на один ужин,"Простой расходник пригодится один раз, если не ждать от него чудес. Копоть и вмятины рассказывают о множестве походных ужинов.",1056,Медный котелок на один ужин — ленивого повара,"Раз в день посуда сама доводит воду до кипения. Малое свойство относится именно к находке «Медный котелок на один ужин». Даже расходник может стать сокровищем, когда его происхождение настолько необычно. Неожиданное свойство делает эту версию особенно желанной.",15840,"cookware,household,tier-5"
I0326,5,"Паёк из лепёшки, сыра и орехов","Простой расходник пригодится один раз, если не ждать от него чудес. Запах, корочка и упаковка позволяют оценить свежесть без рискованной дегустации.",660,"Паёк из лепёшки, сыра и орехов — с вкусом домашнего праздника","Даже маленькая порция насыщает и всегда кажется свежей. Малое свойство относится именно к находке «Паёк из лепёшки, сыра и орехов». Даже расходник может стать сокровищем, когда его происхождение настолько необычно. На рынке редкостей за неё наверняка начнётся спор.",10560,"food,household,tier-5"
I0327,5,Фляга разбавленного ягодного морса,"Простой расходник пригодится один раз, если не ждать от него чудес. Содержимое тихо плещется и пахнет ровно так, как обещает его вид.",1416,Фляга разбавленного ягодного морса — с последним бокалом,"Каждое утро в сосуде снова появляется ровно один бокал напитка. Малое свойство относится именно к находке «Фляга разбавленного ягодного морса». Даже расходник может стать сокровищем, когда его происхождение настолько необычно. Подлинная метка превращает случайную находку в событие.",19824,"drink,household,tier-5"
I0328,5,Костяные игральные фишки,"Простой расходник пригодится один раз, если не ждать от него чудес. На кости заметны насечки, следы зубов или попытка придать ей смысл.",1152,Костяные игральные фишки — честной игры,"Костяшки не терпят подмены и тихо звенят при попытке жульничества. Малое свойство относится именно к находке «Костяные игральные фишки». Даже расходник может стать сокровищем, когда его происхождение настолько необычно. Состояние почти идеальное, а происхождение подтверждено.",17280,"bones,household,tier-5"
I0329,5,Малый молоток для палаточных колышков,"Простой расходник пригодится один раз, если не ждать от него чудес. Баланс рукояти показывает, годится ли находка для настоящей работы.",816,Малый молоток для палаточных колышков — находящий расшатанный гвоздь,"Рукоять едва заметно поворачивается к ближайшему расшатанному креплению. Малое свойство относится именно к находке «Малый молоток для палаточных колышков». Даже расходник может стать сокровищем, когда его происхождение настолько необычно. Знаток заплатит за такую редкость намного больше обычного.",13056,"hammer,household,tier-5"
I0330,5,Набор игл с мотком льняной нити,"Простой расходник пригодится один раз, если не ждать от него чудес. Тонкий инструмент пережил владельца и сохранил следы его ремесла.",1584,Набор игл с мотком льняной нити — бережного шва,"Игла не колет владельца и сама подхватывает оборванную нить. Малое свойство относится именно к находке «Набор игл с мотком льняной нити». Даже расходник может стать сокровищем, когда его происхождение настолько необычно. Скрытая деталь делает находку одновременно полезной и коллекционной.",20000,"needle,household,tier-5"
I0331,5,Десять метров конопляного шнура,"Простой расходник пригодится один раз, если не ждать от него чудес. Волокна, узлы и влажность честно показывают остаток прочности.",1200,Десять метров конопляного шнура — помнящий узел,"По слову хозяина верёвка повторяет последний завязанный на ней узел. Малое свойство относится именно к находке «Десять метров конопляного шнура». Даже расходник может стать сокровищем, когда его происхождение настолько необычно. Редкая особенность раскрывается только при внимательном осмотре.",18000,"rope,household,tier-5"
I0332,5,Промасленный мешочек для трута,"Простой расходник пригодится один раз, если не ждать от него чудес. Внутри сохранился запах прежнего содержимого и немного дорожной пыли.",936,Промасленный мешочек для трута — с карманом свежести,"Продукты в одном небольшом отделении не черствеют до следующего утра. Малое свойство относится именно к находке «Промасленный мешочек для трута». Даже расходник может стать сокровищем, когда его происхождение настолько необычно. Даже неприметный вид не способен скрыть выдающееся качество.",14976,"container,household,tier-5"
I0333,5,Угольный карандаш в кожаном футляре,"Простой расходник пригодится один раз, если не ждать от него чудес. Пятна чернил и состояние наконечника говорят о последнем писавшем.",1776,Угольный карандаш в кожаном футляре — без случайных клякс,"Чернила ложатся ровно и исчезают с одежды после простого полоскания. Малое свойство относится именно к находке «Угольный карандаш в кожаном футляре». Даже расходник может стать сокровищем, когда его происхождение настолько необычно. Вещь сохранилась вопреки возрасту и явно переживёт нового хозяина.",20000,"writing,household,tier-5"
I0334,5,Карманный справочник съедобных кореньев,"Простой расходник пригодится один раз, если не ждать от него чудес. Переплёт, поля и закладки выдают, насколько часто текстом пользовались.",1296,Карманный справочник съедобных кореньев — с послушной закладкой,"Книга сама открывается на последней прочитанной странице. Малое свойство относится именно к находке «Карманный справочник съедобных кореньев». Даже расходник может стать сокровищем, когда его происхождение настолько необычно. История владельца повышает цену не меньше, чем материалы.",19440,"book,household,tier-5"
I0335,5,Пачка чистых почтовых листов,"Простой расходник пригодится один раз, если не ждать от него чудес. Печати и подписи можно изучить, хотя назначение бумаги не всегда радует.",1056,Пачка чистых почтовых листов — видимый при свечах,"Текст остаётся ясным даже в самом слабом бытовом освещении. Малое свойство относится именно к находке «Пачка чистых почтовых листов». Даже расходник может стать сокровищем, когда его происхождение настолько необычно. Работа мастера узнаваема и имеет подтверждённую ценность.",16896,"document,household,tier-5"
I0336,5,Рулон медных торговых жетонов,"Простой расходник пригодится один раз, если не ждать от него чудес. Находка связана с мелкой торговлей и хранит следы множества рук.",660,Рулон медных торговых жетонов — считающий честную сдачу,"Предмет тихо звенит, если в горсти не хватает одной мелкой монеты. Малое свойство относится именно к находке «Рулон медных торговых жетонов». Даже расходник может стать сокровищем, когда его происхождение настолько необычно. Неожиданное свойство делает эту версию особенно желанной.",9240,"trade,household,tier-5"
I0337,5,Пара недорогих стеклянных серёг,"Простой расходник пригодится один раз, если не ждать от него чудес. Даже при беглом осмотре видны качество оправы и состояние металла.",1416,Пара недорогих стеклянных серёг — мягкого вечернего блеска,"Украшение светится как свеча, но лишь достаточно, чтобы увидеть руки. Малое свойство относится именно к находке «Пара недорогих стеклянных серёг». Даже расходник может стать сокровищем, когда его происхождение настолько необычно. На рынке редкостей за неё наверняка начнётся спор.",20000,"jewelry,household,tier-5"
I0338,5,Набор цветных мелков для детей,"Простой расходник пригодится один раз, если не ждать от него чудес. Игрушка пережила шумные игры и несколько неумелых починок.",1152,Набор цветных мелков для детей — возвращающийся на полку,"Оставленная на полу игрушка ночью сама оказывается на прежнем месте. Малое свойство относится именно к находке «Набор цветных мелков для детей». Даже расходник может стать сокровищем, когда его происхождение настолько необычно. Подлинная метка превращает случайную находку в событие.",18432,"toy,household,tier-5"
I0339,5,Пучок храмовых благовоний,"Простой расходник пригодится один раз, если не ждать от него чудес. Символы нанесены старательно, хотя их смысл понятен не каждому жрецу.",816,Пучок храмовых благовоний — спокойного сна,"Рядом с вещью бытовые кошмары становятся тише и быстрее забываются. Малое свойство относится именно к находке «Пучок храмовых благовоний». Даже расходник может стать сокровищем, когда его происхождение настолько необычно. Состояние почти идеальное, а происхождение подтверждено.",11424,"religion,household,tier-5"
I0340,5,Тростниковая свирель с чехлом,"Простой расходник пригодится один раз, если не ждать от него чудес. Звук зависит от состояния дерева, металла и терпения исполнителя.",1584,Тростниковая свирель с чехлом — чистого первого звука,"Первая нота всегда звучит правильно, даже после долгого хранения. Малое свойство относится именно к находке «Тростниковая свирель с чехлом». Даже расходник может стать сокровищем, когда его происхождение настолько необычно. Знаток заплатит за такую редкость намного больше обычного.",20000,"music,household,tier-5"
I0341,5,Три силка для мелкой дичи,"Простой расходник пригодится один раз, если не ждать от него чудес. Потёртости показывают, на какую добычу и как часто с вещью ходили.",1200,Три силка для мелкой дичи — бережного ловца,"Снасть предупреждает, если в неё может попасть домашнее животное. Малое свойство относится именно к находке «Три силка для мелкой дичи». Даже расходник может стать сокровищем, когда его происхождение настолько необычно. Скрытая деталь делает находку одновременно полезной и коллекционной.",19200,"hunting,household,tier-5"
I0342,5,Коробка рыболовных крючков,"Простой расходник пригодится один раз, если не ждать от него чудес. Соль, леска и чешуя оставили на снасти честную биографию.",936,Коробка рыболовных крючков — чувствующий поклёвку,"Леска мягко светится, когда рыба действительно касается наживки. Малое свойство относится именно к находке «Коробка рыболовных крючков». Даже расходник может стать сокровищем, когда его происхождение настолько необычно. Редкая особенность раскрывается только при внимательном осмотре.",13104,"fishing,household,tier-5"
I0343,5,Небольшой моток ремонтной парусины,"Простой расходник пригодится один раз, если не ждать от него чудес. Запах смолы и соли выдаёт долгую службу рядом с водой.",1776,Небольшой моток ремонтной парусины — не знающий плесени,"Соль и сырость не портят материал, пока вещь регулярно используют. Малое свойство относится именно к находке «Небольшой моток ремонтной парусины». Даже расходник может стать сокровищем, когда его происхождение настолько необычно. Даже неприметный вид не способен скрыть выдающееся качество.",20000,"nautical,household,tier-5"
I0344,5,Точильный брусок для косы,"Простой расходник пригодится один раз, если не ждать от него чудес. Земля в щелях и затёртая рукоять говорят о привычной работе.",1296,Точильный брусок для косы — ровной борозды,"Инструмент оставляет особенно прямой след на рыхлой земле. Малое свойство относится именно к находке «Точильный брусок для косы». Даже расходник может стать сокровищем, когда его происхождение настолько необычно. Вещь сохранилась вопреки возрасту и явно переживёт нового хозяина.",20000,"farming,household,tier-5"
I0345,5,Две свечи для шахтёрского фонаря,"Простой расходник пригодится один раз, если не ждать от него чудес. Каменная пыль забилась в каждую выемку этой шахтёрской вещи.",1056,Две свечи для шахтёрского фонаря — чувствующий пустоты,"Лёгкий звон предупреждает о полости сразу за тонкой стенкой. Малое свойство относится именно к находке «Две свечи для шахтёрского фонаря». Даже расходник может стать сокровищем, когда его происхождение настолько необычно. История владельца повышает цену не меньше, чем материалы.",14784,"mining,household,tier-5"
I0346,5,Пакет деревянных клиньев,"Простой расходник пригодится один раз, если не ждать от него чудес. Смола и тонкая стружка сохранились возле рабочих кромок.",660,Пакет деревянных клиньев — без заноз,"Обработанное им дерево остаётся гладким и не цепляет ладони. Малое свойство относится именно к находке «Пакет деревянных клиньев». Даже расходник может стать сокровищем, когда его происхождение настолько необычно. Работа мастера узнаваема и имеет подтверждённую ценность.",9900,"woodcraft,household,tier-5"
I0347,5,Кусок кузнечного флюса,"Простой расходник пригодится один раз, если не ждать от него чудес. Окалина и следы жара не оставляют сомнений в кузнечном прошлом.",1416,Кусок кузнечного флюса — умеренного жара,"Рукоять не нагревается от обычной печи и защищает ладонь мастера. Малое свойство относится именно к находке «Кусок кузнечного флюса». Даже расходник может стать сокровищем, когда его происхождение настолько необычно. Неожиданное свойство делает эту версию особенно желанной.",20000,"smithing,household,tier-5"
I0348,5,Восковой слепок простого замка,"Простой расходник пригодится один раз, если не ждать от него чудес. Размер и гибкость намекают на задачи, о которых не пишут в накладных.",1152,Восковой слепок простого замка — послушного замка,"Механизм помогает открыть только простые замки, к которым у владельца есть ключ. Малое свойство относится именно к находке «Восковой слепок простого замка». Даже расходник может стать сокровищем, когда его происхождение настолько необычно. На рынке редкостей за неё наверняка начнётся спор.",16128,"hardware,household,tier-5"
I0349,5,Порция средства для очистки меди,"Простой расходник пригодится один раз, если не ждать от него чудес. Осадок и цвет позволяют строить догадки, но не советуют пробовать содержимое.",816,Порция средства для очистки меди — чистого состава,"Средство меняет цвет, если испортилось или стало опасным. Малое свойство относится именно к находке «Порция средства для очистки меди». Даже расходник может стать сокровищем, когда его происхождение настолько необычно. Подлинная метка превращает случайную находку в событие.",12240,"household-supplies,household,tier-5"
I0350,5,Пакет перевязочной ткани,"Простой расходник пригодится один раз, если не ждать от него чудес. Запах трав и аккуратность упаковки показывают уровень прежнего лекаря.",1584,Пакет перевязочной ткани — домашнего лекаря,"Принадлежности остаются чистыми и пахнут свежими травами. Малое свойство относится именно к находке «Пакет перевязочной ткани». Даже расходник может стать сокровищем, когда его происхождение настолько необычно. Состояние почти идеальное, а происхождение подтверждено.",20000,"medicine,household,tier-5"
I0351,5,Сухая растопка в берестяном коробе,"Простой расходник пригодится один раз, если не ждать от него чудес. Пыль дорог и следы дождя видны сильнее любой торговой марки.",1200,Сухая растопка в берестяном коробе — сухого привала,"Под вещью образуется небольшой сухой участок для сидения. Малое свойство относится именно к находке «Сухая растопка в берестяном коробе». Даже расходник может стать сокровищем, когда его происхождение настолько необычно. Знаток заплатит за такую редкость намного больше обычного.",16800,"camping,household,tier-5"
I0352,5,Шесть сальных свечей,"Простой расходник пригодится один раз, если не ждать от него чудес. Копоть вокруг огня рассказывает, насколько ровно он когда-то горел.",936,Шесть сальных свечей — тихого пламени,"Огонёк не коптит и не гаснет от слабого сквозняка. Малое свойство относится именно к находке «Шесть сальных свечей». Даже расходник может стать сокровищем, когда его происхождение настолько необычно. Скрытая деталь делает находку одновременно полезной и коллекционной.",14040,"light,household,tier-5"
I0353,5,Меловой шнур для разметки пути,"Простой расходник пригодится один раз, если не ждать от него чудес. Стрелки, шкалы и потёртый корпус ещё могут подсказать направление.",1776,Меловой шнур для разметки пути — верной дороги домой,"Стрелка может указать направление к последнему безопасному ночлегу. Малое свойство относится именно к находке «Меловой шнур для разметки пути». Даже расходник может стать сокровищем, когда его происхождение настолько необычно. Редкая особенность раскрывается только при внимательном осмотре.",20000,"navigation,household,tier-5"
I0354,5,Запасные накладки для рабочих рукавиц,"Простой расходник пригодится один раз, если не ждать от него чудес. Материал защищает от обычной грязи и непогоды, не превращая вещь в доспех.",1296,Запасные накладки для рабочих рукавиц — не боящийся рабочей грязи,"Пыль и стружка легко стряхиваются после окончания работы. Малое свойство относится именно к находке «Запасные накладки для рабочих рукавиц». Даже расходник может стать сокровищем, когда его происхождение настолько необычно. Даже неприметный вид не способен скрыть выдающееся качество.",18144,"workwear,household,tier-5"
I0355,5,Круглая доска для подачи хлеба,"Простой расходник пригодится один раз, если не ждать от него чудес. Форма рассчитана на мирную домашнюю или ремесленную работу.",1056,Круглая доска для подачи хлеба — домового порядка,"Оставленная рядом мелочь ночью складывается аккуратнее. Малое свойство относится именно к находке «Круглая доска для подачи хлеба». Даже расходник может стать сокровищем, когда его происхождение настолько необычно. Вещь сохранилась вопреки возрасту и явно переживёт нового хозяина.",15840,"household,household,tier-5"
I0356,5,Паста для заточки кухонного ножа,"Простой расходник пригодится один раз, если не ждать от него чудес. Кромка нужна на кухне или в мастерской, а не в бою.",660,Паста для заточки кухонного ножа — с вечной кухонной заточкой,"Кромка долго остаётся острой на хлебе, овощах и бечёвке. Малое свойство относится именно к находке «Паста для заточки кухонного ножа». Даже расходник может стать сокровищем, когда его происхождение настолько необычно. История владельца повышает цену не меньше, чем материалы.",10560,"kitchen,household,tier-5"
I0357,5,Масло для ухода за дверными петлями,"Простой расходник пригодится один раз, если не ждать от него чудес. Вещица служит украшением комнаты и показывает достаток владельца.",1416,Масло для ухода за дверными петлями — с памятью комнаты,"Украшение принимает оттенок занавесей, возле которых его оставили. Малое свойство относится именно к находке «Масло для ухода за дверными петлями». Даже расходник может стать сокровищем, когда его происхождение настолько необычно. Работа мастера узнаваема и имеет подтверждённую ценность.",19824,"decor,household,tier-5"
I0358,5,Чехол для садового секатора,"Простой расходник пригодится один раз, если не ждать от него чудес. Рабочий инструмент удобно лежит в руке и решает повседневную задачу.",1152,Чехол для садового секатора — бережного мастера,"Инструмент не соскальзывает при простой бытовой работе. Малое свойство относится именно к находке «Чехол для садового секатора». Даже расходник может стать сокровищем, когда его происхождение настолько необычно. Неожиданное свойство делает эту версию особенно желанной.",17280,"hand-tool,household,tier-5"
I0359,5,Запасная дуга для плетёной корзины,"Простой расходник пригодится один раз, если не ждать от него чудес. Гибкая деталь пригодится ремесленнику, упаковщику или хозяину дома.",816,Запасная дуга для плетёной корзины — ровной меры,"Гибкая деталь помогает отмерить одинаковые отрезки материала. Малое свойство относится именно к находке «Запасная дуга для плетёной корзины». Даже расходник может стать сокровищем, когда его происхождение настолько необычно. На рынке редкостей за неё наверняка начнётся спор.",13056,"craft,household,tier-5"
I0360,5,Связка деревянных шпилек для белья,"Простой расходник пригодится один раз, если не ждать от него чудес. Комплект расходников аккуратно собран для мирного ремонта.",1584,Связка деревянных шпилек для белья — самособирающийся набор,"Рассыпанные рядом детали к утру снова лежат в упаковке. Малое свойство относится именно к находке «Связка деревянных шпилек для белья». Даже расходник может стать сокровищем, когда его происхождение настолько необычно. Подлинная метка превращает случайную находку в событие.",20000,"supplies,household,tier-5"
I0361,5,Мел для отметок на дорожных столбах,"Простой расходник пригодится один раз, если не ждать от него чудес. Трость или подпорка помогает в дороге и возле дома.",1200,Мел для отметок на дорожных столбах — лёгкого шага,"Трость снимает усталость после последней лиги спокойной дороги. Малое свойство относится именно к находке «Мел для отметок на дорожных столбах». Даже расходник может стать сокровищем, когда его происхождение настолько необычно. Состояние почти идеальное, а происхождение подтверждено.",18000,"walking,household,tier-5"
I0362,5,Щётка и скребок для лошадиной сбруи,"Простой расходник пригодится один раз, если не ждать от него чудес. Ремни и пряжки подогнаны под конкретного зверя и долгую дорогу.",936,Щётка и скребок для лошадиной сбруи — доброй конюшни,"Животное быстрее успокаивается при привычной работе с этой вещью. Малое свойство относится именно к находке «Щётка и скребок для лошадиной сбруи». Даже расходник может стать сокровищем, когда его происхождение настолько необычно. Знаток заплатит за такую редкость намного больше обычного.",14976,"animal,household,tier-5"
I0363,5,"Кристалл, на час отпугивающий мошкару","Простой расходник пригодится один раз, если не ждать от него чудес. Едва заметная странность отличает вещицу от совершенно обычного хлама.",1776,"Кристалл, на час отпугивающий мошкару — с полезной странностью","Малое чудо безопасно помогает в одной повседневной задаче. Малое свойство относится именно к находке «Кристалл, на час отпугивающий мошкару». Даже расходник может стать сокровищем, когда его происхождение настолько необычно. Скрытая деталь делает находку одновременно полезной и коллекционной.",20000,"curiosity,household,tier-5"
I0364,5,Гоблинский пакет острого сушёного гороха,"Простой расходник пригодится один раз, если не ждать от него чудес. Гоблинская практичность смешана здесь с самоуверенным украшательством.",1296,Гоблинский пакет острого сушёного гороха — гоблинского умельца,"Смешная хитрость неожиданно хорошо справляется с бытовой мелочью. Малое свойство относится именно к находке «Гоблинский пакет острого сушёного гороха». Даже расходник может стать сокровищем, когда его происхождение настолько необычно. Редкая особенность раскрывается только при внимательном осмотре.",19440,"goblin,household,tier-5"
I0365,5,Дварфская порция угольного розжига,"Простой расходник пригодится один раз, если не ждать от него чудес. Дворфская манера видна по тяжести, рунам и упрямой прочности.",1056,"Дварфская порция угольного розжига — крепче, чем выглядит","Дворфская работа выдерживает падения и обычный жар мастерской. Малое свойство относится именно к находке «Дварфская порция угольного розжига». Даже расходник может стать сокровищем, когда его происхождение настолько необычно. Даже неприметный вид не способен скрыть выдающееся качество.",16896,"dwarf,household,tier-5"
I0366,5,Эльфийская лента для перевязки пера,"Простой расходник пригодится один раз, если не ждать от него чудес. Эльфийская работа узнаётся по лёгким линиям и вниманию к мелочам.",660,Эльфийская лента для перевязки пера — эльфийской аккуратности,"Вещь сама сохраняет чистоту и тонкий лесной аромат. Малое свойство относится именно к находке «Эльфийская лента для перевязки пера». Даже расходник может стать сокровищем, когда его происхождение настолько необычно. Вещь сохранилась вопреки возрасту и явно переживёт нового хозяина.",9240,"elf,household,tier-5"
I0367,5,Солдатский набор пуговиц и ниток,"Простой расходник пригодится один раз, если не ждать от него чудес. Человеческая вещь хранит понятные следы службы, ремонта и дороги.",1416,Солдатский набор пуговиц и ниток — с меткой хорошего хозяина,"Незаметная деталь делает повседневное использование особенно удобным. Малое свойство относится именно к находке «Солдатский набор пуговиц и ниток». Даже расходник может стать сокровищем, когда его происхождение настолько необычно. История владельца повышает цену не меньше, чем материалы.",20000,"human,household,tier-5"
I0368,5,Две пары дорожных стелек,"Простой расходник пригодится один раз, если не ждать от него чудес. Каждая царапина отмечает новый участок долгого маршрута.",1152,Две пары дорожных стелек — помнящий последний ночлег,"На поверхности появляется маленькая отметка направления к последнему привалу. Малое свойство относится именно к находке «Две пары дорожных стелек». Даже расходник может стать сокровищем, когда его происхождение настолько необычно. Работа мастера узнаваема и имеет подтверждённую ценность.",18432,"travel,household,tier-5"
I0369,5,Образцы пряностей в бумажных пакетах,"Простой расходник пригодится один раз, если не ждать от него чудес. Бирки и упаковка выдают товар, который когда-то ждал покупателя.",816,Образцы пряностей в бумажных пакетах — с честной мерой,"Упаковка предупреждает, если товара внутри стало меньше указанного. Малое свойство относится именно к находке «Образцы пряностей в бумажных пакетах». Даже расходник может стать сокровищем, когда его происхождение настолько необычно. Неожиданное свойство делает эту версию особенно желанной.",11424,"merchant,household,tier-5"
I0370,5,Брусок мягкой глины для ремонта посуды,"Простой расходник пригодится один раз, если не ждать от него чудес. Следы краски, глины или клея точно называют ремесло владельца.",1584,Брусок мягкой глины для ремонта посуды — точной руки,"Инструмент слегка исправляет мелкие дрожания при спокойной работе. Малое свойство относится именно к находке «Брусок мягкой глины для ремонта посуды». Даже расходник может стать сокровищем, когда его происхождение настолько необычно. На рынке редкостей за неё наверняка начнётся спор.",20000,"artisan,household,tier-5"
I0371,5,Пакетик порошка для чистки очага,"Простой расходник пригодится один раз, если не ждать от него чудес. Бытовая вещь честно показывает привычки и достаток прежнего дома.",1200,Пакетик порошка для чистки очага — домового порядка,"Оставленная рядом мелочь ночью складывается аккуратнее. Малое свойство относится именно к находке «Пакетик порошка для чистки очага». Даже расходник может стать сокровищем, когда его происхождение настолько необычно. Подлинная метка превращает случайную находку в событие.",19200,"household,household,tier-5"
I0372,5,Временная деревянная заготовка ключа,"Простой расходник пригодится один раз, если не ждать от него чудес. Форма бородки обещает замок, который, возможно, ещё существует.",936,Временная деревянная заготовка ключа — узнающий свой замок,"Металл становится тёплым рядом с подходящим замком. Малое свойство относится именно к находке «Временная деревянная заготовка ключа». Даже расходник может стать сокровищем, когда его происхождение настолько необычно. Состояние почти идеальное, а происхождение подтверждено.",13104,"key,household,tier-5"
I0373,5,Лист промасленной бумаги для карты,"Простой расходник пригодится один раз, если не ждать от него чудес. Линии маршрута, пятна и исправления оставлены разными путешественниками.",1776,Лист промасленной бумаги для карты — не боящийся дождя,"Чернила не расплываются от воды и снова проявляются после высыхания. Малое свойство относится именно к находке «Лист промасленной бумаги для карты». Даже расходник может стать сокровищем, когда его происхождение настолько необычно. Знаток заплатит за такую редкость намного больше обычного.",20000,"map,household,tier-5"
I0374,5,Мешочек стеклянной крошки для мозаики,"Простой расходник пригодится один раз, если не ждать от него чудес. Свет на гранях помогает отличить камень, стекло и удачную подделку.",1296,Мешочек стеклянной крошки для мозаики — с вечерним огоньком,"Камень даёт мягкий свет размером с пламя свечи. Малое свойство относится именно к находке «Мешочек стеклянной крошки для мозаики». Даже расходник может стать сокровищем, когда его происхождение настолько необычно. Скрытая деталь делает находку одновременно полезной и коллекционной.",20000,"gem,household,tier-5"
I0375,5,Одноразовая дымная шашка от комаров,"Простой расходник пригодится один раз, если не ждать от него чудес. Назначение странности неочевидно, но детали явно сложились не случайно.",1056,Одноразовая дымная шашка от комаров — с тихим бытовым чудом,"Странность проявляет небольшое, безопасное и полезное свойство. Малое свойство относится именно к находке «Одноразовая дымная шашка от комаров». Даже расходник может стать сокровищем, когда его происхождение настолько необычно. Редкая особенность раскрывается только при внимательном осмотре.",14784,"oddity,household,tier-5"
I0376,5,Льняная сменная рубаха,"Простой расходник пригодится один раз, если не ждать от него чудес. Ткань и швы соответствуют бытовому назначению.",660,Льняная сменная рубаха — не знающий свежих пятен,"Свежая грязь осыпается с материала после лёгкого встряхивания. Даже расходник может стать сокровищем, когда его происхождение настолько необычно. Даже неприметный вид не способен скрыть выдающееся качество.",9900,"textile,household,tier-5"
I0377,5,Кожаные тапочки с мягкой подкладкой,"Простой расходник пригодится один раз, если не ждать от него чудес. Подошва рассчитана на обычные улицы и домашний двор.",1416,Кожаные тапочки с мягкой подкладкой — с сухой подкладкой,"Внутренняя сторона остаётся сухой после луж и мокрой травы. Даже расходник может стать сокровищем, когда его происхождение настолько необычно. Вещь сохранилась вопреки возрасту и явно переживёт нового хозяина.",20000,"footwear,household,tier-5"
I0378,5,Набор одинаковых деревянных тарелок,"Простой расходник пригодится один раз, если не ждать от него чудес. Посуда сохранила следы семейных завтраков и трактирных ужинов.",1152,Набор одинаковых деревянных тарелок — тихого гостеприимства,"Она слегка согревает поданную еду, но не обжигает руки. Даже расходник может стать сокровищем, когда его происхождение настолько необычно. История владельца повышает цену не меньше, чем материалы.",16128,"tableware,household,tier-5"
I0379,5,Чайник из лужёной меди,"Простой расходник пригодится один раз, если не ждать от него чудес. Копоть и царапины не мешают использовать вещь на кухне.",816,Чайник из лужёной меди — ленивого повара,"Раз в день посуда самостоятельно доводит воду до кипения. Даже расходник может стать сокровищем, когда его происхождение настолько необычно. Работа мастера узнаваема и имеет подтверждённую ценность.",12240,"cookware,household,tier-5"
I0380,5,Корзинка свежих яблок и орехов,"Простой расходник пригодится один раз, если не ждать от него чудес. Продукт можно оценить по запаху, упаковке и свежести.",1584,Корзинка свежих яблок и орехов — домашнего вкуса,"Еда всегда кажется приготовленной по любимому семейному рецепту. Даже расходник может стать сокровищем, когда его происхождение настолько необычно. Неожиданное свойство делает эту версию особенно желанной.",20000,"food,household,tier-5"
I0381,5,Бутыль ягодного взвара,"Простой расходник пригодится один раз, если не ждать от него чудес. Сосуд и напиток относятся к повседневному столу.",1200,Бутыль ягодного взвара — с утренним бокалом,"На рассвете внутри появляется одна небольшая свежая порция. Даже расходник может стать сокровищем, когда его происхождение настолько необычно. На рынке редкостей за неё наверняка начнётся спор.",16800,"drink,household,tier-5"
I0382,5,Плотный мешок для муки,"Простой расходник пригодится один раз, если не ждать от него чудес. Ёмкость подходит для хранения обычных домашних запасов.",936,Плотный мешок для муки — бережной кладовой,"Сухое содержимое не отсыревает до следующей недели. Даже расходник может стать сокровищем, когда его происхождение настолько необычно. Подлинная метка превращает случайную находку в событие.",14040,"storage,household,tier-5"
I0383,5,Чернильный карандаш в футляре,"Простой расходник пригодится один раз, если не ждать от него чудес. Письменная принадлежность годится для счетов и коротких писем.",1776,Чернильный карандаш в футляре — без клякс,"Чернила ложатся ровно и не пачкают пальцы владельца. Даже расходник может стать сокровищем, когда его происхождение настолько необычно. Состояние почти идеальное, а происхождение подтверждено.",20000,"stationery,household,tier-5"
I0384,5,Сборник полезных советов хозяйке,"Простой расходник пригодится один раз, если не ждать от него чудес. Издание предназначено для практического чтения или досуга.",1296,Сборник полезных советов хозяйке — с послушной закладкой,"Переплёт сам открывается на последней прочитанной странице. Даже расходник может стать сокровищем, когда его происхождение настолько необычно. Знаток заплатит за такую редкость намного больше обычного.",18144,"book,household,tier-5"
I0385,5,Веник из молодой берёзы,"Простой расходник пригодится один раз, если не ждать от него чудес. Простая принадлежность помогает поддерживать дом в порядке.",1056,Веник из молодой берёзы — домового порядка,"Раз в сутки она самостоятельно очищает небольшой участок комнаты. Даже расходник может стать сокровищем, когда его происхождение настолько необычно. Скрытая деталь делает находку одновременно полезной и коллекционной.",15840,"cleaning,household,tier-5"
I0386,5,Медное зеркальце для бритья,"Простой расходник пригодится один раз, если не ждать от него чудес. Предмет хранит следы ежедневного ухода за собой.",660,Медное зеркальце для бритья — опрятного утра,"Он распутывает волосы или бороду без боли и статического треска. Даже расходник может стать сокровищем, когда его происхождение настолько необычно. Редкая особенность раскрывается только при внимательном осмотре.",10560,"grooming,household,tier-5"
I0387,5,Домашний набор ниток и пуговиц,"Простой расходник пригодится один раз, если не ждать от него чудес. Набор пригоден для обычного ремонта одежды.",1416,Домашний набор ниток и пуговиц — бережного шва,"Нить сама затягивает один короткий разрыв ткани в день. Даже расходник может стать сокровищем, когда его происхождение настолько необычно. Даже неприметный вид не способен скрыть выдающееся качество.",19824,"sewing,household,tier-5"
I0388,5,Молоток для мелкого ремонта мебели,"Простой расходник пригодится один раз, если не ждать от него чудес. Инструмент решает одну понятную ремесленную задачу.",1152,Молоток для мелкого ремонта мебели — точной руки,"Рукоять исправляет небольшое дрожание при спокойной работе. Даже расходник может стать сокровищем, когда его происхождение настолько необычно. Вещь сохранилась вопреки возрасту и явно переживёт нового хозяина.",17280,"hand-tool,household,tier-5"
I0389,5,Ножницы для обрезки трав,"Простой расходник пригодится один раз, если не ждать от него чудес. Земля и растительный сок выдают работу возле дома или фермы.",816,Ножницы для обрезки трав — ровной грядки,"Инструмент оставляет особенно прямую борозду в рыхлой почве. Даже расходник может стать сокровищем, когда его происхождение настолько необычно. История владельца повышает цену не меньше, чем материалы.",13056,"garden,household,tier-5"
I0390,5,Весы для кухонных припасов,"Простой расходник пригодится один раз, если не ждать от него чудес. Бирки и мерки связывают вещь с обычной рыночной торговлей.",1584,Весы для кухонных припасов — честной меры,"Она предупреждает тихим звоном о недовесе товара. Даже расходник может стать сокровищем, когда его происхождение настолько необычно. Работа мастера узнаваема и имеет подтверждённую ценность.",20000,"market,household,tier-5"
I0391,5,Вышитая салфетка на комод,"Простой расходник пригодится один раз, если не ждать от него чудес. Украшение рассчитано на комнату, лавку или трактирный зал.",1200,Вышитая салфетка на комод — уютного света,"Вечером оно даёт мягкий блеск яркостью не больше свечи. Даже расходник может стать сокровищем, когда его происхождение настолько необычно. Неожиданное свойство делает эту версию особенно желанной.",18000,"decor,household,tier-5"
I0392,5,Раскрашенная лошадка на колёсах,"Простой расходник пригодится один раз, если не ждать от него чудес. Игрушка пережила игры, падения и несколько починок.",936,Раскрашенная лошадка на колёсах — возвращающийся на полку,"Ночью она сама оказывается на привычном месте. Даже расходник может стать сокровищем, когда его происхождение настолько необычно. На рынке редкостей за неё наверняка начнётся спор.",14976,"toy,household,tier-5"
I0393,5,Бубен для семейного праздника,"Простой расходник пригодится один раз, если не ждать от него чудес. Инструмент создан для домашней музыки и простых мелодий.",1776,Бубен для семейного праздника — чистой первой ноты,"Первый звук всегда получается ясным и правильным. Даже расходник может стать сокровищем, когда его происхождение настолько необычно. Подлинная метка превращает случайную находку в событие.",20000,"music,household,tier-5"
I0394,5,Лампа с запасным фитилём,"Простой расходник пригодится один раз, если не ждать от него чудес. Источник света удобен в комнате, сарае или на крыльце.",1296,Лампа с запасным фитилём — без копоти,"Огонь не пачкает потолок и не гаснет от слабого сквозняка. Даже расходник может стать сокровищем, когда его происхождение настолько необычно. Состояние почти идеальное, а происхождение подтверждено.",19440,"light,household,tier-5"
I0395,5,Стёганая подушка для лавки,"Простой расходник пригодится один раз, если не ждать от него чудес. Мягкая вещь хранит тепло обычной спальни или постоялого двора.",1056,Стёганая подушка для лавки — спокойного сна,"Рядом с ней быстрее забываются повседневные кошмары. Даже расходник может стать сокровищем, когда его происхождение настолько необычно. Знаток заплатит за такую редкость намного больше обычного.",16896,"bedding,household,tier-5"
I0396,5,Механический таймер кухонной печи,"Простой расходник пригодится один раз, если не ждать от него чудес. Механизм помогает следить за временем домашних дел.",660,Механический таймер кухонной печи — точного часа,"Часы сами исправляют отставание на рассвете. Даже расходник может стать сокровищем, когда его происхождение настолько необычно. Скрытая деталь делает находку одновременно полезной и коллекционной.",9240,"timepiece,household,tier-5"
I0397,5,Складной тканевый дорожный таз,"Простой расходник пригодится один раз, если не ждать от него чудес. Предмет полезен обычному путнику, а не искателю битв.",1416,Складной тканевый дорожный таз — помнящий ночлег,"На нём появляется отметка направления к последнему безопасному привалу. Даже расходник может стать сокровищем, когда его происхождение настолько необычно. Редкая особенность раскрывается только при внимательном осмотре.",20000,"travel,household,tier-5"
I0398,5,Скребок и гребень для лошади,"Простой расходник пригодится один раз, если не ждать от него чудес. Вещь связана с уходом за домашним или тягловым животным.",1152,Скребок и гребень для лошади — доброй конюшни,"Зверь быстрее успокаивается во время привычного ухода. Даже расходник может стать сокровищем, когда его происхождение настолько необычно. Даже неприметный вид не способен скрыть выдающееся качество.",18432,"animal,household,tier-5"
I0399,5,Баночка молотого мускатного ореха,"Простой расходник пригодится один раз, если не ждать от него чудес. Запах и упаковка позволяют судить о качестве приправы.",816,Баночка молотого мускатного ореха — не теряющий аромата,"Щепотка восстанавливает запах после закрытия упаковки. Даже расходник может стать сокровищем, когда его происхождение настолько необычно. Вещь сохранилась вопреки возрасту и явно переживёт нового хозяина.",11424,"spice,household,tier-5"
I0400,5,Резная коробочка для памятных мелочей,"Простой расходник пригодится один раз, если не ждать от него чудес. Странная мелочь всё ещё принадлежит миру повседневных вещей.",1584,Резная коробочка для памятных мелочей — с маленьким чудом,"Безопасная особенность помогает в одной домашней задаче. Даже расходник может стать сокровищем, когда его происхождение настолько необычно. История владельца повышает цену не меньше, чем материалы.",20000,"curiosity,household,tier-5"
I0401,6,Широкополая шляпа полевого работника,Добротная крестьянская вещь создана для повседневной работы. Форма и следы носки сразу выдают историю головного убора.,2700,Широкополая шляпа полевого работника — не промокающий под дождём,"Капли скатываются с него, не оставляя сырости. Малое свойство относится именно к находке «Широкополая шляпа полевого работника». За простой крестьянской формой скрывается исключительная надёжность и история. Работа мастера узнаваема и имеет подтверждённую ценность.",27000,"headwear,household,tier-6"
I0402,6,Крепкие деревянные башмаки,"Добротная крестьянская вещь создана для повседневной работы. Подошва, застёжки и размер делают эту обувь вполне узнаваемой находкой.",2200,Крепкие деревянные башмаки — с сухими пятками,Обувь остаётся сухой даже после неглубокой лужи. Малое свойство относится именно к находке «Крепкие деревянные башмаки». За простой крестьянской формой скрывается исключительная надёжность и история. Неожиданное свойство делает эту версию особенно желанной.,24200,"footwear,household,tier-6"
I0403,6,Домотканая рубаха с поясом,"Добротная крестьянская вещь создана для повседневной работы. Ткань сохранила запах дороги, мастерской или прежнего хозяина.",1375,Домотканая рубаха с поясом — не собирающий пятен,Свежая грязь сама осыпается с ткани через несколько минут. Малое свойство относится именно к находке «Домотканая рубаха с поясом». За простой крестьянской формой скрывается исключительная надёжность и история. На рынке редкостей за неё наверняка начнётся спор.,16500,"clothes,household,tier-6"
I0404,6,Деревянная ложка из яблони,Добротная крестьянская вещь создана для повседневной работы. На поверхности остались царапины от долгого и не всегда бережного использования.,2950,Деревянная ложка из яблони — показывающий идеальную температуру,"Прибор слегка теплеет, когда еду уже можно есть без риска обжечься. Малое свойство относится именно к находке «Деревянная ложка из яблони». За простой крестьянской формой скрывается исключительная надёжность и история. Подлинная метка превращает случайную находку в событие.",29500,"utensil,household,tier-6"
I0405,6,Чугунный горшок крестьянской семьи,Добротная крестьянская вещь создана для повседневной работы. Копоть и вмятины рассказывают о множестве походных ужинов.,2400,Чугунный горшок крестьянской семьи — ленивого повара,"Раз в день посуда сама доводит воду до кипения. Малое свойство относится именно к находке «Чугунный горшок крестьянской семьи». За простой крестьянской формой скрывается исключительная надёжность и история. Состояние почти идеальное, а происхождение подтверждено.",26400,"cookware,household,tier-6"
I0406,6,Круг домашнего копчёного сыра,"Добротная крестьянская вещь создана для повседневной работы. Запах, корочка и упаковка позволяют оценить свежесть без рискованной дегустации.",1700,Круг домашнего копчёного сыра — с вкусом домашнего праздника,Даже маленькая порция насыщает и всегда кажется свежей. Малое свойство относится именно к находке «Круг домашнего копчёного сыра». За простой крестьянской формой скрывается исключительная надёжность и история. Знаток заплатит за такую редкость намного больше обычного.,20400,"food,household,tier-6"
I0407,6,Кувшин свежего тёмного кваса,"Добротная крестьянская вещь создана для повседневной работы. Содержимое тихо плещется и пахнет ровно так, как обещает его вид.",3300,Кувшин свежего тёмного кваса — с последним бокалом,Каждое утро в сосуде снова появляется ровно один бокал напитка. Малое свойство относится именно к находке «Кувшин свежего тёмного кваса». За простой крестьянской формой скрывается исключительная надёжность и история. Скрытая деталь делает находку одновременно полезной и коллекционной.,33000,"drink,household,tier-6"
I0408,6,Набор резных костей для бабок,"Добротная крестьянская вещь создана для повседневной работы. На кости заметны насечки, следы зубов или попытка придать ей смысл.",2500,Набор резных костей для бабок — честной игры,Костяшки не терпят подмены и тихо звенят при попытке жульничества. Малое свойство относится именно к находке «Набор резных костей для бабок». За простой крестьянской формой скрывается исключительная надёжность и история. Редкая особенность раскрывается только при внимательном осмотре.,27500,"bones,household,tier-6"
I0409,6,Плотницкий молоток общего назначения,"Добротная крестьянская вещь создана для повседневной работы. Баланс рукояти показывает, годится ли находка для настоящей работы.",1950,Плотницкий молоток общего назначения — находящий расшатанный гвоздь,Рукоять едва заметно поворачивается к ближайшему расшатанному креплению. Малое свойство относится именно к находке «Плотницкий молоток общего назначения». За простой крестьянской формой скрывается исключительная надёжность и история. Даже неприметный вид не способен скрыть выдающееся качество.,23400,"hammer,household,tier-6"
I0410,6,Швейный набор деревенской хозяйки,Добротная крестьянская вещь создана для повседневной работы. Тонкий инструмент пережил владельца и сохранил следы его ремесла.,3700,Швейный набор деревенской хозяйки — бережного шва,Игла не колет владельца и сама подхватывает оборванную нить. Малое свойство относится именно к находке «Швейный набор деревенской хозяйки». За простой крестьянской формой скрывается исключительная надёжность и история. Вещь сохранилась вопреки возрасту и явно переживёт нового хозяина.,37000,"needle,household,tier-6"
I0411,6,Моток крепкой пеньковой верёвки,"Добротная крестьянская вещь создана для повседневной работы. Волокна, узлы и влажность честно показывают остаток прочности.",2700,Моток крепкой пеньковой верёвки — помнящий узел,"По слову хозяина верёвка повторяет последний завязанный на ней узел. Малое свойство относится именно к находке «Моток крепкой пеньковой верёвки». За простой крестьянской формой скрывается исключительная надёжность и история. История владельца повышает цену не меньше, чем материалы.",29700,"rope,household,tier-6"
I0412,6,Берестяной короб для припасов,Добротная крестьянская вещь создана для повседневной работы. Внутри сохранился запах прежнего содержимого и немного дорожной пыли.,2200,Берестяной короб для припасов — с карманом свежести,Продукты в одном небольшом отделении не черствеют до следующего утра. Малое свойство относится именно к находке «Берестяной короб для припасов». За простой крестьянской формой скрывается исключительная надёжность и история. Работа мастера узнаваема и имеет подтверждённую ценность.,26400,"container,household,tier-6"
I0413,6,Писчая дощечка с восковым слоем,Добротная крестьянская вещь создана для повседневной работы. Пятна чернил и состояние наконечника говорят о последнем писавшем.,1375,Писчая дощечка с восковым слоем — без случайных клякс,Чернила ложатся ровно и исчезают с одежды после простого полоскания. Малое свойство относится именно к находке «Писчая дощечка с восковым слоем». За простой крестьянской формой скрывается исключительная надёжность и история. Неожиданное свойство делает эту версию особенно желанной.,13750,"writing,household,tier-6"
I0414,6,Сборник сказок для зимних вечеров,"Добротная крестьянская вещь создана для повседневной работы. Переплёт, поля и закладки выдают, насколько часто текстом пользовались.",2950,Сборник сказок для зимних вечеров — с послушной закладкой,Книга сама открывается на последней прочитанной странице. Малое свойство относится именно к находке «Сборник сказок для зимних вечеров». За простой крестьянской формой скрывается исключительная надёжность и история. На рынке редкостей за неё наверняка начнётся спор.,32450,"book,household,tier-6"
I0415,6,Расписка сельского старосты,"Добротная крестьянская вещь создана для повседневной работы. Печати и подписи можно изучить, хотя назначение бумаги не всегда радует.",2400,Расписка сельского старосты — видимый при свечах,Текст остаётся ясным даже в самом слабом бытовом освещении. Малое свойство относится именно к находке «Расписка сельского старосты». За простой крестьянской формой скрывается исключительная надёжность и история. Подлинная метка превращает случайную находку в событие.,28800,"document,household,tier-6"
I0416,6,Кошель с мерными гирьками,Добротная крестьянская вещь создана для повседневной работы. Находка связана с мелкой торговлей и хранит следы множества рук.,1700,Кошель с мерными гирьками — считающий честную сдачу,"Предмет тихо звенит, если в горсти не хватает одной мелкой монеты. Малое свойство относится именно к находке «Кошель с мерными гирьками». За простой крестьянской формой скрывается исключительная надёжность и история. Состояние почти идеальное, а происхождение подтверждено.",17000,"trade,household,tier-6"
I0417,6,Резная деревянная подвеска,Добротная крестьянская вещь создана для повседневной работы. Даже при беглом осмотре видны качество оправы и состояние металла.,3300,Резная деревянная подвеска — мягкого вечернего блеска,"Украшение светится как свеча, но лишь достаточно, чтобы увидеть руки. Малое свойство относится именно к находке «Резная деревянная подвеска». За простой крестьянской формой скрывается исключительная надёжность и история. Знаток заплатит за такую редкость намного больше обычного.",36300,"jewelry,household,tier-6"
I0418,6,Набор тряпичных зверей,Добротная крестьянская вещь создана для повседневной работы. Игрушка пережила шумные игры и несколько неумелых починок.,2500,Набор тряпичных зверей — возвращающийся на полку,Оставленная на полу игрушка ночью сама оказывается на прежнем месте. Малое свойство относится именно к находке «Набор тряпичных зверей». За простой крестьянской формой скрывается исключительная надёжность и история. Скрытая деталь делает находку одновременно полезной и коллекционной.,30000,"toy,household,tier-6"
I0419,6,Глиняная лампада домашнего алтаря,"Добротная крестьянская вещь создана для повседневной работы. Символы нанесены старательно, хотя их смысл понятен не каждому жрецу.",1950,Глиняная лампада домашнего алтаря — спокойного сна,Рядом с вещью бытовые кошмары становятся тише и быстрее забываются. Малое свойство относится именно к находке «Глиняная лампада домашнего алтаря». За простой крестьянской формой скрывается исключительная надёжность и история. Редкая особенность раскрывается только при внимательном осмотре.,19500,"religion,household,tier-6"
I0420,6,Пастуший рожок из коровьего рога,"Добротная крестьянская вещь создана для повседневной работы. Звук зависит от состояния дерева, металла и терпения исполнителя.",3700,Пастуший рожок из коровьего рога — чистого первого звука,"Первая нота всегда звучит правильно, даже после долгого хранения. Малое свойство относится именно к находке «Пастуший рожок из коровьего рога». За простой крестьянской формой скрывается исключительная надёжность и история. Даже неприметный вид не способен скрыть выдающееся качество.",40700,"music,household,tier-6"
I0421,6,Охотничий нож для разделки мелкой дичи,"Добротная крестьянская вещь создана для повседневной работы. Потёртости показывают, на какую добычу и как часто с вещью ходили.",2700,Охотничий нож для разделки мелкой дичи — бережного ловца,"Снасть предупреждает, если в неё может попасть домашнее животное. Малое свойство относится именно к находке «Охотничий нож для разделки мелкой дичи». За простой крестьянской формой скрывается исключительная надёжность и история. Вещь сохранилась вопреки возрасту и явно переживёт нового хозяина.",32400,"hunting,household,tier-6"
I0422,6,Плетёная верша для ручья,"Добротная крестьянская вещь создана для повседневной работы. Соль, леска и чешуя оставили на снасти честную биографию.",2200,Плетёная верша для ручья — чувствующий поклёвку,"Леска мягко светится, когда рыба действительно касается наживки. Малое свойство относится именно к находке «Плетёная верша для ручья». За простой крестьянской формой скрывается исключительная надёжность и история. История владельца повышает цену не меньше, чем материалы.",22000,"fishing,household,tier-6"
I0423,6,Деревянный блок для малого паруса,Добротная крестьянская вещь создана для повседневной работы. Запах смолы и соли выдаёт долгую службу рядом с водой.,1375,Деревянный блок для малого паруса — не знающий плесени,"Соль и сырость не портят материал, пока вещь регулярно используют. Малое свойство относится именно к находке «Деревянный блок для малого паруса». За простой крестьянской формой скрывается исключительная надёжность и история. Работа мастера узнаваема и имеет подтверждённую ценность.",15125,"nautical,household,tier-6"
I0424,6,Кованая садовая мотыга,Добротная крестьянская вещь создана для повседневной работы. Земля в щелях и затёртая рукоять говорят о привычной работе.,2950,Кованая садовая мотыга — ровной борозды,Инструмент оставляет особенно прямой след на рыхлой земле. Малое свойство относится именно к находке «Кованая садовая мотыга». За простой крестьянской формой скрывается исключительная надёжность и история. Неожиданное свойство делает эту версию особенно желанной.,35400,"farming,household,tier-6"
I0425,6,Ручная кирка для мягкого камня,Добротная крестьянская вещь создана для повседневной работы. Каменная пыль забилась в каждую выемку этой шахтёрской вещи.,2400,Ручная кирка для мягкого камня — чувствующий пустоты,Лёгкий звон предупреждает о полости сразу за тонкой стенкой. Малое свойство относится именно к находке «Ручная кирка для мягкого камня». За простой крестьянской формой скрывается исключительная надёжность и история. На рынке редкостей за неё наверняка начнётся спор.,24000,"mining,household,tier-6"
I0426,6,Плотницкий рубанок с запасным клином,Добротная крестьянская вещь создана для повседневной работы. Смола и тонкая стружка сохранились возле рабочих кромок.,1700,Плотницкий рубанок с запасным клином — без заноз,Обработанное им дерево остаётся гладким и не цепляет ладони. Малое свойство относится именно к находке «Плотницкий рубанок с запасным клином». За простой крестьянской формой скрывается исключительная надёжность и история. Подлинная метка превращает случайную находку в событие.,18700,"woodcraft,household,tier-6"
I0427,6,Кузнечные клещи для мелких заготовок,Добротная крестьянская вещь создана для повседневной работы. Окалина и следы жара не оставляют сомнений в кузнечном прошлом.,3300,Кузнечные клещи для мелких заготовок — умеренного жара,"Рукоять не нагревается от обычной печи и защищает ладонь мастера. Малое свойство относится именно к находке «Кузнечные клещи для мелких заготовок». За простой крестьянской формой скрывается исключительная надёжность и история. Состояние почти идеальное, а происхождение подтверждено.",39600,"smithing,household,tier-6"
I0428,6,Связка простых ключей и отмычек,"Добротная крестьянская вещь создана для повседневной работы. Размер и гибкость намекают на задачи, о которых не пишут в накладных.",2500,Связка простых ключей и отмычек — послушного замка,"Механизм помогает открыть только простые замки, к которым у владельца есть ключ. Малое свойство относится именно к находке «Связка простых ключей и отмычек». За простой крестьянской формой скрывается исключительная надёжность и история. Знаток заплатит за такую редкость намного больше обычного.",25000,"hardware,household,tier-6"
I0429,6,Набор травяных настоек от простуды,"Добротная крестьянская вещь создана для повседневной работы. Осадок и цвет позволяют строить догадки, но не советуют пробовать содержимое.",1950,Набор травяных настоек от простуды — чистого состава,"Средство меняет цвет, если испортилось или стало опасным. Малое свойство относится именно к находке «Набор травяных настоек от простуды». За простой крестьянской формой скрывается исключительная надёжность и история. Скрытая деталь делает находку одновременно полезной и коллекционной.",21450,"household-supplies,household,tier-6"
I0430,6,Сумка сельского костоправа,Добротная крестьянская вещь создана для повседневной работы. Запах трав и аккуратность упаковки показывают уровень прежнего лекаря.,3700,Сумка сельского костоправа — домашнего лекаря,Принадлежности остаются чистыми и пахнут свежими травами. Малое свойство относится именно к находке «Сумка сельского костоправа». За простой крестьянской формой скрывается исключительная надёжность и история. Редкая особенность раскрывается только при внимательном осмотре.,44400,"medicine,household,tier-6"
I0431,6,Свёрнутая подстилка из войлока,Добротная крестьянская вещь создана для повседневной работы. Пыль дорог и следы дождя видны сильнее любой торговой марки.,2700,Свёрнутая подстилка из войлока — сухого привала,Под вещью образуется небольшой сухой участок для сидения. Малое свойство относится именно к находке «Свёрнутая подстилка из войлока». За простой крестьянской формой скрывается исключительная надёжность и история. Даже неприметный вид не способен скрыть выдающееся качество.,27000,"camping,household,tier-6"
I0432,6,Керосиновый фонарь в жестяном корпусе,"Добротная крестьянская вещь создана для повседневной работы. Копоть вокруг огня рассказывает, насколько ровно он когда-то горел.",2200,Керосиновый фонарь в жестяном корпусе — тихого пламени,Огонёк не коптит и не гаснет от слабого сквозняка. Малое свойство относится именно к находке «Керосиновый фонарь в жестяном корпусе». За простой крестьянской формой скрывается исключительная надёжность и история. Вещь сохранилась вопреки возрасту и явно переживёт нового хозяина.,24200,"light,household,tier-6"
I0433,6,Простой магнитный дорожный компас,"Добротная крестьянская вещь создана для повседневной работы. Стрелки, шкалы и потёртый корпус ещё могут подсказать направление.",1375,Простой магнитный дорожный компас — верной дороги домой,"Стрелка может указать направление к последнему безопасному ночлегу. Малое свойство относится именно к находке «Простой магнитный дорожный компас». За простой крестьянской формой скрывается исключительная надёжность и история. История владельца повышает цену не меньше, чем материалы.",16500,"navigation,household,tier-6"
I0434,6,Стёганый жилет для работы в сарае,"Добротная крестьянская вещь создана для повседневной работы. Материал защищает от обычной грязи и непогоды, не превращая вещь в доспех.",2950,Стёганый жилет для работы в сарае — не боящийся рабочей грязи,Пыль и стружка легко стряхиваются после окончания работы. Малое свойство относится именно к находке «Стёганый жилет для работы в сарае». За простой крестьянской формой скрывается исключительная надёжность и история. Работа мастера узнаваема и имеет подтверждённую ценность.,29500,"workwear,household,tier-6"
I0435,6,Большой деревянный поднос с ручками,Добротная крестьянская вещь создана для повседневной работы. Форма рассчитана на мирную домашнюю или ремесленную работу.,2400,Большой деревянный поднос с ручками — домового порядка,Оставленная рядом мелочь ночью складывается аккуратнее. Малое свойство относится именно к находке «Большой деревянный поднос с ручками». За простой крестьянской формой скрывается исключительная надёжность и история. Неожиданное свойство делает эту версию особенно желанной.,26400,"household,household,tier-6"
I0436,6,Нож для нарезки сыра,"Добротная крестьянская вещь создана для повседневной работы. Кромка нужна на кухне или в мастерской, а не в бою.",1700,Нож для нарезки сыра — с вечной кухонной заточкой,"Кромка долго остаётся острой на хлебе, овощах и бечёвке. Малое свойство относится именно к находке «Нож для нарезки сыра». За простой крестьянской формой скрывается исключительная надёжность и история. На рынке редкостей за неё наверняка начнётся спор.",20400,"kitchen,household,tier-6"
I0437,6,Настенная полка с резным краем,Добротная крестьянская вещь создана для повседневной работы. Вещица служит украшением комнаты и показывает достаток владельца.,3300,Настенная полка с резным краем — с памятью комнаты,"Украшение принимает оттенок занавесей, возле которых его оставили. Малое свойство относится именно к находке «Настенная полка с резным краем». За простой крестьянской формой скрывается исключительная надёжность и история. Подлинная метка превращает случайную находку в событие.",33000,"decor,household,tier-6"
I0438,6,Топорик для щепы у печи,Добротная крестьянская вещь создана для повседневной работы. Рабочий инструмент удобно лежит в руке и решает повседневную задачу.,2500,Топорик для щепы у печи — бережного мастера,"Инструмент не соскальзывает при простой бытовой работе. Малое свойство относится именно к находке «Топорик для щепы у печи». За простой крестьянской формой скрывается исключительная надёжность и история. Состояние почти идеальное, а происхождение подтверждено.",27500,"hand-tool,household,tier-6"
I0439,6,Гибкий обруч для бельевой корзины,"Добротная крестьянская вещь создана для повседневной работы. Гибкая деталь пригодится ремесленнику, упаковщику или хозяину дома.",1950,Гибкий обруч для бельевой корзины — ровной меры,Гибкая деталь помогает отмерить одинаковые отрезки материала. Малое свойство относится именно к находке «Гибкий обруч для бельевой корзины». За простой крестьянской формой скрывается исключительная надёжность и история. Знаток заплатит за такую редкость намного больше обычного.,23400,"craft,household,tier-6"
I0440,6,Коробка мебельных штифтов,Добротная крестьянская вещь создана для повседневной работы. Комплект расходников аккуратно собран для мирного ремонта.,3700,Коробка мебельных штифтов — самособирающийся набор,Рассыпанные рядом детали к утру снова лежат в упаковке. Малое свойство относится именно к находке «Коробка мебельных штифтов». За простой крестьянской формой скрывается исключительная надёжность и история. Скрытая деталь делает находку одновременно полезной и коллекционной.,37000,"supplies,household,tier-6"
I0441,6,Ореховая трость пожилого хозяина,Добротная крестьянская вещь создана для повседневной работы. Трость или подпорка помогает в дороге и возле дома.,2700,Ореховая трость пожилого хозяина — лёгкого шага,Трость снимает усталость после последней лиги спокойной дороги. Малое свойство относится именно к находке «Ореховая трость пожилого хозяина». За простой крестьянской формой скрывается исключительная надёжность и история. Редкая особенность раскрывается только при внимательном осмотре.,29700,"walking,household,tier-6"
I0442,6,Добротная упряжь для рабочей лошади,Добротная крестьянская вещь создана для повседневной работы. Ремни и пряжки подогнаны под конкретного зверя и долгую дорогу.,2200,Добротная упряжь для рабочей лошади — доброй конюшни,Животное быстрее успокаивается при привычной работе с этой вещью. Малое свойство относится именно к находке «Добротная упряжь для рабочей лошади». За простой крестьянской формой скрывается исключительная надёжность и история. Даже неприметный вид не способен скрыть выдающееся качество.,26400,"animal,household,tier-6"
I0443,6,"Камень, сохраняющий тепло очага",Добротная крестьянская вещь создана для повседневной работы. Едва заметная странность отличает вещицу от совершенно обычного хлама.,1375,"Камень, сохраняющий тепло очага — с полезной странностью","Малое чудо безопасно помогает в одной повседневной задаче. Малое свойство относится именно к находке «Камень, сохраняющий тепло очага». За простой крестьянской формой скрывается исключительная надёжность и история. Вещь сохранилась вопреки возрасту и явно переживёт нового хозяина.",13750,"curiosity,household,tier-6"
I0444,6,Гоблинский скребок для котлов,Добротная крестьянская вещь создана для повседневной работы. Гоблинская практичность смешана здесь с самоуверенным украшательством.,2950,Гоблинский скребок для котлов — гоблинского умельца,"Смешная хитрость неожиданно хорошо справляется с бытовой мелочью. Малое свойство относится именно к находке «Гоблинский скребок для котлов». За простой крестьянской формой скрывается исключительная надёжность и история. История владельца повышает цену не меньше, чем материалы.",32450,"goblin,household,tier-6"
I0445,6,Дварфский крюк для переноски бочек,"Добротная крестьянская вещь создана для повседневной работы. Дворфская манера видна по тяжести, рунам и упрямой прочности.",2400,"Дварфский крюк для переноски бочек — крепче, чем выглядит",Дворфская работа выдерживает падения и обычный жар мастерской. Малое свойство относится именно к находке «Дварфский крюк для переноски бочек». За простой крестьянской формой скрывается исключительная надёжность и история. Работа мастера узнаваема и имеет подтверждённую ценность.,28800,"dwarf,household,tier-6"
I0446,6,Эльфийская корзинка для лесных трав,Добротная крестьянская вещь создана для повседневной работы. Эльфийская работа узнаётся по лёгким линиям и вниманию к мелочам.,1700,Эльфийская корзинка для лесных трав — эльфийской аккуратности,Вещь сама сохраняет чистоту и тонкий лесной аромат. Малое свойство относится именно к находке «Эльфийская корзинка для лесных трав». За простой крестьянской формой скрывается исключительная надёжность и история. Неожиданное свойство делает эту версию особенно желанной.,17000,"elf,household,tier-6"
I0447,6,Плащ сельского землемера,"Добротная крестьянская вещь создана для повседневной работы. Человеческая вещь хранит понятные следы службы, ремонта и дороги.",3300,Плащ сельского землемера — с меткой хорошего хозяина,Незаметная деталь делает повседневное использование особенно удобным. Малое свойство относится именно к находке «Плащ сельского землемера». За простой крестьянской формой скрывается исключительная надёжность и история. На рынке редкостей за неё наверняка начнётся спор.,36300,"human,household,tier-6"
I0448,6,Складной мешок для походных покупок,Добротная крестьянская вещь создана для повседневной работы. Каждая царапина отмечает новый участок долгого маршрута.,2500,Складной мешок для походных покупок — помнящий последний ночлег,На поверхности появляется маленькая отметка направления к последнему привалу. Малое свойство относится именно к находке «Складной мешок для походных покупок». За простой крестьянской формой скрывается исключительная надёжность и история. Подлинная метка превращает случайную находку в событие.,30000,"travel,household,tier-6"
I0449,6,Деревянная торговая счётная рамка,"Добротная крестьянская вещь создана для повседневной работы. Бирки и упаковка выдают товар, который когда-то ждал покупателя.",1950,Деревянная торговая счётная рамка — с честной мерой,"Упаковка предупреждает, если товара внутри стало меньше указанного. Малое свойство относится именно к находке «Деревянная торговая счётная рамка». За простой крестьянской формой скрывается исключительная надёжность и история. Состояние почти идеальное, а происхождение подтверждено.",19500,"merchant,household,tier-6"
I0450,6,Набор ножей деревенского кожевника,"Добротная крестьянская вещь создана для повседневной работы. Следы краски, глины или клея точно называют ремесло владельца.",3700,Набор ножей деревенского кожевника — точной руки,Инструмент слегка исправляет мелкие дрожания при спокойной работе. Малое свойство относится именно к находке «Набор ножей деревенского кожевника». За простой крестьянской формой скрывается исключительная надёжность и история. Знаток заплатит за такую редкость намного больше обычного.,40700,"artisan,household,tier-6"
I0451,6,Медная грелка для постели,Добротная крестьянская вещь создана для повседневной работы. Бытовая вещь честно показывает привычки и достаток прежнего дома.,2700,Медная грелка для постели — домового порядка,Оставленная рядом мелочь ночью складывается аккуратнее. Малое свойство относится именно к находке «Медная грелка для постели». За простой крестьянской формой скрывается исключительная надёжность и история. Скрытая деталь делает находку одновременно полезной и коллекционной.,32400,"household,household,tier-6"
I0452,6,Амбарный ключ с массивной бородкой,"Добротная крестьянская вещь создана для повседневной работы. Форма бородки обещает замок, который, возможно, ещё существует.",2200,Амбарный ключ с массивной бородкой — узнающий свой замок,Металл становится тёплым рядом с подходящим замком. Малое свойство относится именно к находке «Амбарный ключ с массивной бородкой». За простой крестьянской формой скрывается исключительная надёжность и история. Редкая особенность раскрывается только при внимательном осмотре.,22000,"key,household,tier-6"
I0453,6,План полей с отметками урожая,"Добротная крестьянская вещь создана для повседневной работы. Линии маршрута, пятна и исправления оставлены разными путешественниками.",1375,План полей с отметками урожая — не боящийся дождя,Чернила не расплываются от воды и снова проявляются после высыхания. Малое свойство относится именно к находке «План полей с отметками урожая». За простой крестьянской формой скрывается исключительная надёжность и история. Даже неприметный вид не способен скрыть выдающееся качество.,15125,"map,household,tier-6"
I0454,6,Кусочек зелёного поделочного камня,"Добротная крестьянская вещь создана для повседневной работы. Свет на гранях помогает отличить камень, стекло и удачную подделку.",2950,Кусочек зелёного поделочного камня — с вечерним огоньком,Камень даёт мягкий свет размером с пламя свечи. Малое свойство относится именно к находке «Кусочек зелёного поделочного камня». За простой крестьянской формой скрывается исключительная надёжность и история. Вещь сохранилась вопреки возрасту и явно переживёт нового хозяина.,35400,"gem,household,tier-6"
I0455,6,Соломенный оберег от ночных кошмаров,"Добротная крестьянская вещь создана для повседневной работы. Назначение странности неочевидно, но детали явно сложились не случайно.",2400,Соломенный оберег от ночных кошмаров — с тихим бытовым чудом,"Странность проявляет небольшое, безопасное и полезное свойство. Малое свойство относится именно к находке «Соломенный оберег от ночных кошмаров». За простой крестьянской формой скрывается исключительная надёжность и история. История владельца повышает цену не меньше, чем материалы.",24000,"oddity,household,tier-6"
I0456,6,Добротная шерстяная кофта,Добротная крестьянская вещь создана для повседневной работы. Ткань и швы соответствуют бытовому назначению.,1700,Добротная шерстяная кофта — не знающий свежих пятен,Свежая грязь осыпается с материала после лёгкого встряхивания. За простой крестьянской формой скрывается исключительная надёжность и история. Работа мастера узнаваема и имеет подтверждённую ценность.,18700,"textile,household,tier-6"
I0457,6,Крепкие ботинки сельского почтальона,Добротная крестьянская вещь создана для повседневной работы. Подошва рассчитана на обычные улицы и домашний двор.,3300,Крепкие ботинки сельского почтальона — с сухой подкладкой,Внутренняя сторона остаётся сухой после луж и мокрой травы. За простой крестьянской формой скрывается исключительная надёжность и история. Неожиданное свойство делает эту версию особенно желанной.,39600,"footwear,household,tier-6"
I0458,6,Фаянсовый обеденный набор на двоих,Добротная крестьянская вещь создана для повседневной работы. Посуда сохранила следы семейных завтраков и трактирных ужинов.,2500,Фаянсовый обеденный набор на двоих — тихого гостеприимства,"Она слегка согревает поданную еду, но не обжигает руки. За простой крестьянской формой скрывается исключительная надёжность и история. На рынке редкостей за неё наверняка начнётся спор.",25000,"tableware,household,tier-6"
I0459,6,Чугунная форма для хлеба,Добротная крестьянская вещь создана для повседневной работы. Копоть и царапины не мешают использовать вещь на кухне.,1950,Чугунная форма для хлеба — ленивого повара,Раз в день посуда самостоятельно доводит воду до кипения. За простой крестьянской формой скрывается исключительная надёжность и история. Подлинная метка превращает случайную находку в событие.,21450,"cookware,household,tier-6"
I0460,6,Круг выдержанного деревенского сыра,"Добротная крестьянская вещь создана для повседневной работы. Продукт можно оценить по запаху, упаковке и свежести.",3700,Круг выдержанного деревенского сыра — домашнего вкуса,"Еда всегда кажется приготовленной по любимому семейному рецепту. За простой крестьянской формой скрывается исключительная надёжность и история. Состояние почти идеальное, а происхождение подтверждено.",44400,"food,household,tier-6"
I0461,6,Кувшин медового кваса с пряностями,Добротная крестьянская вещь создана для повседневной работы. Сосуд и напиток относятся к повседневному столу.,2700,Кувшин медового кваса с пряностями — с утренним бокалом,На рассвете внутри появляется одна небольшая свежая порция. За простой крестьянской формой скрывается исключительная надёжность и история. Знаток заплатит за такую редкость намного больше обычного.,27000,"drink,household,tier-6"
I0462,6,Дубовая кадка для солений,Добротная крестьянская вещь создана для повседневной работы. Ёмкость подходит для хранения обычных домашних запасов.,2200,Дубовая кадка для солений — бережной кладовой,Сухое содержимое не отсыревает до следующей недели. За простой крестьянской формой скрывается исключительная надёжность и история. Скрытая деталь делает находку одновременно полезной и коллекционной.,24200,"storage,household,tier-6"
I0463,6,Письменный набор сельского учителя,Добротная крестьянская вещь создана для повседневной работы. Письменная принадлежность годится для счетов и коротких писем.,1375,Письменный набор сельского учителя — без клякс,Чернила ложатся ровно и не пачкают пальцы владельца. За простой крестьянской формой скрывается исключительная надёжность и история. Редкая особенность раскрывается только при внимательном осмотре.,16500,"stationery,household,tier-6"
I0464,6,Иллюстрированный домашний лечебник,Добротная крестьянская вещь создана для повседневной работы. Издание предназначено для практического чтения или досуга.,2950,Иллюстрированный домашний лечебник — с послушной закладкой,Переплёт сам открывается на последней прочитанной странице. За простой крестьянской формой скрывается исключительная надёжность и история. Даже неприметный вид не способен скрыть выдающееся качество.,29500,"book,household,tier-6"
I0465,6,Щётка с крепкой конской щетиной,Добротная крестьянская вещь создана для повседневной работы. Простая принадлежность помогает поддерживать дом в порядке.,2400,Щётка с крепкой конской щетиной — домового порядка,Раз в сутки она самостоятельно очищает небольшой участок комнаты. За простой крестьянской формой скрывается исключительная надёжность и история. Вещь сохранилась вопреки возрасту и явно переживёт нового хозяина.,26400,"cleaning,household,tier-6"
I0466,6,Бритвенный прибор в деревянной коробке,Добротная крестьянская вещь создана для повседневной работы. Предмет хранит следы ежедневного ухода за собой.,1700,Бритвенный прибор в деревянной коробке — опрятного утра,"Он распутывает волосы или бороду без боли и статического треска. За простой крестьянской формой скрывается исключительная надёжность и история. История владельца повышает цену не меньше, чем материалы.",20400,"grooming,household,tier-6"
I0467,6,Шкатулка швейных принадлежностей,Добротная крестьянская вещь создана для повседневной работы. Набор пригоден для обычного ремонта одежды.,3300,Шкатулка швейных принадлежностей — бережного шва,Нить сама затягивает один короткий разрыв ткани в день. За простой крестьянской формой скрывается исключительная надёжность и история. Работа мастера узнаваема и имеет подтверждённую ценность.,33000,"sewing,household,tier-6"
I0468,6,Ручная дрель для домашней мастерской,Добротная крестьянская вещь создана для повседневной работы. Инструмент решает одну понятную ремесленную задачу.,2500,Ручная дрель для домашней мастерской — точной руки,Рукоять исправляет небольшое дрожание при спокойной работе. За простой крестьянской формой скрывается исключительная надёжность и история. Неожиданное свойство делает эту версию особенно желанной.,27500,"hand-tool,household,tier-6"
I0469,6,Набор инструментов для ухода за садом,Добротная крестьянская вещь создана для повседневной работы. Земля и растительный сок выдают работу возле дома или фермы.,1950,Набор инструментов для ухода за садом — ровной грядки,Инструмент оставляет особенно прямую борозду в рыхлой почве. За простой крестьянской формой скрывается исключительная надёжность и история. На рынке редкостей за неё наверняка начнётся спор.,23400,"garden,household,tier-6"
I0470,6,Латунные весы для кухонных продуктов,Добротная крестьянская вещь создана для повседневной работы. Бирки и мерки связывают вещь с обычной рыночной торговлей.,3700,Латунные весы для кухонных продуктов — честной меры,Она предупреждает тихим звоном о недовесе товара. За простой крестьянской формой скрывается исключительная надёжность и история. Подлинная метка превращает случайную находку в событие.,37000,"market,household,tier-6"
I0471,6,Резная полка для семейных фотографий,"Добротная крестьянская вещь создана для повседневной работы. Украшение рассчитано на комнату, лавку или трактирный зал.",2700,Резная полка для семейных фотографий — уютного света,"Вечером оно даёт мягкий блеск яркостью не больше свечи. За простой крестьянской формой скрывается исключительная надёжность и история. Состояние почти идеальное, а происхождение подтверждено.",29700,"decor,household,tier-6"
I0472,6,Кукольный домик с двумя комнатами,"Добротная крестьянская вещь создана для повседневной работы. Игрушка пережила игры, падения и несколько починок.",2200,Кукольный домик с двумя комнатами — возвращающийся на полку,Ночью она сама оказывается на привычном месте. За простой крестьянской формой скрывается исключительная надёжность и история. Знаток заплатит за такую редкость намного больше обычного.,26400,"toy,household,tier-6"
I0473,6,Деревянная флейта деревенского музыканта,Добротная крестьянская вещь создана для повседневной работы. Инструмент создан для домашней музыки и простых мелодий.,1375,Деревянная флейта деревенского музыканта — чистой первой ноты,Первый звук всегда получается ясным и правильным. За простой крестьянской формой скрывается исключительная надёжность и история. Скрытая деталь делает находку одновременно полезной и коллекционной.,13750,"music,household,tier-6"
I0474,6,Закрытая лампа для кладовой,"Добротная крестьянская вещь создана для повседневной работы. Источник света удобен в комнате, сарае или на крыльце.",2950,Закрытая лампа для кладовой — без копоти,Огонь не пачкает потолок и не гаснет от слабого сквозняка. За простой крестьянской формой скрывается исключительная надёжность и история. Редкая особенность раскрывается только при внимательном осмотре.,32450,"light,household,tier-6"
I0475,6,Тёплое лоскутное одеяло,Добротная крестьянская вещь создана для повседневной работы. Мягкая вещь хранит тепло обычной спальни или постоялого двора.,2400,Тёплое лоскутное одеяло — спокойного сна,Рядом с ней быстрее забываются повседневные кошмары. За простой крестьянской формой скрывается исключительная надёжность и история. Даже неприметный вид не способен скрыть выдающееся качество.,28800,"bedding,household,tier-6"
I0476,6,Настенные часы с гирей,Добротная крестьянская вещь создана для повседневной работы. Механизм помогает следить за временем домашних дел.,1700,Настенные часы с гирей — точного часа,Часы сами исправляют отставание на рассвете. За простой крестьянской формой скрывается исключительная надёжность и история. Вещь сохранилась вопреки возрасту и явно переживёт нового хозяина.,17000,"timepiece,household,tier-6"
I0477,6,Водостойкий чехол для сменной одежды,"Добротная крестьянская вещь создана для повседневной работы. Предмет полезен обычному путнику, а не искателю битв.",3300,Водостойкий чехол для сменной одежды — помнящий ночлег,"На нём появляется отметка направления к последнему безопасному привалу. За простой крестьянской формой скрывается исключительная надёжность и история. История владельца повышает цену не меньше, чем материалы.",36300,"travel,household,tier-6"
I0478,6,Комплект ухода за упряжной лошадью,Добротная крестьянская вещь создана для повседневной работы. Вещь связана с уходом за домашним или тягловым животным.,2500,Комплект ухода за упряжной лошадью — доброй конюшни,Зверь быстрее успокаивается во время привычного ухода. За простой крестьянской формой скрывается исключительная надёжность и история. Работа мастера узнаваема и имеет подтверждённую ценность.,30000,"animal,household,tier-6"
I0479,6,Керамическая банка душистого перца,Добротная крестьянская вещь создана для повседневной работы. Запах и упаковка позволяют судить о качестве приправы.,1950,Керамическая банка душистого перца — не теряющий аромата,Щепотка восстанавливает запах после закрытия упаковки. За простой крестьянской формой скрывается исключительная надёжность и история. Неожиданное свойство делает эту версию особенно желанной.,19500,"spice,household,tier-6"
I0480,6,Стеклянный шарик с медленно падающим снегом,Добротная крестьянская вещь создана для повседневной работы. Странная мелочь всё ещё принадлежит миру повседневных вещей.,3700,Стеклянный шарик с медленно падающим снегом — с маленьким чудом,Безопасная особенность помогает в одной домашней задаче. За простой крестьянской формой скрывается исключительная надёжность и история. На рынке редкостей за неё наверняка начнётся спор.,40700,"curiosity,household,tier-6"
I0481,7,Кожаная шапка подмастерья,"Нормальная повседневная вещь остаётся простой, но хорошо выполняет свою работу. Форма и следы носки сразу выдают историю головного убора.",5310,Кожаная шапка подмастерья — не промокающий под дождём,"Капли скатываются с него, не оставляя сырости. Малое свойство относится именно к находке «Кожаная шапка подмастерья». Недорогой инструмент неожиданно относится к лучшей партии старой мастерской. Подлинная метка превращает случайную находку в событие.",47790,"headwear,household,tier-7"
I0482,7,Подбитые гвоздями дорожные башмаки,"Нормальная повседневная вещь остаётся простой, но хорошо выполняет свою работу. Подошва, застёжки и размер делают эту обувь вполне узнаваемой находкой.",4320,Подбитые гвоздями дорожные башмаки — с сухими пятками,"Обувь остаётся сухой даже после неглубокой лужи. Малое свойство относится именно к находке «Подбитые гвоздями дорожные башмаки». Недорогой инструмент неожиданно относится к лучшей партии старой мастерской. Состояние почти идеальное, а происхождение подтверждено.",43200,"footwear,household,tier-7"
I0483,7,Плотный рабочий камзол,"Нормальная повседневная вещь остаётся простой, но хорошо выполняет свою работу. Ткань сохранила запах дороги, мастерской или прежнего хозяина.",3060,Плотный рабочий камзол — не собирающий пятен,Свежая грязь сама осыпается с ткани через несколько минут. Малое свойство относится именно к находке «Плотный рабочий камзол». Недорогой инструмент неожиданно относится к лучшей партии старой мастерской. Знаток заплатит за такую редкость намного больше обычного.,33660,"clothes,household,tier-7"
I0484,7,Стальной складной столовый прибор,"Нормальная повседневная вещь остаётся простой, но хорошо выполняет свою работу. На поверхности остались царапины от долгого и не всегда бережного использования.",5940,Стальной складной столовый прибор — показывающий идеальную температуру,"Прибор слегка теплеет, когда еду уже можно есть без риска обжечься. Малое свойство относится именно к находке «Стальной складной столовый прибор». Недорогой инструмент неожиданно относится к лучшей партии старой мастерской. Скрытая деталь делает находку одновременно полезной и коллекционной.",53460,"utensil,household,tier-7"
I0485,7,Походная жаровня с решёткой,"Нормальная повседневная вещь остаётся простой, но хорошо выполняет свою работу. Копоть и вмятины рассказывают о множестве походных ужинов.",4500,Походная жаровня с решёткой — ленивого повара,Раз в день посуда сама доводит воду до кипения. Малое свойство относится именно к находке «Походная жаровня с решёткой». Недорогой инструмент неожиданно относится к лучшей партии старой мастерской. Редкая особенность раскрывается только при внимательном осмотре.,45000,"cookware,household,tier-7"
I0486,7,Брикет вяленого мяса с пряностями,"Нормальная повседневная вещь остаётся простой, но хорошо выполняет свою работу. Запах, корочка и упаковка позволяют оценить свежесть без рискованной дегустации.",3510,Брикет вяленого мяса с пряностями — с вкусом домашнего праздника,Даже маленькая порция насыщает и всегда кажется свежей. Малое свойство относится именно к находке «Брикет вяленого мяса с пряностями». Недорогой инструмент неожиданно относится к лучшей партии старой мастерской. Даже неприметный вид не способен скрыть выдающееся качество.,38610,"food,household,tier-7"
I0487,7,Бурдюк лёгкого медового напитка,"Нормальная повседневная вещь остаётся простой, но хорошо выполняет свою работу. Содержимое тихо плещется и пахнет ровно так, как обещает его вид.",6660,Бурдюк лёгкого медового напитка — с последним бокалом,Каждое утро в сосуде снова появляется ровно один бокал напитка. Малое свойство относится именно к находке «Бурдюк лёгкого медового напитка». Недорогой инструмент неожиданно относится к лучшей партии старой мастерской. Вещь сохранилась вопреки возрасту и явно переживёт нового хозяина.,59940,"drink,household,tier-7"
I0488,7,Коробка костяных счётных палочек,"Нормальная повседневная вещь остаётся простой, но хорошо выполняет свою работу. На кости заметны насечки, следы зубов или попытка придать ей смысл.",4860,Коробка костяных счётных палочек — честной игры,"Костяшки не терпят подмены и тихо звенят при попытке жульничества. Малое свойство относится именно к находке «Коробка костяных счётных палочек». Недорогой инструмент неожиданно относится к лучшей партии старой мастерской. История владельца повышает цену не меньше, чем материалы.",48600,"bones,household,tier-7"
I0489,7,Слесарный молоток с узким бойком,"Нормальная повседневная вещь остаётся простой, но хорошо выполняет свою работу. Баланс рукояти показывает, годится ли находка для настоящей работы.",3960,Слесарный молоток с узким бойком — находящий расшатанный гвоздь,Рукоять едва заметно поворачивается к ближайшему расшатанному креплению. Малое свойство относится именно к находке «Слесарный молоток с узким бойком». Недорогой инструмент неожиданно относится к лучшей партии старой мастерской. Работа мастера узнаваема и имеет подтверждённую ценность.,43560,"hammer,household,tier-7"
I0490,7,Дорожный набор для починки одежды,"Нормальная повседневная вещь остаётся простой, но хорошо выполняет свою работу. Тонкий инструмент пережил владельца и сохранил следы его ремесла.",2475,Дорожный набор для починки одежды — бережного шва,Игла не колет владельца и сама подхватывает оборванную нить. Малое свойство относится именно к находке «Дорожный набор для починки одежды». Недорогой инструмент неожиданно относится к лучшей партии старой мастерской. Неожиданное свойство делает эту версию особенно желанной.,22275,"needle,household,tier-7"
I0491,7,Пятнадцатиметровая конопляная верёвка,"Нормальная повседневная вещь остаётся простой, но хорошо выполняет свою работу. Волокна, узлы и влажность честно показывают остаток прочности.",5310,Пятнадцатиметровая конопляная верёвка — помнящий узел,По слову хозяина верёвка повторяет последний завязанный на ней узел. Малое свойство относится именно к находке «Пятнадцатиметровая конопляная верёвка». Недорогой инструмент неожиданно относится к лучшей партии старой мастерской. На рынке редкостей за неё наверняка начнётся спор.,53100,"rope,household,tier-7"
I0492,7,Водостойкий мешок с завязками,"Нормальная повседневная вещь остаётся простой, но хорошо выполняет свою работу. Внутри сохранился запах прежнего содержимого и немного дорожной пыли.",4320,Водостойкий мешок с завязками — с карманом свежести,Продукты в одном небольшом отделении не черствеют до следующего утра. Малое свойство относится именно к находке «Водостойкий мешок с завязками». Недорогой инструмент неожиданно относится к лучшей партии старой мастерской. Подлинная метка превращает случайную находку в событие.,47520,"container,household,tier-7"
I0493,7,Карманная чернильница с пробкой,"Нормальная повседневная вещь остаётся простой, но хорошо выполняет свою работу. Пятна чернил и состояние наконечника говорят о последнем писавшем.",3060,Карманная чернильница с пробкой — без случайных клякс,"Чернила ложатся ровно и исчезают с одежды после простого полоскания. Малое свойство относится именно к находке «Карманная чернильница с пробкой». Недорогой инструмент неожиданно относится к лучшей партии старой мастерской. Состояние почти идеальное, а происхождение подтверждено.",27540,"writing,household,tier-7"
I0494,7,Справочник дорожных пошлин,"Нормальная повседневная вещь остаётся простой, но хорошо выполняет свою работу. Переплёт, поля и закладки выдают, насколько часто текстом пользовались.",5940,Справочник дорожных пошлин — с послушной закладкой,Книга сама открывается на последней прочитанной странице. Малое свойство относится именно к находке «Справочник дорожных пошлин». Недорогой инструмент неожиданно относится к лучшей партии старой мастерской. Знаток заплатит за такую редкость намного больше обычного.,59400,"book,household,tier-7"
I0495,7,Чистый бланк торговой накладной,"Нормальная повседневная вещь остаётся простой, но хорошо выполняет свою работу. Печати и подписи можно изучить, хотя назначение бумаги не всегда радует.",4500,Чистый бланк торговой накладной — видимый при свечах,Текст остаётся ясным даже в самом слабом бытовом освещении. Малое свойство относится именно к находке «Чистый бланк торговой накладной». Недорогой инструмент неожиданно относится к лучшей партии старой мастерской. Скрытая деталь делает находку одновременно полезной и коллекционной.,49500,"document,household,tier-7"
I0496,7,Набор калиброванных гирек,"Нормальная повседневная вещь остаётся простой, но хорошо выполняет свою работу. Находка связана с мелкой торговлей и хранит следы множества рук.",3510,Набор калиброванных гирек — считающий честную сдачу,"Предмет тихо звенит, если в горсти не хватает одной мелкой монеты. Малое свойство относится именно к находке «Набор калиброванных гирек». Недорогой инструмент неожиданно относится к лучшей партии старой мастерской. Редкая особенность раскрывается только при внимательном осмотре.",31590,"trade,household,tier-7"
I0497,7,Латунный браслет с простым узором,"Нормальная повседневная вещь остаётся простой, но хорошо выполняет свою работу. Даже при беглом осмотре видны качество оправы и состояние металла.",6660,Латунный браслет с простым узором — мягкого вечернего блеска,"Украшение светится как свеча, но лишь достаточно, чтобы увидеть руки. Малое свойство относится именно к находке «Латунный браслет с простым узором». Недорогой инструмент неожиданно относится к лучшей партии старой мастерской. Даже неприметный вид не способен скрыть выдающееся качество.",66600,"jewelry,household,tier-7"
I0498,7,Резная головоломка из шести деталей,"Нормальная повседневная вещь остаётся простой, но хорошо выполняет свою работу. Игрушка пережила шумные игры и несколько неумелых починок.",4860,Резная головоломка из шести деталей — возвращающийся на полку,Оставленная на полу игрушка ночью сама оказывается на прежнем месте. Малое свойство относится именно к находке «Резная головоломка из шести деталей». Недорогой инструмент неожиданно относится к лучшей партии старой мастерской. Вещь сохранилась вопреки возрасту и явно переживёт нового хозяина.,53460,"toy,household,tier-7"
I0499,7,Походный символ местного храма,"Нормальная повседневная вещь остаётся простой, но хорошо выполняет свою работу. Символы нанесены старательно, хотя их смысл понятен не каждому жрецу.",3960,Походный символ местного храма — спокойного сна,"Рядом с вещью бытовые кошмары становятся тише и быстрее забываются. Малое свойство относится именно к находке «Походный символ местного храма». Недорогой инструмент неожиданно относится к лучшей партии старой мастерской. История владельца повышает цену не меньше, чем материалы.",35640,"religion,household,tier-7"
I0500,7,Небольшой барабан связиста,"Нормальная повседневная вещь остаётся простой, но хорошо выполняет свою работу. Звук зависит от состояния дерева, металла и терпения исполнителя.",2475,Небольшой барабан связиста — чистого первого звука,"Первая нота всегда звучит правильно, даже после долгого хранения. Малое свойство относится именно к находке «Небольшой барабан связиста». Недорогой инструмент неожиданно относится к лучшей партии старой мастерской. Работа мастера узнаваема и имеет подтверждённую ценность.",24750,"music,household,tier-7"
I0501,7,Капкан на лису с цепью,"Нормальная повседневная вещь остаётся простой, но хорошо выполняет свою работу. Потёртости показывают, на какую добычу и как часто с вещью ходили.",5310,Капкан на лису с цепью — бережного ловца,"Снасть предупреждает, если в неё может попасть домашнее животное. Малое свойство относится именно к находке «Капкан на лису с цепью». Недорогой инструмент неожиданно относится к лучшей партии старой мастерской. Неожиданное свойство делает эту версию особенно желанной.",58410,"hunting,household,tier-7"
I0502,7,Складная удочка с леской,"Нормальная повседневная вещь остаётся простой, но хорошо выполняет свою работу. Соль, леска и чешуя оставили на снасти честную биографию.",4320,Складная удочка с леской — чувствующий поклёвку,"Леска мягко светится, когда рыба действительно касается наживки. Малое свойство относится именно к находке «Складная удочка с леской». Недорогой инструмент неожиданно относится к лучшей партии старой мастерской. На рынке редкостей за неё наверняка начнётся спор.",38880,"fishing,household,tier-7"
I0503,7,Катушка просмолённого корабельного шнура,"Нормальная повседневная вещь остаётся простой, но хорошо выполняет свою работу. Запах смолы и соли выдаёт долгую службу рядом с водой.",3060,Катушка просмолённого корабельного шнура — не знающий плесени,"Соль и сырость не портят материал, пока вещь регулярно используют. Малое свойство относится именно к находке «Катушка просмолённого корабельного шнура». Недорогой инструмент неожиданно относится к лучшей партии старой мастерской. Подлинная метка превращает случайную находку в событие.",30600,"nautical,household,tier-7"
I0504,7,Кованый секатор садовника,"Нормальная повседневная вещь остаётся простой, но хорошо выполняет свою работу. Земля в щелях и затёртая рукоять говорят о привычной работе.",5940,Кованый секатор садовника — ровной борозды,"Инструмент оставляет особенно прямой след на рыхлой земле. Малое свойство относится именно к находке «Кованый секатор садовника». Недорогой инструмент неожиданно относится к лучшей партии старой мастерской. Состояние почти идеальное, а происхождение подтверждено.",65340,"farming,household,tier-7"
I0505,7,Клин и ручной бур каменщика,"Нормальная повседневная вещь остаётся простой, но хорошо выполняет свою работу. Каменная пыль забилась в каждую выемку этой шахтёрской вещи.",4500,Клин и ручной бур каменщика — чувствующий пустоты,Лёгкий звон предупреждает о полости сразу за тонкой стенкой. Малое свойство относится именно к находке «Клин и ручной бур каменщика». Недорогой инструмент неожиданно относится к лучшей партии старой мастерской. Знаток заплатит за такую редкость намного больше обычного.,40500,"mining,household,tier-7"
I0506,7,Комплект стамесок в холщовом чехле,"Нормальная повседневная вещь остаётся простой, но хорошо выполняет свою работу. Смола и тонкая стружка сохранились возле рабочих кромок.",3510,Комплект стамесок в холщовом чехле — без заноз,Обработанное им дерево остаётся гладким и не цепляет ладони. Малое свойство относится именно к находке «Комплект стамесок в холщовом чехле». Недорогой инструмент неожиданно относится к лучшей партии старой мастерской. Скрытая деталь делает находку одновременно полезной и коллекционной.,35100,"woodcraft,household,tier-7"
I0507,7,Кузнечный пробойник и бородок,"Нормальная повседневная вещь остаётся простой, но хорошо выполняет свою работу. Окалина и следы жара не оставляют сомнений в кузнечном прошлом.",6660,Кузнечный пробойник и бородок — умеренного жара,Рукоять не нагревается от обычной печи и защищает ладонь мастера. Малое свойство относится именно к находке «Кузнечный пробойник и бородок». Недорогой инструмент неожиданно относится к лучшей партии старой мастерской. Редкая особенность раскрывается только при внимательном осмотре.,73260,"smithing,household,tier-7"
I0508,7,Три тонкие стальные отмычки,"Нормальная повседневная вещь остаётся простой, но хорошо выполняет свою работу. Размер и гибкость намекают на задачи, о которых не пишут в накладных.",4860,Три тонкие стальные отмычки — послушного замка,"Механизм помогает открыть только простые замки, к которым у владельца есть ключ. Малое свойство относится именно к находке «Три тонкие стальные отмычки». Недорогой инструмент неожиданно относится к лучшей партии старой мастерской. Даже неприметный вид не способен скрыть выдающееся качество.",43740,"hardware,household,tier-7"
I0509,7,Медный перегонный змеевик,"Нормальная повседневная вещь остаётся простой, но хорошо выполняет свою работу. Осадок и цвет позволяют строить догадки, но не советуют пробовать содержимое.",3960,Медный перегонный змеевик — чистого состава,"Средство меняет цвет, если испортилось или стало опасным. Малое свойство относится именно к находке «Медный перегонный змеевик». Недорогой инструмент неожиданно относится к лучшей партии старой мастерской. Вещь сохранилась вопреки возрасту и явно переживёт нового хозяина.",39600,"household-supplies,household,tier-7"
I0510,7,Ножницы и щипцы цирюльника,"Нормальная повседневная вещь остаётся простой, но хорошо выполняет свою работу. Запах трав и аккуратность упаковки показывают уровень прежнего лекаря.",2475,Ножницы и щипцы цирюльника — домашнего лекаря,"Принадлежности остаются чистыми и пахнут свежими травами. Малое свойство относится именно к находке «Ножницы и щипцы цирюльника». Недорогой инструмент неожиданно относится к лучшей партии старой мастерской. История владельца повышает цену не меньше, чем материалы.",27225,"medicine,household,tier-7"
I0511,7,Лёгкий брезентовый тент,"Нормальная повседневная вещь остаётся простой, но хорошо выполняет свою работу. Пыль дорог и следы дождя видны сильнее любой торговой марки.",5310,Лёгкий брезентовый тент — сухого привала,Под вещью образуется небольшой сухой участок для сидения. Малое свойство относится именно к находке «Лёгкий брезентовый тент». Недорогой инструмент неожиданно относится к лучшей партии старой мастерской. Работа мастера узнаваема и имеет подтверждённую ценность.,47790,"camping,household,tier-7"
I0512,7,Закрытый фонарь с заслонкой,"Нормальная повседневная вещь остаётся простой, но хорошо выполняет свою работу. Копоть вокруг огня рассказывает, насколько ровно он когда-то горел.",4320,Закрытый фонарь с заслонкой — тихого пламени,Огонёк не коптит и не гаснет от слабого сквозняка. Малое свойство относится именно к находке «Закрытый фонарь с заслонкой». Недорогой инструмент неожиданно относится к лучшей партии старой мастерской. Неожиданное свойство делает эту версию особенно желанной.,43200,"light,household,tier-7"
I0513,7,Компас в буковом футляре,"Нормальная повседневная вещь остаётся простой, но хорошо выполняет свою работу. Стрелки, шкалы и потёртый корпус ещё могут подсказать направление.",3060,Компас в буковом футляре — верной дороги домой,Стрелка может указать направление к последнему безопасному ночлегу. Малое свойство относится именно к находке «Компас в буковом футляре». Недорогой инструмент неожиданно относится к лучшей партии старой мастерской. На рынке редкостей за неё наверняка начнётся спор.,33660,"navigation,household,tier-7"
I0514,7,Кожаный фартук слесаря,"Нормальная повседневная вещь остаётся простой, но хорошо выполняет свою работу. Материал защищает от обычной грязи и непогоды, не превращая вещь в доспех.",5940,Кожаный фартук слесаря — не боящийся рабочей грязи,Пыль и стружка легко стряхиваются после окончания работы. Малое свойство относится именно к находке «Кожаный фартук слесаря». Недорогой инструмент неожиданно относится к лучшей партии старой мастерской. Подлинная метка превращает случайную находку в событие.,53460,"workwear,household,tier-7"
I0515,7,Латунный поднос для чайной лавки,"Нормальная повседневная вещь остаётся простой, но хорошо выполняет свою работу. Форма рассчитана на мирную домашнюю или ремесленную работу.",4500,Латунный поднос для чайной лавки — домового порядка,"Оставленная рядом мелочь ночью складывается аккуратнее. Малое свойство относится именно к находке «Латунный поднос для чайной лавки». Недорогой инструмент неожиданно относится к лучшей партии старой мастерской. Состояние почти идеальное, а происхождение подтверждено.",45000,"household,household,tier-7"
I0516,7,Складной нож корзинщика,"Нормальная повседневная вещь остаётся простой, но хорошо выполняет свою работу. Кромка нужна на кухне или в мастерской, а не в бою.",3510,Складной нож корзинщика — с вечной кухонной заточкой,"Кромка долго остаётся острой на хлебе, овощах и бечёвке. Малое свойство относится именно к находке «Складной нож корзинщика». Недорогой инструмент неожиданно относится к лучшей партии старой мастерской. Знаток заплатит за такую редкость намного больше обычного.",38610,"kitchen,household,tier-7"
I0517,7,Резная вывеска мастерской,"Нормальная повседневная вещь остаётся простой, но хорошо выполняет свою работу. Вещица служит украшением комнаты и показывает достаток владельца.",6660,Резная вывеска мастерской — с памятью комнаты,"Украшение принимает оттенок занавесей, возле которых его оставили. Малое свойство относится именно к находке «Резная вывеска мастерской». Недорогой инструмент неожиданно относится к лучшей партии старой мастерской. Скрытая деталь делает находку одновременно полезной и коллекционной.",59940,"decor,household,tier-7"
I0518,7,Малый колун для каминных поленьев,"Нормальная повседневная вещь остаётся простой, но хорошо выполняет свою работу. Рабочий инструмент удобно лежит в руке и решает повседневную задачу.",4860,Малый колун для каминных поленьев — бережного мастера,Инструмент не соскальзывает при простой бытовой работе. Малое свойство относится именно к находке «Малый колун для каминных поленьев». Недорогой инструмент неожиданно относится к лучшей партии старой мастерской. Редкая особенность раскрывается только при внимательном осмотре.,48600,"hand-tool,household,tier-7"
I0519,7,Пружинный обруч шляпника,"Нормальная повседневная вещь остаётся простой, но хорошо выполняет свою работу. Гибкая деталь пригодится ремесленнику, упаковщику или хозяину дома.",3960,Пружинный обруч шляпника — ровной меры,Гибкая деталь помогает отмерить одинаковые отрезки материала. Малое свойство относится именно к находке «Пружинный обруч шляпника». Недорогой инструмент неожиданно относится к лучшей партии старой мастерской. Даже неприметный вид не способен скрыть выдающееся качество.,43560,"craft,household,tier-7"
I0520,7,Набор латунных мебельных гвоздей,"Нормальная повседневная вещь остаётся простой, но хорошо выполняет свою работу. Комплект расходников аккуратно собран для мирного ремонта.",2475,Набор латунных мебельных гвоздей — самособирающийся набор,Рассыпанные рядом детали к утру снова лежат в упаковке. Малое свойство относится именно к находке «Набор латунных мебельных гвоздей». Недорогой инструмент неожиданно относится к лучшей партии старой мастерской. Вещь сохранилась вопреки возрасту и явно переживёт нового хозяина.,22275,"supplies,household,tier-7"
I0521,7,Окованная дорожная трость,"Нормальная повседневная вещь остаётся простой, но хорошо выполняет свою работу. Трость или подпорка помогает в дороге и возле дома.",5310,Окованная дорожная трость — лёгкого шага,"Трость снимает усталость после последней лиги спокойной дороги. Малое свойство относится именно к находке «Окованная дорожная трость». Недорогой инструмент неожиданно относится к лучшей партии старой мастерской. История владельца повышает цену не меньше, чем материалы.",53100,"walking,household,tier-7"
I0522,7,Седельные сумки для пони,"Нормальная повседневная вещь остаётся простой, но хорошо выполняет свою работу. Ремни и пряжки подогнаны под конкретного зверя и долгую дорогу.",4320,Седельные сумки для пони — доброй конюшни,Животное быстрее успокаивается при привычной работе с этой вещью. Малое свойство относится именно к находке «Седельные сумки для пони». Недорогой инструмент неожиданно относится к лучшей партии старой мастерской. Работа мастера узнаваема и имеет подтверждённую ценность.,47520,"animal,household,tier-7"
I0523,7,"Мелок, видимый только в темноте","Нормальная повседневная вещь остаётся простой, но хорошо выполняет свою работу. Едва заметная странность отличает вещицу от совершенно обычного хлама.",3060,"Мелок, видимый только в темноте — с полезной странностью","Малое чудо безопасно помогает в одной повседневной задаче. Малое свойство относится именно к находке «Мелок, видимый только в темноте». Недорогой инструмент неожиданно относится к лучшей партии старой мастерской. Неожиданное свойство делает эту версию особенно желанной.",27540,"curiosity,household,tier-7"
I0524,7,Гоблинский набор быстрых заплат,"Нормальная повседневная вещь остаётся простой, но хорошо выполняет свою работу. Гоблинская практичность смешана здесь с самоуверенным украшательством.",5940,Гоблинский набор быстрых заплат — гоблинского умельца,Смешная хитрость неожиданно хорошо справляется с бытовой мелочью. Малое свойство относится именно к находке «Гоблинский набор быстрых заплат». Недорогой инструмент неожиданно относится к лучшей партии старой мастерской. На рынке редкостей за неё наверняка начнётся спор.,59400,"goblin,household,tier-7"
I0525,7,Дварфская складная кружка,"Нормальная повседневная вещь остаётся простой, но хорошо выполняет свою работу. Дворфская манера видна по тяжести, рунам и упрямой прочности.",4500,"Дварфская складная кружка — крепче, чем выглядит",Дворфская работа выдерживает падения и обычный жар мастерской. Малое свойство относится именно к находке «Дварфская складная кружка». Недорогой инструмент неожиданно относится к лучшей партии старой мастерской. Подлинная метка превращает случайную находку в событие.,49500,"dwarf,household,tier-7"
I0526,7,Эльфийские ножницы для трав,"Нормальная повседневная вещь остаётся простой, но хорошо выполняет свою работу. Эльфийская работа узнаётся по лёгким линиям и вниманию к мелочам.",3510,Эльфийские ножницы для трав — эльфийской аккуратности,"Вещь сама сохраняет чистоту и тонкий лесной аромат. Малое свойство относится именно к находке «Эльфийские ножницы для трав». Недорогой инструмент неожиданно относится к лучшей партии старой мастерской. Состояние почти идеальное, а происхождение подтверждено.",31590,"elf,household,tier-7"
I0527,7,Плащ городского посыльного,"Нормальная повседневная вещь остаётся простой, но хорошо выполняет свою работу. Человеческая вещь хранит понятные следы службы, ремонта и дороги.",6660,Плащ городского посыльного — с меткой хорошего хозяина,Незаметная деталь делает повседневное использование особенно удобным. Малое свойство относится именно к находке «Плащ городского посыльного». Недорогой инструмент неожиданно относится к лучшей партии старой мастерской. Знаток заплатит за такую редкость намного больше обычного.,66600,"human,household,tier-7"
I0528,7,Походный несессер путешественника,"Нормальная повседневная вещь остаётся простой, но хорошо выполняет свою работу. Каждая царапина отмечает новый участок долгого маршрута.",4860,Походный несессер путешественника — помнящий последний ночлег,На поверхности появляется маленькая отметка направления к последнему привалу. Малое свойство относится именно к находке «Походный несессер путешественника». Недорогой инструмент неожиданно относится к лучшей партии старой мастерской. Скрытая деталь делает находку одновременно полезной и коллекционной.,53460,"travel,household,tier-7"
I0529,7,Набор пробников для рыночного торговца,"Нормальная повседневная вещь остаётся простой, но хорошо выполняет свою работу. Бирки и упаковка выдают товар, который когда-то ждал покупателя.",3960,Набор пробников для рыночного торговца — с честной мерой,"Упаковка предупреждает, если товара внутри стало меньше указанного. Малое свойство относится именно к находке «Набор пробников для рыночного торговца». Недорогой инструмент неожиданно относится к лучшей партии старой мастерской. Редкая особенность раскрывается только при внимательном осмотре.",35640,"merchant,household,tier-7"
I0530,7,Ручная дрель часового мастера,"Нормальная повседневная вещь остаётся простой, но хорошо выполняет свою работу. Следы краски, глины или клея точно называют ремесло владельца.",2475,Ручная дрель часового мастера — точной руки,Инструмент слегка исправляет мелкие дрожания при спокойной работе. Малое свойство относится именно к находке «Ручная дрель часового мастера». Недорогой инструмент неожиданно относится к лучшей партии старой мастерской. Даже неприметный вид не способен скрыть выдающееся качество.,24750,"artisan,household,tier-7"
I0531,7,Механическая дверная защёлка,"Нормальная повседневная вещь остаётся простой, но хорошо выполняет свою работу. Бытовая вещь честно показывает привычки и достаток прежнего дома.",5310,Механическая дверная защёлка — домового порядка,Оставленная рядом мелочь ночью складывается аккуратнее. Малое свойство относится именно к находке «Механическая дверная защёлка». Недорогой инструмент неожиданно относится к лучшей партии старой мастерской. Вещь сохранилась вопреки возрасту и явно переживёт нового хозяина.,58410,"household,household,tier-7"
I0532,7,Ключ городского кладовщика,"Нормальная повседневная вещь остаётся простой, но хорошо выполняет свою работу. Форма бородки обещает замок, который, возможно, ещё существует.",4320,Ключ городского кладовщика — узнающий свой замок,"Металл становится тёплым рядом с подходящим замком. Малое свойство относится именно к находке «Ключ городского кладовщика». Недорогой инструмент неожиданно относится к лучшей партии старой мастерской. История владельца повышает цену не меньше, чем материалы.",38880,"key,household,tier-7"
I0533,7,Карта безопасных бродов,"Нормальная повседневная вещь остаётся простой, но хорошо выполняет свою работу. Линии маршрута, пятна и исправления оставлены разными путешественниками.",3060,Карта безопасных бродов — не боящийся дождя,Чернила не расплываются от воды и снова проявляются после высыхания. Малое свойство относится именно к находке «Карта безопасных бродов». Недорогой инструмент неожиданно относится к лучшей партии старой мастерской. Работа мастера узнаваема и имеет подтверждённую ценность.,30600,"map,household,tier-7"
I0534,7,Небольшая пластина полированного гематита,"Нормальная повседневная вещь остаётся простой, но хорошо выполняет свою работу. Свет на гранях помогает отличить камень, стекло и удачную подделку.",5940,Небольшая пластина полированного гематита — с вечерним огоньком,Камень даёт мягкий свет размером с пламя свечи. Малое свойство относится именно к находке «Небольшая пластина полированного гематита». Недорогой инструмент неожиданно относится к лучшей партии старой мастерской. Неожиданное свойство делает эту версию особенно желанной.,65340,"gem,household,tier-7"
I0535,7,Латунный жук с заводными крыльями,"Нормальная повседневная вещь остаётся простой, но хорошо выполняет свою работу. Назначение странности неочевидно, но детали явно сложились не случайно.",4500,Латунный жук с заводными крыльями — с тихим бытовым чудом,"Странность проявляет небольшое, безопасное и полезное свойство. Малое свойство относится именно к находке «Латунный жук с заводными крыльями». Недорогой инструмент неожиданно относится к лучшей партии старой мастерской. На рынке редкостей за неё наверняка начнётся спор.",40500,"oddity,household,tier-7"
I0536,7,Плотный суконный жилет ремесленника,"Нормальная повседневная вещь остаётся простой, но хорошо выполняет свою работу. Ткань и швы соответствуют бытовому назначению.",3510,Плотный суконный жилет ремесленника — не знающий свежих пятен,Свежая грязь осыпается с материала после лёгкого встряхивания. Недорогой инструмент неожиданно относится к лучшей партии старой мастерской. Подлинная метка превращает случайную находку в событие.,35100,"textile,household,tier-7"
I0537,7,Прошитые ботинки городского разносчика,"Нормальная повседневная вещь остаётся простой, но хорошо выполняет свою работу. Подошва рассчитана на обычные улицы и домашний двор.",6660,Прошитые ботинки городского разносчика — с сухой подкладкой,"Внутренняя сторона остаётся сухой после луж и мокрой травы. Недорогой инструмент неожиданно относится к лучшей партии старой мастерской. Состояние почти идеальное, а происхождение подтверждено.",73260,"footwear,household,tier-7"
I0538,7,Глазурованный сервиз для завтрака,"Нормальная повседневная вещь остаётся простой, но хорошо выполняет свою работу. Посуда сохранила следы семейных завтраков и трактирных ужинов.",4860,Глазурованный сервиз для завтрака — тихого гостеприимства,"Она слегка согревает поданную еду, но не обжигает руки. Недорогой инструмент неожиданно относится к лучшей партии старой мастерской. Знаток заплатит за такую редкость намного больше обычного.",43740,"tableware,household,tier-7"
I0539,7,Чугунная вафельница с длинными ручками,"Нормальная повседневная вещь остаётся простой, но хорошо выполняет свою работу. Копоть и царапины не мешают использовать вещь на кухне.",3960,Чугунная вафельница с длинными ручками — ленивого повара,Раз в день посуда самостоятельно доводит воду до кипения. Недорогой инструмент неожиданно относится к лучшей партии старой мастерской. Скрытая деталь делает находку одновременно полезной и коллекционной.,39600,"cookware,household,tier-7"
I0540,7,Короб вяленых груш и слив,"Нормальная повседневная вещь остаётся простой, но хорошо выполняет свою работу. Продукт можно оценить по запаху, упаковке и свежести.",2475,Короб вяленых груш и слив — домашнего вкуса,Еда всегда кажется приготовленной по любимому семейному рецепту. Недорогой инструмент неожиданно относится к лучшей партии старой мастерской. Редкая особенность раскрывается только при внимательном осмотре.,27225,"food,household,tier-7"
I0541,7,Бочонок доброго тёмного эля,"Нормальная повседневная вещь остаётся простой, но хорошо выполняет свою работу. Сосуд и напиток относятся к повседневному столу.",5310,Бочонок доброго тёмного эля — с утренним бокалом,На рассвете внутри появляется одна небольшая свежая порция. Недорогой инструмент неожиданно относится к лучшей партии старой мастерской. Даже неприметный вид не способен скрыть выдающееся качество.,47790,"drink,household,tier-7"
I0542,7,Запирающийся ларь для сухих продуктов,"Нормальная повседневная вещь остаётся простой, но хорошо выполняет свою работу. Ёмкость подходит для хранения обычных домашних запасов.",4320,Запирающийся ларь для сухих продуктов — бережной кладовой,Сухое содержимое не отсыревает до следующей недели. Недорогой инструмент неожиданно относится к лучшей партии старой мастерской. Вещь сохранилась вопреки возрасту и явно переживёт нового хозяина.,43200,"storage,household,tier-7"
I0543,7,Письменный прибор конторского служащего,"Нормальная повседневная вещь остаётся простой, но хорошо выполняет свою работу. Письменная принадлежность годится для счетов и коротких писем.",3060,Письменный прибор конторского служащего — без клякс,"Чернила ложатся ровно и не пачкают пальцы владельца. Недорогой инструмент неожиданно относится к лучшей партии старой мастерской. История владельца повышает цену не меньше, чем материалы.",33660,"stationery,household,tier-7"
I0544,7,Справочник городских ремёсел,"Нормальная повседневная вещь остаётся простой, но хорошо выполняет свою работу. Издание предназначено для практического чтения или досуга.",5940,Справочник городских ремёсел — с послушной закладкой,Переплёт сам открывается на последней прочитанной странице. Недорогой инструмент неожиданно относится к лучшей партии старой мастерской. Работа мастера узнаваема и имеет подтверждённую ценность.,53460,"book,household,tier-7"
I0545,7,Щётка и воск для полировки мебели,"Нормальная повседневная вещь остаётся простой, но хорошо выполняет свою работу. Простая принадлежность помогает поддерживать дом в порядке.",4500,Щётка и воск для полировки мебели — домового порядка,Раз в сутки она самостоятельно очищает небольшой участок комнаты. Недорогой инструмент неожиданно относится к лучшей партии старой мастерской. Неожиданное свойство делает эту версию особенно желанной.,45000,"cleaning,household,tier-7"
I0546,7,Набор для ухода за бородой,"Нормальная повседневная вещь остаётся простой, но хорошо выполняет свою работу. Предмет хранит следы ежедневного ухода за собой.",3510,Набор для ухода за бородой — опрятного утра,Он распутывает волосы или бороду без боли и статического треска. Недорогой инструмент неожиданно относится к лучшей партии старой мастерской. На рынке редкостей за неё наверняка начнётся спор.,38610,"grooming,household,tier-7"
I0547,7,Дорожная шкатулка портнихи,"Нормальная повседневная вещь остаётся простой, но хорошо выполняет свою работу. Набор пригоден для обычного ремонта одежды.",6660,Дорожная шкатулка портнихи — бережного шва,Нить сама затягивает один короткий разрыв ткани в день. Недорогой инструмент неожиданно относится к лучшей партии старой мастерской. Подлинная метка превращает случайную находку в событие.,59940,"sewing,household,tier-7"
I0548,7,Столярный угольник с разметкой,"Нормальная повседневная вещь остаётся простой, но хорошо выполняет свою работу. Инструмент решает одну понятную ремесленную задачу.",4860,Столярный угольник с разметкой — точной руки,"Рукоять исправляет небольшое дрожание при спокойной работе. Недорогой инструмент неожиданно относится к лучшей партии старой мастерской. Состояние почти идеальное, а происхождение подтверждено.",48600,"hand-tool,household,tier-7"
I0549,7,Секатор и садовая пила,"Нормальная повседневная вещь остаётся простой, но хорошо выполняет свою работу. Земля и растительный сок выдают работу возле дома или фермы.",3960,Секатор и садовая пила — ровной грядки,Инструмент оставляет особенно прямую борозду в рыхлой почве. Недорогой инструмент неожиданно относится к лучшей партии старой мастерской. Знаток заплатит за такую редкость намного больше обычного.,43560,"garden,household,tier-7"
I0550,7,Рыночные весы с полным набором гирь,"Нормальная повседневная вещь остаётся простой, но хорошо выполняет свою работу. Бирки и мерки связывают вещь с обычной рыночной торговлей.",2475,Рыночные весы с полным набором гирь — честной меры,Она предупреждает тихим звоном о недовесе товара. Недорогой инструмент неожиданно относится к лучшей партии старой мастерской. Скрытая деталь делает находку одновременно полезной и коллекционной.,22275,"market,household,tier-7"
I0551,7,Резное настенное зеркало,"Нормальная повседневная вещь остаётся простой, но хорошо выполняет свою работу. Украшение рассчитано на комнату, лавку или трактирный зал.",5310,Резное настенное зеркало — уютного света,Вечером оно даёт мягкий блеск яркостью не больше свечи. Недорогой инструмент неожиданно относится к лучшей партии старой мастерской. Редкая особенность раскрывается только при внимательном осмотре.,53100,"decor,household,tier-7"
I0552,7,Заводная деревянная утка,"Нормальная повседневная вещь остаётся простой, но хорошо выполняет свою работу. Игрушка пережила игры, падения и несколько починок.",4320,Заводная деревянная утка — возвращающийся на полку,Ночью она сама оказывается на привычном месте. Недорогой инструмент неожиданно относится к лучшей партии старой мастерской. Даже неприметный вид не способен скрыть выдающееся качество.,47520,"toy,household,tier-7"
I0553,7,Небольшая мандолина для таверны,"Нормальная повседневная вещь остаётся простой, но хорошо выполняет свою работу. Инструмент создан для домашней музыки и простых мелодий.",3060,Небольшая мандолина для таверны — чистой первой ноты,Первый звук всегда получается ясным и правильным. Недорогой инструмент неожиданно относится к лучшей партии старой мастерской. Вещь сохранилась вопреки возрасту и явно переживёт нового хозяина.,27540,"music,household,tier-7"
I0554,7,Масляный светильник с отражателем,"Нормальная повседневная вещь остаётся простой, но хорошо выполняет свою работу. Источник света удобен в комнате, сарае или на крыльце.",5940,Масляный светильник с отражателем — без копоти,"Огонь не пачкает потолок и не гаснет от слабого сквозняка. Недорогой инструмент неожиданно относится к лучшей партии старой мастерской. История владельца повышает цену не меньше, чем материалы.",59400,"light,household,tier-7"
I0555,7,Стёганое шерстяное одеяло,"Нормальная повседневная вещь остаётся простой, но хорошо выполняет свою работу. Мягкая вещь хранит тепло обычной спальни или постоялого двора.",4500,Стёганое шерстяное одеяло — спокойного сна,Рядом с ней быстрее забываются повседневные кошмары. Недорогой инструмент неожиданно относится к лучшей партии старой мастерской. Работа мастера узнаваема и имеет подтверждённую ценность.,49500,"bedding,household,tier-7"
I0556,7,Каминные часы с боем,"Нормальная повседневная вещь остаётся простой, но хорошо выполняет свою работу. Механизм помогает следить за временем домашних дел.",3510,Каминные часы с боем — точного часа,Часы сами исправляют отставание на рассвете. Недорогой инструмент неожиданно относится к лучшей партии старой мастерской. Неожиданное свойство делает эту версию особенно желанной.,31590,"timepiece,household,tier-7"
I0557,7,Сумка для чистой дорожной одежды,"Нормальная повседневная вещь остаётся простой, но хорошо выполняет свою работу. Предмет полезен обычному путнику, а не искателю битв.",6660,Сумка для чистой дорожной одежды — помнящий ночлег,На нём появляется отметка направления к последнему безопасному привалу. Недорогой инструмент неожиданно относится к лучшей партии старой мастерской. На рынке редкостей за неё наверняка начнётся спор.,66600,"travel,household,tier-7"
I0558,7,Мягкая щётка для породистой лошади,"Нормальная повседневная вещь остаётся простой, но хорошо выполняет свою работу. Вещь связана с уходом за домашним или тягловым животным.",4860,Мягкая щётка для породистой лошади — доброй конюшни,Зверь быстрее успокаивается во время привычного ухода. Недорогой инструмент неожиданно относится к лучшей партии старой мастерской. Подлинная метка превращает случайную находку в событие.,53460,"animal,household,tier-7"
I0559,7,Набор редких привозных приправ,"Нормальная повседневная вещь остаётся простой, но хорошо выполняет свою работу. Запах и упаковка позволяют судить о качестве приправы.",3960,Набор редких привозных приправ — не теряющий аромата,"Щепотка восстанавливает запах после закрытия упаковки. Недорогой инструмент неожиданно относится к лучшей партии старой мастерской. Состояние почти идеальное, а происхождение подтверждено.",35640,"spice,household,tier-7"
I0560,7,Латунная головоломка из трёх колец,"Нормальная повседневная вещь остаётся простой, но хорошо выполняет свою работу. Странная мелочь всё ещё принадлежит миру повседневных вещей.",2475,Латунная головоломка из трёх колец — с маленьким чудом,Безопасная особенность помогает в одной домашней задаче. Недорогой инструмент неожиданно относится к лучшей партии старой мастерской. Знаток заплатит за такую редкость намного больше обычного.,24750,"curiosity,household,tier-7"
I0561,8,Меховая шапка северного проводника,"Качественный бытовой предмет пригодится дома, в мастерской или обычной дороге. Форма и следы носки сразу выдают историю головного убора.",11220,Меховая шапка северного проводника — не промокающий под дождём,"Капли скатываются с него, не оставляя сырости. Малое свойство относится именно к находке «Меховая шапка северного проводника». Приключенческая принадлежность оказалась редким выпуском для важной экспедиции. Скрытая деталь делает находку одновременно полезной и коллекционной.",89760,"headwear,household,tier-8"
I0562,8,Непромокаемые сапоги речника,"Качественный бытовой предмет пригодится дома, в мастерской или обычной дороге. Подошва, застёжки и размер делают эту обувь вполне узнаваемой находкой.",8500,Непромокаемые сапоги речника — с сухими пятками,Обувь остаётся сухой даже после неглубокой лужи. Малое свойство относится именно к находке «Непромокаемые сапоги речника». Приключенческая принадлежность оказалась редким выпуском для важной экспедиции. Редкая особенность раскрывается только при внимательном осмотре.,76500,"footwear,household,tier-8"
I0563,8,Дорожный плащ с глубоким капюшоном,"Качественный бытовой предмет пригодится дома, в мастерской или обычной дороге. Ткань сохранила запах дороги, мастерской или прежнего хозяина.",6630,Дорожный плащ с глубоким капюшоном — не собирающий пятен,Свежая грязь сама осыпается с ткани через несколько минут. Малое свойство относится именно к находке «Дорожный плащ с глубоким капюшоном». Приключенческая принадлежность оказалась редким выпуском для важной экспедиции. Даже неприметный вид не способен скрыть выдающееся качество.,66300,"clothes,household,tier-8"
I0564,8,Компактный набор походной посуды,"Качественный бытовой предмет пригодится дома, в мастерской или обычной дороге. На поверхности остались царапины от долгого и не всегда бережного использования.",12580,Компактный набор походной посуды — показывающий идеальную температуру,"Прибор слегка теплеет, когда еду уже можно есть без риска обжечься. Малое свойство относится именно к находке «Компактный набор походной посуды». Приключенческая принадлежность оказалась редким выпуском для важной экспедиции. Вещь сохранилась вопреки возрасту и явно переживёт нового хозяина.",100640,"utensil,household,tier-8"
I0565,8,Котелок с откидной ручкой и крышкой,"Качественный бытовой предмет пригодится дома, в мастерской или обычной дороге. Копоть и вмятины рассказывают о множестве походных ужинов.",9180,Котелок с откидной ручкой и крышкой — ленивого повара,"Раз в день посуда сама доводит воду до кипения. Малое свойство относится именно к находке «Котелок с откидной ручкой и крышкой». Приключенческая принадлежность оказалась редким выпуском для важной экспедиции. История владельца повышает цену не меньше, чем материалы.",82620,"cookware,household,tier-8"
I0566,8,Запечатанный трёхдневный сухой паёк,"Качественный бытовой предмет пригодится дома, в мастерской или обычной дороге. Запах, корочка и упаковка позволяют оценить свежесть без рискованной дегустации.",7480,Запечатанный трёхдневный сухой паёк — с вкусом домашнего праздника,Даже маленькая порция насыщает и всегда кажется свежей. Малое свойство относится именно к находке «Запечатанный трёхдневный сухой паёк». Приключенческая принадлежность оказалась редким выпуском для важной экспедиции. Работа мастера узнаваема и имеет подтверждённую ценность.,74800,"food,household,tier-8"
I0567,8,Фляга крепкого травяного настоя,"Качественный бытовой предмет пригодится дома, в мастерской или обычной дороге. Содержимое тихо плещется и пахнет ровно так, как обещает его вид.",4675,Фляга крепкого травяного настоя — с последним бокалом,Каждое утро в сосуде снова появляется ровно один бокал напитка. Малое свойство относится именно к находке «Фляга крепкого травяного настоя». Приключенческая принадлежность оказалась редким выпуском для важной экспедиции. Неожиданное свойство делает эту версию особенно желанной.,37400,"drink,household,tier-8"
I0568,8,Костяной набор для дорожной игры,"Качественный бытовой предмет пригодится дома, в мастерской или обычной дороге. На кости заметны насечки, следы зубов или попытка придать ей смысл.",10030,Костяной набор для дорожной игры — честной игры,Костяшки не терпят подмены и тихо звенят при попытке жульничества. Малое свойство относится именно к находке «Костяной набор для дорожной игры». Приключенческая принадлежность оказалась редким выпуском для важной экспедиции. На рынке редкостей за неё наверняка начнётся спор.,90270,"bones,household,tier-8"
I0569,8,Многоцелевой молоток альпиниста,"Качественный бытовой предмет пригодится дома, в мастерской или обычной дороге. Баланс рукояти показывает, годится ли находка для настоящей работы.",8160,Многоцелевой молоток альпиниста — находящий расшатанный гвоздь,Рукоять едва заметно поворачивается к ближайшему расшатанному креплению. Малое свойство относится именно к находке «Многоцелевой молоток альпиниста». Приключенческая принадлежность оказалась редким выпуском для важной экспедиции. Подлинная метка превращает случайную находку в событие.,81600,"hammer,household,tier-8"
I0570,8,Швейное шило с вощёной нитью,"Качественный бытовой предмет пригодится дома, в мастерской или обычной дороге. Тонкий инструмент пережил владельца и сохранил следы его ремесла.",5780,Швейное шило с вощёной нитью — бережного шва,"Игла не колет владельца и сама подхватывает оборванную нить. Малое свойство относится именно к находке «Швейное шило с вощёной нитью». Приключенческая принадлежность оказалась редким выпуском для важной экспедиции. Состояние почти идеальное, а происхождение подтверждено.",46240,"needle,household,tier-8"
I0571,8,Верёвка с отмеченными саженями,"Качественный бытовой предмет пригодится дома, в мастерской или обычной дороге. Волокна, узлы и влажность честно показывают остаток прочности.",11220,Верёвка с отмеченными саженями — помнящий узел,По слову хозяина верёвка повторяет последний завязанный на ней узел. Малое свойство относится именно к находке «Верёвка с отмеченными саженями». Приключенческая принадлежность оказалась редким выпуском для важной экспедиции. Знаток заплатит за такую редкость намного больше обычного.,100980,"rope,household,tier-8"
I0572,8,Кожаный вещмешок с тремя отделениями,"Качественный бытовой предмет пригодится дома, в мастерской или обычной дороге. Внутри сохранился запах прежнего содержимого и немного дорожной пыли.",8500,Кожаный вещмешок с тремя отделениями — с карманом свежести,Продукты в одном небольшом отделении не черствеют до следующего утра. Малое свойство относится именно к находке «Кожаный вещмешок с тремя отделениями». Приключенческая принадлежность оказалась редким выпуском для важной экспедиции. Скрытая деталь делает находку одновременно полезной и коллекционной.,85000,"container,household,tier-8"
I0573,8,Набор писца в жёстком футляре,"Качественный бытовой предмет пригодится дома, в мастерской или обычной дороге. Пятна чернил и состояние наконечника говорят о последнем писавшем.",6630,Набор писца в жёстком футляре — без случайных клякс,Чернила ложатся ровно и исчезают с одежды после простого полоскания. Малое свойство относится именно к находке «Набор писца в жёстком футляре». Приключенческая принадлежность оказалась редким выпуском для важной экспедиции. Редкая особенность раскрывается только при внимательном осмотре.,53040,"writing,household,tier-8"
I0574,8,Путеводитель по постоялым дворам,"Качественный бытовой предмет пригодится дома, в мастерской или обычной дороге. Переплёт, поля и закладки выдают, насколько часто текстом пользовались.",12580,Путеводитель по постоялым дворам — с послушной закладкой,Книга сама открывается на последней прочитанной странице. Малое свойство относится именно к находке «Путеводитель по постоялым дворам». Приключенческая принадлежность оказалась редким выпуском для важной экспедиции. Даже неприметный вид не способен скрыть выдающееся качество.,113220,"book,household,tier-8"
I0575,8,Дорожная грамота с пустым именем,"Качественный бытовой предмет пригодится дома, в мастерской или обычной дороге. Печати и подписи можно изучить, хотя назначение бумаги не всегда радует.",9180,Дорожная грамота с пустым именем — видимый при свечах,Текст остаётся ясным даже в самом слабом бытовом освещении. Малое свойство относится именно к находке «Дорожная грамота с пустым именем». Приключенческая принадлежность оказалась редким выпуском для важной экспедиции. Вещь сохранилась вопреки возрасту и явно переживёт нового хозяина.,91800,"document,household,tier-8"
I0576,8,Поясной кошель с потайной складкой,"Качественный бытовой предмет пригодится дома, в мастерской или обычной дороге. Находка связана с мелкой торговлей и хранит следы множества рук.",7480,Поясной кошель с потайной складкой — считающий честную сдачу,"Предмет тихо звенит, если в горсти не хватает одной мелкой монеты. Малое свойство относится именно к находке «Поясной кошель с потайной складкой». Приключенческая принадлежность оказалась редким выпуском для важной экспедиции. История владельца повышает цену не меньше, чем материалы.",59840,"trade,household,tier-8"
I0577,8,Серебрёная застёжка для плаща,"Качественный бытовой предмет пригодится дома, в мастерской или обычной дороге. Даже при беглом осмотре видны качество оправы и состояние металла.",4675,Серебрёная застёжка для плаща — мягкого вечернего блеска,"Украшение светится как свеча, но лишь достаточно, чтобы увидеть руки. Малое свойство относится именно к находке «Серебрёная застёжка для плаща». Приключенческая принадлежность оказалась редким выпуском для важной экспедиции. Работа мастера узнаваема и имеет подтверждённую ценность.",42075,"jewelry,household,tier-8"
I0578,8,Карманная игра «Осада башни»,"Качественный бытовой предмет пригодится дома, в мастерской или обычной дороге. Игрушка пережила шумные игры и несколько неумелых починок.",10030,Карманная игра «Осада башни» — возвращающийся на полку,Оставленная на полу игрушка ночью сама оказывается на прежнем месте. Малое свойство относится именно к находке «Карманная игра «Осада башни»». Приключенческая принадлежность оказалась редким выпуском для важной экспедиции. Неожиданное свойство делает эту версию особенно желанной.,100300,"toy,household,tier-8"
I0579,8,Складной алтарный триптих,"Качественный бытовой предмет пригодится дома, в мастерской или обычной дороге. Символы нанесены старательно, хотя их смысл понятен не каждому жрецу.",8160,Складной алтарный триптих — спокойного сна,Рядом с вещью бытовые кошмары становятся тише и быстрее забываются. Малое свойство относится именно к находке «Складной алтарный триптих». Приключенческая принадлежность оказалась редким выпуском для важной экспедиции. На рынке редкостей за неё наверняка начнётся спор.,65280,"religion,household,tier-8"
I0580,8,Сигнальный рожок караванщика,"Качественный бытовой предмет пригодится дома, в мастерской или обычной дороге. Звук зависит от состояния дерева, металла и терпения исполнителя.",5780,Сигнальный рожок караванщика — чистого первого звука,"Первая нота всегда звучит правильно, даже после долгого хранения. Малое свойство относится именно к находке «Сигнальный рожок караванщика». Приключенческая принадлежность оказалась редким выпуском для важной экспедиции. Подлинная метка превращает случайную находку в событие.",52020,"music,household,tier-8"
I0581,8,Охотничий манок на водоплавающую птицу,"Качественный бытовой предмет пригодится дома, в мастерской или обычной дороге. Потёртости показывают, на какую добычу и как часто с вещью ходили.",11220,Охотничий манок на водоплавающую птицу — бережного ловца,"Снасть предупреждает, если в неё может попасть домашнее животное. Малое свойство относится именно к находке «Охотничий манок на водоплавающую птицу». Приключенческая принадлежность оказалась редким выпуском для важной экспедиции. Состояние почти идеальное, а происхождение подтверждено.",112200,"hunting,household,tier-8"
I0582,8,Катушка прочной шёлковой лески,"Качественный бытовой предмет пригодится дома, в мастерской или обычной дороге. Соль, леска и чешуя оставили на снасти честную биографию.",8500,Катушка прочной шёлковой лески — чувствующий поклёвку,"Леска мягко светится, когда рыба действительно касается наживки. Малое свойство относится именно к находке «Катушка прочной шёлковой лески». Приключенческая принадлежность оказалась редким выпуском для важной экспедиции. Знаток заплатит за такую редкость намного больше обычного.",68000,"fishing,household,tier-8"
I0583,8,Матросский нож со свайкой,"Качественный бытовой предмет пригодится дома, в мастерской или обычной дороге. Запах смолы и соли выдаёт долгую службу рядом с водой.",6630,Матросский нож со свайкой — не знающий плесени,"Соль и сырость не портят материал, пока вещь регулярно используют. Малое свойство относится именно к находке «Матросский нож со свайкой». Приключенческая принадлежность оказалась редким выпуском для важной экспедиции. Скрытая деталь делает находку одновременно полезной и коллекционной.",59670,"nautical,household,tier-8"
I0584,8,Складная полевая лопатка,"Качественный бытовой предмет пригодится дома, в мастерской или обычной дороге. Земля в щелях и затёртая рукоять говорят о привычной работе.",12580,Складная полевая лопатка — ровной борозды,Инструмент оставляет особенно прямой след на рыхлой земле. Малое свойство относится именно к находке «Складная полевая лопатка». Приключенческая принадлежность оказалась редким выпуском для важной экспедиции. Редкая особенность раскрывается только при внимательном осмотре.,125800,"farming,household,tier-8"
I0585,8,Шахтёрская лампа с отражателем,"Качественный бытовой предмет пригодится дома, в мастерской или обычной дороге. Каменная пыль забилась в каждую выемку этой шахтёрской вещи.",9180,Шахтёрская лампа с отражателем — чувствующий пустоты,Лёгкий звон предупреждает о полости сразу за тонкой стенкой. Малое свойство относится именно к находке «Шахтёрская лампа с отражателем». Приключенческая принадлежность оказалась редким выпуском для важной экспедиции. Даже неприметный вид не способен скрыть выдающееся качество.,73440,"mining,household,tier-8"
I0586,8,Небольшая лучковая пила,"Качественный бытовой предмет пригодится дома, в мастерской или обычной дороге. Смола и тонкая стружка сохранились возле рабочих кромок.",7480,Небольшая лучковая пила — без заноз,Обработанное им дерево остаётся гладким и не цепляет ладони. Малое свойство относится именно к находке «Небольшая лучковая пила». Приключенческая принадлежность оказалась редким выпуском для важной экспедиции. Вещь сохранилась вопреки возрасту и явно переживёт нового хозяина.,67320,"woodcraft,household,tier-8"
I0587,8,Переносные мехи для полевой кузницы,"Качественный бытовой предмет пригодится дома, в мастерской или обычной дороге. Окалина и следы жара не оставляют сомнений в кузнечном прошлом.",4675,Переносные мехи для полевой кузницы — умеренного жара,"Рукоять не нагревается от обычной печи и защищает ладонь мастера. Малое свойство относится именно к находке «Переносные мехи для полевой кузницы». Приключенческая принадлежность оказалась редким выпуском для важной экспедиции. История владельца повышает цену не меньше, чем материалы.",46750,"smithing,household,tier-8"
I0588,8,Набор замочных щупов в рулоне,"Качественный бытовой предмет пригодится дома, в мастерской или обычной дороге. Размер и гибкость намекают на задачи, о которых не пишут в накладных.",10030,Набор замочных щупов в рулоне — послушного замка,"Механизм помогает открыть только простые замки, к которым у владельца есть ключ. Малое свойство относится именно к находке «Набор замочных щупов в рулоне». Приключенческая принадлежность оказалась редким выпуском для важной экспедиции. Работа мастера узнаваема и имеет подтверждённую ценность.",80240,"hardware,household,tier-8"
I0589,8,Футляр основных алхимических реактивов,"Качественный бытовой предмет пригодится дома, в мастерской или обычной дороге. Осадок и цвет позволяют строить догадки, но не советуют пробовать содержимое.",8160,Футляр основных алхимических реактивов — чистого состава,"Средство меняет цвет, если испортилось или стало опасным. Малое свойство относится именно к находке «Футляр основных алхимических реактивов». Приключенческая принадлежность оказалась редким выпуском для важной экспедиции. Неожиданное свойство делает эту версию особенно желанной.",73440,"household-supplies,household,tier-8"
I0590,8,Походная аптечка с шинами,"Качественный бытовой предмет пригодится дома, в мастерской или обычной дороге. Запах трав и аккуратность упаковки показывают уровень прежнего лекаря.",5780,Походная аптечка с шинами — домашнего лекаря,Принадлежности остаются чистыми и пахнут свежими травами. Малое свойство относится именно к находке «Походная аптечка с шинами». Приключенческая принадлежность оказалась редким выпуском для важной экспедиции. На рынке редкостей за неё наверняка начнётся спор.,57800,"medicine,household,tier-8"
I0591,8,Одноместная промасленная палатка,"Качественный бытовой предмет пригодится дома, в мастерской или обычной дороге. Пыль дорог и следы дождя видны сильнее любой торговой марки.",11220,Одноместная промасленная палатка — сухого привала,Под вещью образуется небольшой сухой участок для сидения. Малое свойство относится именно к находке «Одноместная промасленная палатка». Приключенческая принадлежность оказалась редким выпуском для важной экспедиции. Подлинная метка превращает случайную находку в событие.,89760,"camping,household,tier-8"
I0592,8,Лампа с запасным фитилём и маслом,"Качественный бытовой предмет пригодится дома, в мастерской или обычной дороге. Копоть вокруг огня рассказывает, насколько ровно он когда-то горел.",8500,Лампа с запасным фитилём и маслом — тихого пламени,"Огонёк не коптит и не гаснет от слабого сквозняка. Малое свойство относится именно к находке «Лампа с запасным фитилём и маслом». Приключенческая принадлежность оказалась редким выпуском для важной экспедиции. Состояние почти идеальное, а происхождение подтверждено.",76500,"light,household,tier-8"
I0593,8,Латунный компас с крышкой,"Качественный бытовой предмет пригодится дома, в мастерской или обычной дороге. Стрелки, шкалы и потёртый корпус ещё могут подсказать направление.",6630,Латунный компас с крышкой — верной дороги домой,Стрелка может указать направление к последнему безопасному ночлегу. Малое свойство относится именно к находке «Латунный компас с крышкой». Приключенческая принадлежность оказалась редким выпуском для важной экспедиции. Знаток заплатит за такую редкость намного больше обычного.,66300,"navigation,household,tier-8"
I0594,8,Непромокаемый передник речника,"Качественный бытовой предмет пригодится дома, в мастерской или обычной дороге. Материал защищает от обычной грязи и непогоды, не превращая вещь в доспех.",12580,Непромокаемый передник речника — не боящийся рабочей грязи,Пыль и стружка легко стряхиваются после окончания работы. Малое свойство относится именно к находке «Непромокаемый передник речника». Приключенческая принадлежность оказалась редким выпуском для важной экспедиции. Скрытая деталь делает находку одновременно полезной и коллекционной.,100640,"workwear,household,tier-8"
I0595,8,Поднос трактирщика с нескользким дном,"Качественный бытовой предмет пригодится дома, в мастерской или обычной дороге. Форма рассчитана на мирную домашнюю или ремесленную работу.",9180,Поднос трактирщика с нескользким дном — домового порядка,Оставленная рядом мелочь ночью складывается аккуратнее. Малое свойство относится именно к находке «Поднос трактирщика с нескользким дном». Приключенческая принадлежность оказалась редким выпуском для важной экспедиции. Редкая особенность раскрывается только при внимательном осмотре.,82620,"household,household,tier-8"
I0596,8,Нож для разделки рыбы,"Качественный бытовой предмет пригодится дома, в мастерской или обычной дороге. Кромка нужна на кухне или в мастерской, а не в бою.",7480,Нож для разделки рыбы — с вечной кухонной заточкой,"Кромка долго остаётся острой на хлебе, овощах и бечёвке. Малое свойство относится именно к находке «Нож для разделки рыбы». Приключенческая принадлежность оказалась редким выпуском для важной экспедиции. Даже неприметный вид не способен скрыть выдающееся качество.",74800,"kitchen,household,tier-8"
I0597,8,Панно с картой городского рынка,"Качественный бытовой предмет пригодится дома, в мастерской или обычной дороге. Вещица служит украшением комнаты и показывает достаток владельца.",4675,Панно с картой городского рынка — с памятью комнаты,"Украшение принимает оттенок занавесей, возле которых его оставили. Малое свойство относится именно к находке «Панно с картой городского рынка». Приключенческая принадлежность оказалась редким выпуском для важной экспедиции. Вещь сохранилась вопреки возрасту и явно переживёт нового хозяина.",37400,"decor,household,tier-8"
I0598,8,Плотницкий топорик для точной работы,"Качественный бытовой предмет пригодится дома, в мастерской или обычной дороге. Рабочий инструмент удобно лежит в руке и решает повседневную задачу.",10030,Плотницкий топорик для точной работы — бережного мастера,"Инструмент не соскальзывает при простой бытовой работе. Малое свойство относится именно к находке «Плотницкий топорик для точной работы». Приключенческая принадлежность оказалась редким выпуском для важной экспедиции. История владельца повышает цену не меньше, чем материалы.",90270,"hand-tool,household,tier-8"
I0599,8,Складная рамка для сушки трав,"Качественный бытовой предмет пригодится дома, в мастерской или обычной дороге. Гибкая деталь пригодится ремесленнику, упаковщику или хозяину дома.",8160,Складная рамка для сушки трав — ровной меры,Гибкая деталь помогает отмерить одинаковые отрезки материала. Малое свойство относится именно к находке «Складная рамка для сушки трав». Приключенческая принадлежность оказалась редким выпуском для важной экспедиции. Работа мастера узнаваема и имеет подтверждённую ценность.,81600,"craft,household,tier-8"
I0600,8,Футляр медных заклёпок и шайб,"Качественный бытовой предмет пригодится дома, в мастерской или обычной дороге. Комплект расходников аккуратно собран для мирного ремонта.",5780,Футляр медных заклёпок и шайб — самособирающийся набор,Рассыпанные рядом детали к утру снова лежат в упаковке. Малое свойство относится именно к находке «Футляр медных заклёпок и шайб». Приключенческая принадлежность оказалась редким выпуском для важной экспедиции. Неожиданное свойство делает эту версию особенно желанной.,46240,"supplies,household,tier-8"
I0601,8,Трость с отделением для дорожных бумаг,"Качественный бытовой предмет пригодится дома, в мастерской или обычной дороге. Трость или подпорка помогает в дороге и возле дома.",11220,Трость с отделением для дорожных бумаг — лёгкого шага,Трость снимает усталость после последней лиги спокойной дороги. Малое свойство относится именно к находке «Трость с отделением для дорожных бумаг». Приключенческая принадлежность оказалась редким выпуском для важной экспедиции. На рынке редкостей за неё наверняка начнётся спор.,100980,"walking,household,tier-8"
I0602,8,Походная попона с водостойкой пропиткой,"Качественный бытовой предмет пригодится дома, в мастерской или обычной дороге. Ремни и пряжки подогнаны под конкретного зверя и долгую дорогу.",8500,Походная попона с водостойкой пропиткой — доброй конюшни,Животное быстрее успокаивается при привычной работе с этой вещью. Малое свойство относится именно к находке «Походная попона с водостойкой пропиткой». Приключенческая принадлежность оказалась редким выпуском для важной экспедиции. Подлинная метка превращает случайную находку в событие.,85000,"animal,household,tier-8"
I0603,8,"Подвеска, считающая пройденные лиги","Качественный бытовой предмет пригодится дома, в мастерской или обычной дороге. Едва заметная странность отличает вещицу от совершенно обычного хлама.",6630,"Подвеска, считающая пройденные лиги — с полезной странностью","Малое чудо безопасно помогает в одной повседневной задаче. Малое свойство относится именно к находке «Подвеска, считающая пройденные лиги». Приключенческая принадлежность оказалась редким выпуском для важной экспедиции. Состояние почти идеальное, а происхождение подтверждено.",53040,"curiosity,household,tier-8"
I0604,8,Гоблинский набор шумовых ловушек,"Качественный бытовой предмет пригодится дома, в мастерской или обычной дороге. Гоблинская практичность смешана здесь с самоуверенным украшательством.",12580,Гоблинский набор шумовых ловушек — гоблинского умельца,Смешная хитрость неожиданно хорошо справляется с бытовой мелочью. Малое свойство относится именно к находке «Гоблинский набор шумовых ловушек». Приключенческая принадлежность оказалась редким выпуском для важной экспедиции. Знаток заплатит за такую редкость намного больше обычного.,113220,"goblin,household,tier-8"
I0605,8,Дварфский складной треножник,"Качественный бытовой предмет пригодится дома, в мастерской или обычной дороге. Дворфская манера видна по тяжести, рунам и упрямой прочности.",9180,"Дварфский складной треножник — крепче, чем выглядит",Дворфская работа выдерживает падения и обычный жар мастерской. Малое свойство относится именно к находке «Дварфский складной треножник». Приключенческая принадлежность оказалась редким выпуском для важной экспедиции. Скрытая деталь делает находку одновременно полезной и коллекционной.,91800,"dwarf,household,tier-8"
I0606,8,Эльфийская фляга для росы,"Качественный бытовой предмет пригодится дома, в мастерской или обычной дороге. Эльфийская работа узнаётся по лёгким линиям и вниманию к мелочам.",7480,Эльфийская фляга для росы — эльфийской аккуратности,Вещь сама сохраняет чистоту и тонкий лесной аромат. Малое свойство относится именно к находке «Эльфийская фляга для росы». Приключенческая принадлежность оказалась редким выпуском для важной экспедиции. Редкая особенность раскрывается только при внимательном осмотре.,59840,"elf,household,tier-8"
I0607,8,Китель опытного проводника,"Качественный бытовой предмет пригодится дома, в мастерской или обычной дороге. Человеческая вещь хранит понятные следы службы, ремонта и дороги.",4675,Китель опытного проводника — с меткой хорошего хозяина,Незаметная деталь делает повседневное использование особенно удобным. Малое свойство относится именно к находке «Китель опытного проводника». Приключенческая принадлежность оказалась редким выпуском для важной экспедиции. Даже неприметный вид не способен скрыть выдающееся качество.,42075,"human,household,tier-8"
I0608,8,Дорожный сундук с внутренними ремнями,"Качественный бытовой предмет пригодится дома, в мастерской или обычной дороге. Каждая царапина отмечает новый участок долгого маршрута.",10030,Дорожный сундук с внутренними ремнями — помнящий последний ночлег,На поверхности появляется маленькая отметка направления к последнему привалу. Малое свойство относится именно к находке «Дорожный сундук с внутренними ремнями». Приключенческая принадлежность оказалась редким выпуском для важной экспедиции. Вещь сохранилась вопреки возрасту и явно переживёт нового хозяина.,100300,"travel,household,tier-8"
I0609,8,Весы странствующего оценщика,"Качественный бытовой предмет пригодится дома, в мастерской или обычной дороге. Бирки и упаковка выдают товар, который когда-то ждал покупателя.",8160,Весы странствующего оценщика — с честной мерой,"Упаковка предупреждает, если товара внутри стало меньше указанного. Малое свойство относится именно к находке «Весы странствующего оценщика». Приключенческая принадлежность оказалась редким выпуском для важной экспедиции. История владельца повышает цену не меньше, чем материалы.",65280,"merchant,household,tier-8"
I0610,8,Набор миниатюрных напильников,"Качественный бытовой предмет пригодится дома, в мастерской или обычной дороге. Следы краски, глины или клея точно называют ремесло владельца.",5780,Набор миниатюрных напильников — точной руки,Инструмент слегка исправляет мелкие дрожания при спокойной работе. Малое свойство относится именно к находке «Набор миниатюрных напильников». Приключенческая принадлежность оказалась редким выпуском для важной экспедиции. Работа мастера узнаваема и имеет подтверждённую ценность.,52020,"artisan,household,tier-8"
I0611,8,Складная жаровня для палатки,"Качественный бытовой предмет пригодится дома, в мастерской или обычной дороге. Бытовая вещь честно показывает привычки и достаток прежнего дома.",11220,Складная жаровня для палатки — домового порядка,Оставленная рядом мелочь ночью складывается аккуратнее. Малое свойство относится именно к находке «Складная жаровня для палатки». Приключенческая принадлежность оказалась редким выпуском для важной экспедиции. Неожиданное свойство делает эту версию особенно желанной.,112200,"household,household,tier-8"
I0612,8,Универсальный ключ караванщика,"Качественный бытовой предмет пригодится дома, в мастерской или обычной дороге. Форма бородки обещает замок, который, возможно, ещё существует.",8500,Универсальный ключ караванщика — узнающий свой замок,Металл становится тёплым рядом с подходящим замком. Малое свойство относится именно к находке «Универсальный ключ караванщика». Приключенческая принадлежность оказалась редким выпуском для важной экспедиции. На рынке редкостей за неё наверняка начнётся спор.,68000,"key,household,tier-8"
I0613,8,Карта придорожных колодцев,"Качественный бытовой предмет пригодится дома, в мастерской или обычной дороге. Линии маршрута, пятна и исправления оставлены разными путешественниками.",6630,Карта придорожных колодцев — не боящийся дождя,Чернила не расплываются от воды и снова проявляются после высыхания. Малое свойство относится именно к находке «Карта придорожных колодцев». Приключенческая принадлежность оказалась редким выпуском для важной экспедиции. Подлинная метка превращает случайную находку в событие.,59670,"map,household,tier-8"
I0614,8,Отполированный дымчатый кварц,"Качественный бытовой предмет пригодится дома, в мастерской или обычной дороге. Свет на гранях помогает отличить камень, стекло и удачную подделку.",12580,Отполированный дымчатый кварц — с вечерним огоньком,"Камень даёт мягкий свет размером с пламя свечи. Малое свойство относится именно к находке «Отполированный дымчатый кварц». Приключенческая принадлежность оказалась редким выпуском для важной экспедиции. Состояние почти идеальное, а происхождение подтверждено.",125800,"gem,household,tier-8"
I0615,8,Компасный паук в стеклянной банке,"Качественный бытовой предмет пригодится дома, в мастерской или обычной дороге. Назначение странности неочевидно, но детали явно сложились не случайно.",9180,Компасный паук в стеклянной банке — с тихим бытовым чудом,"Странность проявляет небольшое, безопасное и полезное свойство. Малое свойство относится именно к находке «Компасный паук в стеклянной банке». Приключенческая принадлежность оказалась редким выпуском для важной экспедиции. Знаток заплатит за такую редкость намного больше обычного.",73440,"oddity,household,tier-8"
I0616,8,Куртка из мягкой выделанной кожи,"Качественный бытовой предмет пригодится дома, в мастерской или обычной дороге. Ткань и швы соответствуют бытовому назначению.",7480,Куртка из мягкой выделанной кожи — не знающий свежих пятен,Свежая грязь осыпается с материала после лёгкого встряхивания. Приключенческая принадлежность оказалась редким выпуском для важной экспедиции. Скрытая деталь делает находку одновременно полезной и коллекционной.,67320,"textile,household,tier-8"
I0617,8,Непромокаемые ботинки лодочника,"Качественный бытовой предмет пригодится дома, в мастерской или обычной дороге. Подошва рассчитана на обычные улицы и домашний двор.",4675,Непромокаемые ботинки лодочника — с сухой подкладкой,Внутренняя сторона остаётся сухой после луж и мокрой травы. Приключенческая принадлежность оказалась редким выпуском для важной экспедиции. Редкая особенность раскрывается только при внимательном осмотре.,46750,"footwear,household,tier-8"
I0618,8,Керамический сервиз хорошей мастерской,"Качественный бытовой предмет пригодится дома, в мастерской или обычной дороге. Посуда сохранила следы семейных завтраков и трактирных ужинов.",10030,Керамический сервиз хорошей мастерской — тихого гостеприимства,"Она слегка согревает поданную еду, но не обжигает руки. Приключенческая принадлежность оказалась редким выпуском для важной экспедиции. Даже неприметный вид не способен скрыть выдающееся качество.",80240,"tableware,household,tier-8"
I0619,8,Медная форма для сложной выпечки,"Качественный бытовой предмет пригодится дома, в мастерской или обычной дороге. Копоть и царапины не мешают использовать вещь на кухне.",8160,Медная форма для сложной выпечки — ленивого повара,Раз в день посуда самостоятельно доводит воду до кипения. Приключенческая принадлежность оказалась редким выпуском для важной экспедиции. Вещь сохранилась вопреки возрасту и явно переживёт нового хозяина.,73440,"cookware,household,tier-8"
I0620,8,Набор копчёностей из торговой лавки,"Качественный бытовой предмет пригодится дома, в мастерской или обычной дороге. Продукт можно оценить по запаху, упаковке и свежести.",5780,Набор копчёностей из торговой лавки — домашнего вкуса,"Еда всегда кажется приготовленной по любимому семейному рецепту. Приключенческая принадлежность оказалась редким выпуском для важной экспедиции. История владельца повышает цену не меньше, чем материалы.",57800,"food,household,tier-8"
I0621,8,Бутыль выдержанного грушевого сидра,"Качественный бытовой предмет пригодится дома, в мастерской или обычной дороге. Сосуд и напиток относятся к повседневному столу.",11220,Бутыль выдержанного грушевого сидра — с утренним бокалом,На рассвете внутри появляется одна небольшая свежая порция. Приключенческая принадлежность оказалась редким выпуском для важной экспедиции. Работа мастера узнаваема и имеет подтверждённую ценность.,89760,"drink,household,tier-8"
I0622,8,Кедровый ящик для чайных запасов,"Качественный бытовой предмет пригодится дома, в мастерской или обычной дороге. Ёмкость подходит для хранения обычных домашних запасов.",8500,Кедровый ящик для чайных запасов — бережной кладовой,Сухое содержимое не отсыревает до следующей недели. Приключенческая принадлежность оказалась редким выпуском для важной экспедиции. Неожиданное свойство делает эту версию особенно желанной.,76500,"storage,household,tier-8"
I0623,8,Перьевая ручка с дорожной чернильницей,"Качественный бытовой предмет пригодится дома, в мастерской или обычной дороге. Письменная принадлежность годится для счетов и коротких писем.",6630,Перьевая ручка с дорожной чернильницей — без клякс,Чернила ложатся ровно и не пачкают пальцы владельца. Приключенческая принадлежность оказалась редким выпуском для важной экспедиции. На рынке редкостей за неё наверняка начнётся спор.,66300,"stationery,household,tier-8"
I0624,8,Поваренная книга известной харчевни,"Качественный бытовой предмет пригодится дома, в мастерской или обычной дороге. Издание предназначено для практического чтения или досуга.",12580,Поваренная книга известной харчевни — с послушной закладкой,Переплёт сам открывается на последней прочитанной странице. Приключенческая принадлежность оказалась редким выпуском для важной экспедиции. Подлинная метка превращает случайную находку в событие.,100640,"book,household,tier-8"
I0625,8,Комплект щёток для большого дома,"Качественный бытовой предмет пригодится дома, в мастерской или обычной дороге. Простая принадлежность помогает поддерживать дом в порядке.",9180,Комплект щёток для большого дома — домового порядка,"Раз в сутки она самостоятельно очищает небольшой участок комнаты. Приключенческая принадлежность оказалась редким выпуском для важной экспедиции. Состояние почти идеальное, а происхождение подтверждено.",82620,"cleaning,household,tier-8"
I0626,8,Серебрёный набор для бритья,"Качественный бытовой предмет пригодится дома, в мастерской или обычной дороге. Предмет хранит следы ежедневного ухода за собой.",7480,Серебрёный набор для бритья — опрятного утра,Он распутывает волосы или бороду без боли и статического треска. Приключенческая принадлежность оказалась редким выпуском для важной экспедиции. Знаток заплатит за такую редкость намного больше обычного.,74800,"grooming,household,tier-8"
I0627,8,Швейный ларец с латунной фурнитурой,"Качественный бытовой предмет пригодится дома, в мастерской или обычной дороге. Набор пригоден для обычного ремонта одежды.",4675,Швейный ларец с латунной фурнитурой — бережного шва,Нить сама затягивает один короткий разрыв ткани в день. Приключенческая принадлежность оказалась редким выпуском для важной экспедиции. Скрытая деталь делает находку одновременно полезной и коллекционной.,37400,"sewing,household,tier-8"
I0628,8,Набор стамесок домашнего мастера,"Качественный бытовой предмет пригодится дома, в мастерской или обычной дороге. Инструмент решает одну понятную ремесленную задачу.",10030,Набор стамесок домашнего мастера — точной руки,Рукоять исправляет небольшое дрожание при спокойной работе. Приключенческая принадлежность оказалась редким выпуском для важной экспедиции. Редкая особенность раскрывается только при внимательном осмотре.,90270,"hand-tool,household,tier-8"
I0629,8,Инструменты для ухода за фруктовыми деревьями,"Качественный бытовой предмет пригодится дома, в мастерской или обычной дороге. Земля и растительный сок выдают работу возле дома или фермы.",8160,Инструменты для ухода за фруктовыми деревьями — ровной грядки,Инструмент оставляет особенно прямую борозду в рыхлой почве. Приключенческая принадлежность оказалась редким выпуском для важной экспедиции. Даже неприметный вид не способен скрыть выдающееся качество.,81600,"garden,household,tier-8"
I0630,8,Точные весы бакалейщика,"Качественный бытовой предмет пригодится дома, в мастерской или обычной дороге. Бирки и мерки связывают вещь с обычной рыночной торговлей.",5780,Точные весы бакалейщика — честной меры,Она предупреждает тихим звоном о недовесе товара. Приключенческая принадлежность оказалась редким выпуском для важной экспедиции. Вещь сохранилась вопреки возрасту и явно переживёт нового хозяина.,46240,"market,household,tier-8"
I0631,8,Картина уютной гавани в дубовой раме,"Качественный бытовой предмет пригодится дома, в мастерской или обычной дороге. Украшение рассчитано на комнату, лавку или трактирный зал.",11220,Картина уютной гавани в дубовой раме — уютного света,"Вечером оно даёт мягкий блеск яркостью не больше свечи. Приключенческая принадлежность оказалась редким выпуском для важной экспедиции. История владельца повышает цену не меньше, чем материалы.",100980,"decor,household,tier-8"
I0632,8,Механическая карусель с ручным заводом,"Качественный бытовой предмет пригодится дома, в мастерской или обычной дороге. Игрушка пережила игры, падения и несколько починок.",8500,Механическая карусель с ручным заводом — возвращающийся на полку,Ночью она сама оказывается на привычном месте. Приключенческая принадлежность оказалась редким выпуском для важной экспедиции. Работа мастера узнаваема и имеет подтверждённую ценность.,85000,"toy,household,tier-8"
I0633,8,Гитара городского изготовителя,"Качественный бытовой предмет пригодится дома, в мастерской или обычной дороге. Инструмент создан для домашней музыки и простых мелодий.",6630,Гитара городского изготовителя — чистой первой ноты,Первый звук всегда получается ясным и правильным. Приключенческая принадлежность оказалась редким выпуском для важной экспедиции. Неожиданное свойство делает эту версию особенно желанной.,53040,"music,household,tier-8"
I0634,8,Стеклянная лампа с регулируемым фитилём,"Качественный бытовой предмет пригодится дома, в мастерской или обычной дороге. Источник света удобен в комнате, сарае или на крыльце.",12580,Стеклянная лампа с регулируемым фитилём — без копоти,Огонь не пачкает потолок и не гаснет от слабого сквозняка. Приключенческая принадлежность оказалась редким выпуском для важной экспедиции. На рынке редкостей за неё наверняка начнётся спор.,113220,"light,household,tier-8"
I0635,8,Пуховое одеяло для холодной комнаты,"Качественный бытовой предмет пригодится дома, в мастерской или обычной дороге. Мягкая вещь хранит тепло обычной спальни или постоялого двора.",9180,Пуховое одеяло для холодной комнаты — спокойного сна,Рядом с ней быстрее забываются повседневные кошмары. Приключенческая принадлежность оказалась редким выпуском для важной экспедиции. Подлинная метка превращает случайную находку в событие.,91800,"bedding,household,tier-8"
I0636,8,Настольные часы в буковом корпусе,"Качественный бытовой предмет пригодится дома, в мастерской или обычной дороге. Механизм помогает следить за временем домашних дел.",7480,Настольные часы в буковом корпусе — точного часа,"Часы сами исправляют отставание на рассвете. Приключенческая принадлежность оказалась редким выпуском для важной экспедиции. Состояние почти идеальное, а происхождение подтверждено.",59840,"timepiece,household,tier-8"
I0637,8,Саквояж обычного делового путешественника,"Качественный бытовой предмет пригодится дома, в мастерской или обычной дороге. Предмет полезен обычному путнику, а не искателю битв.",4675,Саквояж обычного делового путешественника — помнящий ночлег,На нём появляется отметка направления к последнему безопасному привалу. Приключенческая принадлежность оказалась редким выпуском для важной экспедиции. Знаток заплатит за такую редкость намного больше обычного.,42075,"travel,household,tier-8"
I0638,8,Набор для ухода за дорогим седлом,"Качественный бытовой предмет пригодится дома, в мастерской или обычной дороге. Вещь связана с уходом за домашним или тягловым животным.",10030,Набор для ухода за дорогим седлом — доброй конюшни,Зверь быстрее успокаивается во время привычного ухода. Приключенческая принадлежность оказалась редким выпуском для важной экспедиции. Скрытая деталь делает находку одновременно полезной и коллекционной.,100300,"animal,household,tier-8"
I0639,8,Коробочка шафрана среднего качества,"Качественный бытовой предмет пригодится дома, в мастерской или обычной дороге. Запах и упаковка позволяют судить о качестве приправы.",8160,Коробочка шафрана среднего качества — не теряющий аромата,Щепотка восстанавливает запах после закрытия упаковки. Приключенческая принадлежность оказалась редким выпуском для важной экспедиции. Редкая особенность раскрывается только при внимательном осмотре.,65280,"spice,household,tier-8"
I0640,8,Калейдоскоп с цветным стеклом,"Качественный бытовой предмет пригодится дома, в мастерской или обычной дороге. Странная мелочь всё ещё принадлежит миру повседневных вещей.",5780,Калейдоскоп с цветным стеклом — с маленьким чудом,Безопасная особенность помогает в одной домашней задаче. Приключенческая принадлежность оказалась редким выпуском для важной экспедиции. Даже неприметный вид не способен скрыть выдающееся качество.,52020,"curiosity,household,tier-8"
I0641,9,Шляпа разведчика с маскировочной сеткой,Хорошая повседневная вещь находится в отличном состоянии и готова к долгой службе. Форма и следы носки сразу выдают историю головного убора.,23680,Шляпа разведчика с маскировочной сеткой — не промокающий под дождём,"Капли скатываются с него, не оставляя сырости. Малое свойство относится именно к находке «Шляпа разведчика с маскировочной сеткой». Полезная вещь получила качество, которого не встретить в обычной лавке. Вещь сохранилась вопреки возрасту и явно переживёт нового хозяина.",165760,"headwear,household,tier-9"
I0642,9,Высокие сапоги для болот,"Хорошая повседневная вещь находится в отличном состоянии и готова к долгой службе. Подошва, застёжки и размер делают эту обувь вполне узнаваемой находкой.",17280,Высокие сапоги для болот — с сухими пятками,"Обувь остаётся сухой даже после неглубокой лужи. Малое свойство относится именно к находке «Высокие сапоги для болот». Полезная вещь получила качество, которого не встретить в обычной лавке. История владельца повышает цену не меньше, чем материалы.",138240,"footwear,household,tier-9"
I0643,9,Утеплённая куртка с множеством карманов,"Хорошая повседневная вещь находится в отличном состоянии и готова к долгой службе. Ткань сохранила запах дороги, мастерской или прежнего хозяина.",14080,Утеплённая куртка с множеством карманов — не собирающий пятен,"Свежая грязь сама осыпается с ткани через несколько минут. Малое свойство относится именно к находке «Утеплённая куртка с множеством карманов». Полезная вещь получила качество, которого не встретить в обычной лавке. Работа мастера узнаваема и имеет подтверждённую ценность.",126720,"clothes,household,tier-9"
I0644,9,Серебрёный дорожный столовый набор,Хорошая повседневная вещь находится в отличном состоянии и готова к долгой службе. На поверхности остались царапины от долгого и не всегда бережного использования.,8800,Серебрёный дорожный столовый набор — показывающий идеальную температуру,"Прибор слегка теплеет, когда еду уже можно есть без риска обжечься. Малое свойство относится именно к находке «Серебрёный дорожный столовый набор». Полезная вещь получила качество, которого не встретить в обычной лавке. Неожиданное свойство делает эту версию особенно желанной.",61600,"utensil,household,tier-9"
I0645,9,Лёгкая стальная жаровня,Хорошая повседневная вещь находится в отличном состоянии и готова к долгой службе. Копоть и вмятины рассказывают о множестве походных ужинов.,18880,Лёгкая стальная жаровня — ленивого повара,"Раз в день посуда сама доводит воду до кипения. Малое свойство относится именно к находке «Лёгкая стальная жаровня». Полезная вещь получила качество, которого не встретить в обычной лавке. На рынке редкостей за неё наверняка начнётся спор.",151040,"cookware,household,tier-9"
I0646,9,Короб пряного сушёного мяса,"Хорошая повседневная вещь находится в отличном состоянии и готова к долгой службе. Запах, корочка и упаковка позволяют оценить свежесть без рискованной дегустации.",15360,Короб пряного сушёного мяса — с вкусом домашнего праздника,"Даже маленькая порция насыщает и всегда кажется свежей. Малое свойство относится именно к находке «Короб пряного сушёного мяса». Полезная вещь получила качество, которого не встретить в обычной лавке. Подлинная метка превращает случайную находку в событие.",138240,"food,household,tier-9"
I0647,9,Бутыль доброго яблочного бренди,"Хорошая повседневная вещь находится в отличном состоянии и готова к долгой службе. Содержимое тихо плещется и пахнет ровно так, как обещает его вид.",10880,Бутыль доброго яблочного бренди — с последним бокалом,"Каждое утро в сосуде снова появляется ровно один бокал напитка. Малое свойство относится именно к находке «Бутыль доброго яблочного бренди». Полезная вещь получила качество, которого не встретить в обычной лавке. Состояние почти идеальное, а происхождение подтверждено.",76160,"drink,household,tier-9"
I0648,9,Комплект игральных костей из рога,"Хорошая повседневная вещь находится в отличном состоянии и готова к долгой службе. На кости заметны насечки, следы зубов или попытка придать ей смысл.",21120,Комплект игральных костей из рога — честной игры,"Костяшки не терпят подмены и тихо звенят при попытке жульничества. Малое свойство относится именно к находке «Комплект игральных костей из рога». Полезная вещь получила качество, которого не встретить в обычной лавке. Знаток заплатит за такую редкость намного больше обычного.",168960,"bones,household,tier-9"
I0649,9,Молоток мастера по укладке булыжника,"Хорошая повседневная вещь находится в отличном состоянии и готова к долгой службе. Баланс рукояти показывает, годится ли находка для настоящей работы.",16000,Молоток мастера по укладке булыжника — находящий расшатанный гвоздь,"Рукоять едва заметно поворачивается к ближайшему расшатанному креплению. Малое свойство относится именно к находке «Молоток мастера по укладке булыжника». Полезная вещь получила качество, которого не встретить в обычной лавке. Скрытая деталь делает находку одновременно полезной и коллекционной.",144000,"hammer,household,tier-9"
I0650,9,Набор хирургических швейных игл,Хорошая повседневная вещь находится в отличном состоянии и готова к долгой службе. Тонкий инструмент пережил владельца и сохранил следы его ремесла.,12480,Набор хирургических швейных игл — бережного шва,"Игла не колет владельца и сама подхватывает оборванную нить. Малое свойство относится именно к находке «Набор хирургических швейных игл». Полезная вещь получила качество, которого не встретить в обычной лавке. Редкая особенность раскрывается только при внимательном осмотре.",87360,"needle,household,tier-9"
I0651,9,Шёлковая верёвка для подъёма груза,"Хорошая повседневная вещь находится в отличном состоянии и готова к долгой службе. Волокна, узлы и влажность честно показывают остаток прочности.",23680,Шёлковая верёвка для подъёма груза — помнящий узел,"По слову хозяина верёвка повторяет последний завязанный на ней узел. Малое свойство относится именно к находке «Шёлковая верёвка для подъёма груза». Полезная вещь получила качество, которого не встретить в обычной лавке. Даже неприметный вид не способен скрыть выдающееся качество.",189440,"rope,household,tier-9"
I0652,9,Запирающийся футляр для ценностей,Хорошая повседневная вещь находится в отличном состоянии и готова к долгой службе. Внутри сохранился запах прежнего содержимого и немного дорожной пыли.,17280,Запирающийся футляр для ценностей — с карманом свежести,"Продукты в одном небольшом отделении не черствеют до следующего утра. Малое свойство относится именно к находке «Запирающийся футляр для ценностей». Полезная вещь получила качество, которого не встретить в обычной лавке. Вещь сохранилась вопреки возрасту и явно переживёт нового хозяина.",155520,"container,household,tier-9"
I0653,9,Перьевая ручка с запасным резервуаром,Хорошая повседневная вещь находится в отличном состоянии и готова к долгой службе. Пятна чернил и состояние наконечника говорят о последнем писавшем.,14080,Перьевая ручка с запасным резервуаром — без случайных клякс,"Чернила ложатся ровно и исчезают с одежды после простого полоскания. Малое свойство относится именно к находке «Перьевая ручка с запасным резервуаром». Полезная вещь получила качество, которого не встретить в обычной лавке. История владельца повышает цену не меньше, чем материалы.",98560,"writing,household,tier-9"
I0654,9,Атлас растений северных земель,"Хорошая повседневная вещь находится в отличном состоянии и готова к долгой службе. Переплёт, поля и закладки выдают, насколько часто текстом пользовались.",8800,Атлас растений северных земель — с послушной закладкой,"Книга сама открывается на последней прочитанной странице. Малое свойство относится именно к находке «Атлас растений северных земель». Полезная вещь получила качество, которого не встретить в обычной лавке. Работа мастера узнаваема и имеет подтверждённую ценность.",70400,"book,household,tier-9"
I0655,9,Заверенное письмо о праве прохода,"Хорошая повседневная вещь находится в отличном состоянии и готова к долгой службе. Печати и подписи можно изучить, хотя назначение бумаги не всегда радует.",18880,Заверенное письмо о праве прохода — видимый при свечах,"Текст остаётся ясным даже в самом слабом бытовом освещении. Малое свойство относится именно к находке «Заверенное письмо о праве прохода». Полезная вещь получила качество, которого не встретить в обычной лавке. Неожиданное свойство делает эту версию особенно желанной.",169920,"document,household,tier-9"
I0656,9,Пружинный кошель от карманников,Хорошая повседневная вещь находится в отличном состоянии и готова к долгой службе. Находка связана с мелкой торговлей и хранит следы множества рук.,15360,Пружинный кошель от карманников — считающий честную сдачу,"Предмет тихо звенит, если в горсти не хватает одной мелкой монеты. Малое свойство относится именно к находке «Пружинный кошель от карманников». Полезная вещь получила качество, которого не встретить в обычной лавке. На рынке редкостей за неё наверняка начнётся спор.",107520,"trade,household,tier-9"
I0657,9,Серебряный медальон без портрета,Хорошая повседневная вещь находится в отличном состоянии и готова к долгой службе. Даже при беглом осмотре видны качество оправы и состояние металла.,10880,Серебряный медальон без портрета — мягкого вечернего блеска,"Украшение светится как свеча, но лишь достаточно, чтобы увидеть руки. Малое свойство относится именно к находке «Серебряный медальон без портрета». Полезная вещь получила качество, которого не встретить в обычной лавке. Подлинная метка превращает случайную находку в событие.",87040,"jewelry,household,tier-9"
I0658,9,Механическая птица с простым заводом,Хорошая повседневная вещь находится в отличном состоянии и готова к долгой службе. Игрушка пережила шумные игры и несколько неумелых починок.,21120,Механическая птица с простым заводом — возвращающийся на полку,"Оставленная на полу игрушка ночью сама оказывается на прежнем месте. Малое свойство относится именно к находке «Механическая птица с простым заводом». Полезная вещь получила качество, которого не встретить в обычной лавке. Состояние почти идеальное, а происхождение подтверждено.",190080,"toy,household,tier-9"
I0659,9,Серебряный дорожный символ веры,"Хорошая повседневная вещь находится в отличном состоянии и готова к долгой службе. Символы нанесены старательно, хотя их смысл понятен не каждому жрецу.",16000,Серебряный дорожный символ веры — спокойного сна,"Рядом с вещью бытовые кошмары становятся тише и быстрее забываются. Малое свойство относится именно к находке «Серебряный дорожный символ веры». Полезная вещь получила качество, которого не встретить в обычной лавке. Знаток заплатит за такую редкость намного больше обычного.",112000,"religion,household,tier-9"
I0660,9,Флейта из выдержанного клёна,"Хорошая повседневная вещь находится в отличном состоянии и готова к долгой службе. Звук зависит от состояния дерева, металла и терпения исполнителя.",12480,Флейта из выдержанного клёна — чистого первого звука,"Первая нота всегда звучит правильно, даже после долгого хранения. Малое свойство относится именно к находке «Флейта из выдержанного клёна». Полезная вещь получила качество, которого не встретить в обычной лавке. Скрытая деталь делает находку одновременно полезной и коллекционной.",99840,"music,household,tier-9"
I0661,9,Дальномер городского землемера,"Хорошая повседневная вещь находится в отличном состоянии и готова к долгой службе. Потёртости показывают, на какую добычу и как часто с вещью ходили.",23680,Дальномер городского землемера — бережного ловца,"Снасть предупреждает, если в неё может попасть домашнее животное. Малое свойство относится именно к находке «Дальномер городского землемера». Полезная вещь получила качество, которого не встретить в обычной лавке. Редкая особенность раскрывается только при внимательном осмотре.",213120,"hunting,household,tier-9"
I0662,9,Набор снастей для крупной речной рыбы,"Хорошая повседневная вещь находится в отличном состоянии и готова к долгой службе. Соль, леска и чешуя оставили на снасти честную биографию.",17280,Набор снастей для крупной речной рыбы — чувствующий поклёвку,"Леска мягко светится, когда рыба действительно касается наживки. Малое свойство относится именно к находке «Набор снастей для крупной речной рыбы». Полезная вещь получила качество, которого не встретить в обычной лавке. Даже неприметный вид не способен скрыть выдающееся качество.",120960,"fishing,household,tier-9"
I0663,9,Медный секстант малого судна,Хорошая повседневная вещь находится в отличном состоянии и готова к долгой службе. Запах смолы и соли выдаёт долгую службу рядом с водой.,14080,Медный секстант малого судна — не знающий плесени,"Соль и сырость не портят материал, пока вещь регулярно используют. Малое свойство относится именно к находке «Медный секстант малого судна». Полезная вещь получила качество, которого не встретить в обычной лавке. Вещь сохранилась вопреки возрасту и явно переживёт нового хозяина.",112640,"nautical,household,tier-9"
I0664,9,Стальная лопата с усиленным краем,Хорошая повседневная вещь находится в отличном состоянии и готова к долгой службе. Земля в щелях и затёртая рукоять говорят о привычной работе.,8800,Стальная лопата с усиленным краем — ровной борозды,"Инструмент оставляет особенно прямой след на рыхлой земле. Малое свойство относится именно к находке «Стальная лопата с усиленным краем». Полезная вещь получила качество, которого не встретить в обычной лавке. История владельца повышает цену не меньше, чем материалы.",79200,"farming,household,tier-9"
I0665,9,Геологический молоток с лупой,Хорошая повседневная вещь находится в отличном состоянии и готова к долгой службе. Каменная пыль забилась в каждую выемку этой шахтёрской вещи.,18880,Геологический молоток с лупой — чувствующий пустоты,"Лёгкий звон предупреждает о полости сразу за тонкой стенкой. Малое свойство относится именно к находке «Геологический молоток с лупой». Полезная вещь получила качество, которого не встретить в обычной лавке. Работа мастера узнаваема и имеет подтверждённую ценность.",132160,"mining,household,tier-9"
I0666,9,Набор резца и фигурных стамесок,Хорошая повседневная вещь находится в отличном состоянии и готова к долгой службе. Смола и тонкая стружка сохранились возле рабочих кромок.,15360,Набор резца и фигурных стамесок — без заноз,"Обработанное им дерево остаётся гладким и не цепляет ладони. Малое свойство относится именно к находке «Набор резца и фигурных стамесок». Полезная вещь получила качество, которого не встретить в обычной лавке. Неожиданное свойство делает эту версию особенно желанной.",122880,"woodcraft,household,tier-9"
I0667,9,Наковальня для ремонта в пути,Хорошая повседневная вещь находится в отличном состоянии и готова к долгой службе. Окалина и следы жара не оставляют сомнений в кузнечном прошлом.,10880,Наковальня для ремонта в пути — умеренного жара,"Рукоять не нагревается от обычной печи и защищает ладонь мастера. Малое свойство относится именно к находке «Наковальня для ремонта в пути». Полезная вещь получила качество, которого не встретить в обычной лавке. На рынке редкостей за неё наверняка начнётся спор.",97920,"smithing,household,tier-9"
I0668,9,Тонкий комплект медвежатника,"Хорошая повседневная вещь находится в отличном состоянии и готова к долгой службе. Размер и гибкость намекают на задачи, о которых не пишут в накладных.",21120,Тонкий комплект медвежатника — послушного замка,"Механизм помогает открыть только простые замки, к которым у владельца есть ключ. Малое свойство относится именно к находке «Тонкий комплект медвежатника». Полезная вещь получила качество, которого не встретить в обычной лавке. Подлинная метка превращает случайную находку в событие.",147840,"hardware,household,tier-9"
I0669,9,Алхимические весы с гирями,"Хорошая повседневная вещь находится в отличном состоянии и готова к долгой службе. Осадок и цвет позволяют строить догадки, но не советуют пробовать содержимое.",16000,Алхимические весы с гирями — чистого состава,"Средство меняет цвет, если испортилось или стало опасным. Малое свойство относится именно к находке «Алхимические весы с гирями». Полезная вещь получила качество, которого не встретить в обычной лавке. Состояние почти идеальное, а происхождение подтверждено.",128000,"household-supplies,household,tier-9"
I0670,9,Сумка полевого лекаря,Хорошая повседневная вещь находится в отличном состоянии и готова к долгой службе. Запах трав и аккуратность упаковки показывают уровень прежнего лекаря.,12480,Сумка полевого лекаря — домашнего лекаря,"Принадлежности остаются чистыми и пахнут свежими травами. Малое свойство относится именно к находке «Сумка полевого лекаря». Полезная вещь получила качество, которого не встретить в обычной лавке. Знаток заплатит за такую редкость намного больше обычного.",112320,"medicine,household,tier-9"
I0671,9,Двухместная палатка быстрого развёртывания,Хорошая повседневная вещь находится в отличном состоянии и готова к долгой службе. Пыль дорог и следы дождя видны сильнее любой торговой марки.,23680,Двухместная палатка быстрого развёртывания — сухого привала,"Под вещью образуется небольшой сухой участок для сидения. Малое свойство относится именно к находке «Двухместная палатка быстрого развёртывания». Полезная вещь получила качество, которого не встретить в обычной лавке. Скрытая деталь делает находку одновременно полезной и коллекционной.",165760,"camping,household,tier-9"
I0672,9,Фонарь с линзой направленного света,"Хорошая повседневная вещь находится в отличном состоянии и готова к долгой службе. Копоть вокруг огня рассказывает, насколько ровно он когда-то горел.",17280,Фонарь с линзой направленного света — тихого пламени,"Огонёк не коптит и не гаснет от слабого сквозняка. Малое свойство относится именно к находке «Фонарь с линзой направленного света». Полезная вещь получила качество, которого не встретить в обычной лавке. Редкая особенность раскрывается только при внимательном осмотре.",138240,"light,household,tier-9"
I0673,9,Компас с уровнем и визиром,"Хорошая повседневная вещь находится в отличном состоянии и готова к долгой службе. Стрелки, шкалы и потёртый корпус ещё могут подсказать направление.",14080,Компас с уровнем и визиром — верной дороги домой,"Стрелка может указать направление к последнему безопасному ночлегу. Малое свойство относится именно к находке «Компас с уровнем и визиром». Полезная вещь получила качество, которого не встретить в обычной лавке. Даже неприметный вид не способен скрыть выдающееся качество.",126720,"navigation,household,tier-9"
I0674,9,Укреплённая куртка стекольщика,"Хорошая повседневная вещь находится в отличном состоянии и готова к долгой службе. Материал защищает от обычной грязи и непогоды, не превращая вещь в доспех.",8800,Укреплённая куртка стекольщика — не боящийся рабочей грязи,"Пыль и стружка легко стряхиваются после окончания работы. Малое свойство относится именно к находке «Укреплённая куртка стекольщика». Полезная вещь получила качество, которого не встретить в обычной лавке. Вещь сохранилась вопреки возрасту и явно переживёт нового хозяина.",61600,"workwear,household,tier-9"
I0675,9,Серебрёный поднос хорошей харчевни,Хорошая повседневная вещь находится в отличном состоянии и готова к долгой службе. Форма рассчитана на мирную домашнюю или ремесленную работу.,18880,Серебрёный поднос хорошей харчевни — домового порядка,"Оставленная рядом мелочь ночью складывается аккуратнее. Малое свойство относится именно к находке «Серебрёный поднос хорошей харчевни». Полезная вещь получила качество, которого не встретить в обычной лавке. История владельца повышает цену не меньше, чем материалы.",151040,"household,household,tier-9"
I0676,9,Поварской нож точной заточки,"Хорошая повседневная вещь находится в отличном состоянии и готова к долгой службе. Кромка нужна на кухне или в мастерской, а не в бою.",15360,Поварской нож точной заточки — с вечной кухонной заточкой,"Кромка долго остаётся острой на хлебе, овощах и бечёвке. Малое свойство относится именно к находке «Поварской нож точной заточки». Полезная вещь получила качество, которого не встретить в обычной лавке. Работа мастера узнаваема и имеет подтверждённую ценность.",138240,"kitchen,household,tier-9"
I0677,9,Настенные часы в ореховом корпусе,Хорошая повседневная вещь находится в отличном состоянии и готова к долгой службе. Вещица служит украшением комнаты и показывает достаток владельца.,10880,Настенные часы в ореховом корпусе — с памятью комнаты,"Украшение принимает оттенок занавесей, возле которых его оставили. Малое свойство относится именно к находке «Настенные часы в ореховом корпусе». Полезная вещь получила качество, которого не встретить в обычной лавке. Неожиданное свойство делает эту версию особенно желанной.",76160,"decor,household,tier-9"
I0678,9,Топор краснодеревщика с узким лезвием,Хорошая повседневная вещь находится в отличном состоянии и готова к долгой службе. Рабочий инструмент удобно лежит в руке и решает повседневную задачу.,21120,Топор краснодеревщика с узким лезвием — бережного мастера,"Инструмент не соскальзывает при простой бытовой работе. Малое свойство относится именно к находке «Топор краснодеревщика с узким лезвием». Полезная вещь получила качество, которого не встретить в обычной лавке. На рынке редкостей за неё наверняка начнётся спор.",168960,"hand-tool,household,tier-9"
I0679,9,Гибкая мерная рейка портного,"Хорошая повседневная вещь находится в отличном состоянии и готова к долгой службе. Гибкая деталь пригодится ремесленнику, упаковщику или хозяину дома.",16000,Гибкая мерная рейка портного — ровной меры,"Гибкая деталь помогает отмерить одинаковые отрезки материала. Малое свойство относится именно к находке «Гибкая мерная рейка портного». Полезная вещь получила качество, которого не встретить в обычной лавке. Подлинная метка превращает случайную находку в событие.",144000,"craft,household,tier-9"
I0680,9,Набор винтов для часового механизма,Хорошая повседневная вещь находится в отличном состоянии и готова к долгой службе. Комплект расходников аккуратно собран для мирного ремонта.,12480,Набор винтов для часового механизма — самособирающийся набор,"Рассыпанные рядом детали к утру снова лежат в упаковке. Малое свойство относится именно к находке «Набор винтов для часового механизма». Полезная вещь получила качество, которого не встретить в обычной лавке. Состояние почти идеальное, а происхождение подтверждено.",87360,"supplies,household,tier-9"
I0681,9,Трость городского врача,Хорошая повседневная вещь находится в отличном состоянии и готова к долгой службе. Трость или подпорка помогает в дороге и возле дома.,23680,Трость городского врача — лёгкого шага,"Трость снимает усталость после последней лиги спокойной дороги. Малое свойство относится именно к находке «Трость городского врача». Полезная вещь получила качество, которого не встретить в обычной лавке. Знаток заплатит за такую редкость намного больше обычного.",189440,"walking,household,tier-9"
I0682,9,Седло дальнего перехода,Хорошая повседневная вещь находится в отличном состоянии и готова к долгой службе. Ремни и пряжки подогнаны под конкретного зверя и долгую дорогу.,17280,Седло дальнего перехода — доброй конюшни,"Животное быстрее успокаивается при привычной работе с этой вещью. Малое свойство относится именно к находке «Седло дальнего перехода». Полезная вещь получила качество, которого не встретить в обычной лавке. Скрытая деталь делает находку одновременно полезной и коллекционной.",155520,"animal,household,tier-9"
I0683,9,"Брошь, всегда указывающая время до заката",Хорошая повседневная вещь находится в отличном состоянии и готова к долгой службе. Едва заметная странность отличает вещицу от совершенно обычного хлама.,14080,"Брошь, всегда указывающая время до заката — с полезной странностью","Малое чудо безопасно помогает в одной повседневной задаче. Малое свойство относится именно к находке «Брошь, всегда указывающая время до заката». Полезная вещь получила качество, которого не встретить в обычной лавке. Редкая особенность раскрывается только при внимательном осмотре.",98560,"curiosity,household,tier-9"
I0684,9,Гоблинская складная лестница,Хорошая повседневная вещь находится в отличном состоянии и готова к долгой службе. Гоблинская практичность смешана здесь с самоуверенным украшательством.,8800,Гоблинская складная лестница — гоблинского умельца,"Смешная хитрость неожиданно хорошо справляется с бытовой мелочью. Малое свойство относится именно к находке «Гоблинская складная лестница». Полезная вещь получила качество, которого не встретить в обычной лавке. Даже неприметный вид не способен скрыть выдающееся качество.",70400,"goblin,household,tier-9"
I0685,9,Дварфский отвес без колебаний,"Хорошая повседневная вещь находится в отличном состоянии и готова к долгой службе. Дворфская манера видна по тяжести, рунам и упрямой прочности.",18880,"Дварфский отвес без колебаний — крепче, чем выглядит","Дворфская работа выдерживает падения и обычный жар мастерской. Малое свойство относится именно к находке «Дварфский отвес без колебаний». Полезная вещь получила качество, которого не встретить в обычной лавке. Вещь сохранилась вопреки возрасту и явно переживёт нового хозяина.",169920,"dwarf,household,tier-9"
I0686,9,Эльфийский нож для сбора растений,Хорошая повседневная вещь находится в отличном состоянии и готова к долгой службе. Эльфийская работа узнаётся по лёгким линиям и вниманию к мелочам.,15360,Эльфийский нож для сбора растений — эльфийской аккуратности,"Вещь сама сохраняет чистоту и тонкий лесной аромат. Малое свойство относится именно к находке «Эльфийский нож для сбора растений». Полезная вещь получила качество, которого не встретить в обычной лавке. История владельца повышает цену не меньше, чем материалы.",107520,"elf,household,tier-9"
I0687,9,Мундир пограничного дозорного,"Хорошая повседневная вещь находится в отличном состоянии и готова к долгой службе. Человеческая вещь хранит понятные следы службы, ремонта и дороги.",10880,Мундир пограничного дозорного — с меткой хорошего хозяина,"Незаметная деталь делает повседневное использование особенно удобным. Малое свойство относится именно к находке «Мундир пограничного дозорного». Полезная вещь получила качество, которого не встретить в обычной лавке. Работа мастера узнаваема и имеет подтверждённую ценность.",87040,"human,household,tier-9"
I0688,9,Рюкзак с жёсткой спинкой,Хорошая повседневная вещь находится в отличном состоянии и готова к долгой службе. Каждая царапина отмечает новый участок долгого маршрута.,21120,Рюкзак с жёсткой спинкой — помнящий последний ночлег,"На поверхности появляется маленькая отметка направления к последнему привалу. Малое свойство относится именно к находке «Рюкзак с жёсткой спинкой». Полезная вещь получила качество, которого не встретить в обычной лавке. Неожиданное свойство делает эту версию особенно желанной.",190080,"travel,household,tier-9"
I0689,9,Лупа торгового оценщика,"Хорошая повседневная вещь находится в отличном состоянии и готова к долгой службе. Бирки и упаковка выдают товар, который когда-то ждал покупателя.",16000,Лупа торгового оценщика — с честной мерой,"Упаковка предупреждает, если товара внутри стало меньше указанного. Малое свойство относится именно к находке «Лупа торгового оценщика». Полезная вещь получила качество, которого не встретить в обычной лавке. На рынке редкостей за неё наверняка начнётся спор.",112000,"merchant,household,tier-9"
I0690,9,Набор инструментов стекольщика,"Хорошая повседневная вещь находится в отличном состоянии и готова к долгой службе. Следы краски, глины или клея точно называют ремесло владельца.",12480,Набор инструментов стекольщика — точной руки,"Инструмент слегка исправляет мелкие дрожания при спокойной работе. Малое свойство относится именно к находке «Набор инструментов стекольщика». Полезная вещь получила качество, которого не встретить в обычной лавке. Подлинная метка превращает случайную находку в событие.",99840,"artisan,household,tier-9"
I0691,9,Чайник с экономичной спиртовой горелкой,Хорошая повседневная вещь находится в отличном состоянии и готова к долгой службе. Бытовая вещь честно показывает привычки и достаток прежнего дома.,23680,Чайник с экономичной спиртовой горелкой — домового порядка,"Оставленная рядом мелочь ночью складывается аккуратнее. Малое свойство относится именно к находке «Чайник с экономичной спиртовой горелкой». Полезная вещь получила качество, которого не встретить в обычной лавке. Состояние почти идеальное, а происхождение подтверждено.",213120,"household,household,tier-9"
I0692,9,Ключ мастера городских ворот,"Хорошая повседневная вещь находится в отличном состоянии и готова к долгой службе. Форма бородки обещает замок, который, возможно, ещё существует.",17280,Ключ мастера городских ворот — узнающий свой замок,"Металл становится тёплым рядом с подходящим замком. Малое свойство относится именно к находке «Ключ мастера городских ворот». Полезная вещь получила качество, которого не встретить в обычной лавке. Знаток заплатит за такую редкость намного больше обычного.",120960,"key,household,tier-9"
I0693,9,Подробная карта почтовых трактов,"Хорошая повседневная вещь находится в отличном состоянии и готова к долгой службе. Линии маршрута, пятна и исправления оставлены разными путешественниками.",14080,Подробная карта почтовых трактов — не боящийся дождя,"Чернила не расплываются от воды и снова проявляются после высыхания. Малое свойство относится именно к находке «Подробная карта почтовых трактов». Полезная вещь получила качество, которого не встретить в обычной лавке. Скрытая деталь делает находку одновременно полезной и коллекционной.",112640,"map,household,tier-9"
I0694,9,Огранённый гранат тёплого оттенка,"Хорошая повседневная вещь находится в отличном состоянии и готова к долгой службе. Свет на гранях помогает отличить камень, стекло и удачную подделку.",8800,Огранённый гранат тёплого оттенка — с вечерним огоньком,"Камень даёт мягкий свет размером с пламя свечи. Малое свойство относится именно к находке «Огранённый гранат тёплого оттенка». Полезная вещь получила качество, которого не встретить в обычной лавке. Редкая особенность раскрывается только при внимательном осмотре.",79200,"gem,household,tier-9"
I0695,9,"Шарик, предсказывающий утренний туман","Хорошая повседневная вещь находится в отличном состоянии и готова к долгой службе. Назначение странности неочевидно, но детали явно сложились не случайно.",18880,"Шарик, предсказывающий утренний туман — с тихим бытовым чудом","Странность проявляет небольшое, безопасное и полезное свойство. Малое свойство относится именно к находке «Шарик, предсказывающий утренний туман». Полезная вещь получила качество, которого не встретить в обычной лавке. Даже неприметный вид не способен скрыть выдающееся качество.",132160,"oddity,household,tier-9"
I0696,9,Шерстяной костюм уважаемого счетовода,Хорошая повседневная вещь находится в отличном состоянии и готова к долгой службе. Ткань и швы соответствуют бытовому назначению.,15360,Шерстяной костюм уважаемого счетовода — не знающий свежих пятен,"Свежая грязь осыпается с материала после лёгкого встряхивания. Полезная вещь получила качество, которого не встретить в обычной лавке. Вещь сохранилась вопреки возрасту и явно переживёт нового хозяина.",122880,"textile,household,tier-9"
I0697,9,Сапоги хорошего городского сапожника,Хорошая повседневная вещь находится в отличном состоянии и готова к долгой службе. Подошва рассчитана на обычные улицы и домашний двор.,10880,Сапоги хорошего городского сапожника — с сухой подкладкой,"Внутренняя сторона остаётся сухой после луж и мокрой травы. Полезная вещь получила качество, которого не встретить в обычной лавке. История владельца повышает цену не меньше, чем материалы.",97920,"footwear,household,tier-9"
I0698,9,Фарфоровый чайный сервиз на четверых,Хорошая повседневная вещь находится в отличном состоянии и готова к долгой службе. Посуда сохранила следы семейных завтраков и трактирных ужинов.,21120,Фарфоровый чайный сервиз на четверых — тихого гостеприимства,"Она слегка согревает поданную еду, но не обжигает руки. Полезная вещь получила качество, которого не встретить в обычной лавке. Работа мастера узнаваема и имеет подтверждённую ценность.",147840,"tableware,household,tier-9"
I0699,9,Толстостенная медная кастрюля,Хорошая повседневная вещь находится в отличном состоянии и готова к долгой службе. Копоть и царапины не мешают использовать вещь на кухне.,16000,Толстостенная медная кастрюля — ленивого повара,"Раз в день посуда самостоятельно доводит воду до кипения. Полезная вещь получила качество, которого не встретить в обычной лавке. Неожиданное свойство делает эту версию особенно желанной.",128000,"cookware,household,tier-9"
I0700,9,Корзина деликатесов из столичной лавки,"Хорошая повседневная вещь находится в отличном состоянии и готова к долгой службе. Продукт можно оценить по запаху, упаковке и свежести.",12480,Корзина деликатесов из столичной лавки — домашнего вкуса,"Еда всегда кажется приготовленной по любимому семейному рецепту. Полезная вещь получила качество, которого не встретить в обычной лавке. На рынке редкостей за неё наверняка начнётся спор.",112320,"food,household,tier-9"
I0701,9,Ящик доброго вина текущего урожая,Хорошая повседневная вещь находится в отличном состоянии и готова к долгой службе. Сосуд и напиток относятся к повседневному столу.,23680,Ящик доброго вина текущего урожая — с утренним бокалом,"На рассвете внутри появляется одна небольшая свежая порция. Полезная вещь получила качество, которого не встретить в обычной лавке. Подлинная метка превращает случайную находку в событие.",165760,"drink,household,tier-9"
I0702,9,Резной шкафчик для специй,Хорошая повседневная вещь находится в отличном состоянии и готова к долгой службе. Ёмкость подходит для хранения обычных домашних запасов.,17280,Резной шкафчик для специй — бережной кладовой,"Сухое содержимое не отсыревает до следующей недели. Полезная вещь получила качество, которого не встретить в обычной лавке. Состояние почти идеальное, а происхождение подтверждено.",138240,"storage,household,tier-9"
I0703,9,Письменный набор нотариуса,Хорошая повседневная вещь находится в отличном состоянии и готова к долгой службе. Письменная принадлежность годится для счетов и коротких писем.,14080,Письменный набор нотариуса — без клякс,"Чернила ложатся ровно и не пачкают пальцы владельца. Полезная вещь получила качество, которого не встретить в обычной лавке. Знаток заплатит за такую редкость намного больше обычного.",126720,"stationery,household,tier-9"
I0704,9,Полное руководство по домашнему пивоварению,Хорошая повседневная вещь находится в отличном состоянии и готова к долгой службе. Издание предназначено для практического чтения или досуга.,8800,Полное руководство по домашнему пивоварению — с послушной закладкой,"Переплёт сам открывается на последней прочитанной странице. Полезная вещь получила качество, которого не встретить в обычной лавке. Скрытая деталь делает находку одновременно полезной и коллекционной.",61600,"book,household,tier-9"
I0705,9,Механическая щётка для ковров,Хорошая повседневная вещь находится в отличном состоянии и готова к долгой службе. Простая принадлежность помогает поддерживать дом в порядке.,18880,Механическая щётка для ковров — домового порядка,"Раз в сутки она самостоятельно очищает небольшой участок комнаты. Полезная вещь получила качество, которого не встретить в обычной лавке. Редкая особенность раскрывается только при внимательном осмотре.",151040,"cleaning,household,tier-9"
I0706,9,Бритва из хорошей стали с ремнём,Хорошая повседневная вещь находится в отличном состоянии и готова к долгой службе. Предмет хранит следы ежедневного ухода за собой.,15360,Бритва из хорошей стали с ремнём — опрятного утра,"Он распутывает волосы или бороду без боли и статического треска. Полезная вещь получила качество, которого не встретить в обычной лавке. Даже неприметный вид не способен скрыть выдающееся качество.",138240,"grooming,household,tier-9"
I0707,9,Швейная машинка с ручным приводом,Хорошая повседневная вещь находится в отличном состоянии и готова к долгой службе. Набор пригоден для обычного ремонта одежды.,10880,Швейная машинка с ручным приводом — бережного шва,"Нить сама затягивает один короткий разрыв ткани в день. Полезная вещь получила качество, которого не встретить в обычной лавке. Вещь сохранилась вопреки возрасту и явно переживёт нового хозяина.",76160,"sewing,household,tier-9"
I0708,9,Набор точных столярных измерителей,Хорошая повседневная вещь находится в отличном состоянии и готова к долгой службе. Инструмент решает одну понятную ремесленную задачу.,21120,Набор точных столярных измерителей — точной руки,"Рукоять исправляет небольшое дрожание при спокойной работе. Полезная вещь получила качество, которого не встретить в обычной лавке. История владельца повышает цену не меньше, чем материалы.",168960,"hand-tool,household,tier-9"
I0709,9,Инструменты управляющего оранжереей,Хорошая повседневная вещь находится в отличном состоянии и готова к долгой службе. Земля и растительный сок выдают работу возле дома или фермы.,16000,Инструменты управляющего оранжереей — ровной грядки,"Инструмент оставляет особенно прямую борозду в рыхлой почве. Полезная вещь получила качество, которого не встретить в обычной лавке. Работа мастера узнаваема и имеет подтверждённую ценность.",144000,"garden,household,tier-9"
I0710,9,Сертифицированные купеческие весы,Хорошая повседневная вещь находится в отличном состоянии и готова к долгой службе. Бирки и мерки связывают вещь с обычной рыночной торговлей.,12480,Сертифицированные купеческие весы — честной меры,"Она предупреждает тихим звоном о недовесе товара. Полезная вещь получила качество, которого не встретить в обычной лавке. Неожиданное свойство делает эту версию особенно желанной.",87360,"market,household,tier-9"
I0711,9,Пейзаж местного академического художника,"Хорошая повседневная вещь находится в отличном состоянии и готова к долгой службе. Украшение рассчитано на комнату, лавку или трактирный зал.",23680,Пейзаж местного академического художника — уютного света,"Вечером оно даёт мягкий блеск яркостью не больше свечи. Полезная вещь получила качество, которого не встретить в обычной лавке. На рынке редкостей за неё наверняка начнётся спор.",189440,"decor,household,tier-9"
I0712,9,Заводная модель городской кареты,"Хорошая повседневная вещь находится в отличном состоянии и готова к долгой службе. Игрушка пережила игры, падения и несколько починок.",17280,Заводная модель городской кареты — возвращающийся на полку,"Ночью она сама оказывается на привычном месте. Полезная вещь получила качество, которого не встретить в обычной лавке. Подлинная метка превращает случайную находку в событие.",155520,"toy,household,tier-9"
I0713,9,Кларнет из выдержанного дерева,Хорошая повседневная вещь находится в отличном состоянии и готова к долгой службе. Инструмент создан для домашней музыки и простых мелодий.,14080,Кларнет из выдержанного дерева — чистой первой ноты,"Первый звук всегда получается ясным и правильным. Полезная вещь получила качество, которого не встретить в обычной лавке. Состояние почти идеальное, а происхождение подтверждено.",98560,"music,household,tier-9"
I0714,9,Настольная лампа с матовым плафоном,"Хорошая повседневная вещь находится в отличном состоянии и готова к долгой службе. Источник света удобен в комнате, сарае или на крыльце.",8800,Настольная лампа с матовым плафоном — без копоти,"Огонь не пачкает потолок и не гаснет от слабого сквозняка. Полезная вещь получила качество, которого не встретить в обычной лавке. Знаток заплатит за такую редкость намного больше обычного.",70400,"light,household,tier-9"
I0715,9,Комплект тонкого постельного белья,Хорошая повседневная вещь находится в отличном состоянии и готова к долгой службе. Мягкая вещь хранит тепло обычной спальни или постоялого двора.,18880,Комплект тонкого постельного белья — спокойного сна,"Рядом с ней быстрее забываются повседневные кошмары. Полезная вещь получила качество, которого не встретить в обычной лавке. Скрытая деталь делает находку одновременно полезной и коллекционной.",169920,"bedding,household,tier-9"
I0716,9,Точные часы с недельным заводом,Хорошая повседневная вещь находится в отличном состоянии и готова к долгой службе. Механизм помогает следить за временем домашних дел.,15360,Точные часы с недельным заводом — точного часа,"Часы сами исправляют отставание на рассвете. Полезная вещь получила качество, которого не встретить в обычной лавке. Редкая особенность раскрывается только при внимательном осмотре.",107520,"timepiece,household,tier-9"
I0717,9,Кожаный дорожный кофр с отделениями,"Хорошая повседневная вещь находится в отличном состоянии и готова к долгой службе. Предмет полезен обычному путнику, а не искателю битв.",10880,Кожаный дорожный кофр с отделениями — помнящий ночлег,"На нём появляется отметка направления к последнему безопасному привалу. Полезная вещь получила качество, которого не встретить в обычной лавке. Даже неприметный вид не способен скрыть выдающееся качество.",87040,"travel,household,tier-9"
I0718,9,Щётки и масла для выставочной лошади,Хорошая повседневная вещь находится в отличном состоянии и готова к долгой службе. Вещь связана с уходом за домашним или тягловым животным.,21120,Щётки и масла для выставочной лошади — доброй конюшни,"Зверь быстрее успокаивается во время привычного ухода. Полезная вещь получила качество, которого не встретить в обычной лавке. Вещь сохранилась вопреки возрасту и явно переживёт нового хозяина.",190080,"animal,household,tier-9"
I0719,9,Набор заморских пряностей в жестяных банках,Хорошая повседневная вещь находится в отличном состоянии и готова к долгой службе. Запах и упаковка позволяют судить о качестве приправы.,16000,Набор заморских пряностей в жестяных банках — не теряющий аромата,"Щепотка восстанавливает запах после закрытия упаковки. Полезная вещь получила качество, которого не встретить в обычной лавке. История владельца повышает цену не меньше, чем материалы.",112000,"spice,household,tier-9"
I0720,9,Оптическая игрушка с движущимися картинками,Хорошая повседневная вещь находится в отличном состоянии и готова к долгой службе. Странная мелочь всё ещё принадлежит миру повседневных вещей.,12480,Оптическая игрушка с движущимися картинками — с маленьким чудом,"Безопасная особенность помогает в одной домашней задаче. Полезная вещь получила качество, которого не встретить в обычной лавке. Работа мастера узнаваема и имеет подтверждённую ценность.",99840,"curiosity,household,tier-9"
I0721,10,Фетровая шляпа офицера охраны,Дорогая бытовая работа заметно превосходит обычные рыночные аналоги. Форма и следы носки сразу выдают историю головного убора.,16500,Фетровая шляпа офицера охраны — не промокающий под дождём,"Капли скатываются с него, не оставляя сырости. Малое свойство относится именно к находке «Фетровая шляпа офицера охраны». Хорошее снаряжение имеет подтверждённое происхождение и заметно превосходит ожидания. Неожиданное свойство делает эту версию особенно желанной.",99000,"headwear,household,tier-10"
I0722,10,Прошитые сапоги кавалериста,"Дорогая бытовая работа заметно превосходит обычные рыночные аналоги. Подошва, застёжки и размер делают эту обувь вполне узнаваемой находкой.",35400,Прошитые сапоги кавалериста — с сухими пятками,Обувь остаётся сухой даже после неглубокой лужи. Малое свойство относится именно к находке «Прошитые сапоги кавалериста». Хорошее снаряжение имеет подтверждённое происхождение и заметно превосходит ожидания. На рынке редкостей за неё наверняка начнётся спор.,247800,"footwear,household,tier-10"
I0723,10,Добротный шерстяной сюртук,"Дорогая бытовая работа заметно превосходит обычные рыночные аналоги. Ткань сохранила запах дороги, мастерской или прежнего хозяина.",28800,Добротный шерстяной сюртук — не собирающий пятен,Свежая грязь сама осыпается с ткани через несколько минут. Малое свойство относится именно к находке «Добротный шерстяной сюртук». Хорошее снаряжение имеет подтверждённое происхождение и заметно превосходит ожидания. Подлинная метка превращает случайную находку в событие.,230400,"clothes,household,tier-10"
I0724,10,Серебряный столовый прибор в футляре,Дорогая бытовая работа заметно превосходит обычные рыночные аналоги. На поверхности остались царапины от долгого и не всегда бережного использования.,20400,Серебряный столовый прибор в футляре — показывающий идеальную температуру,"Прибор слегка теплеет, когда еду уже можно есть без риска обжечься. Малое свойство относится именно к находке «Серебряный столовый прибор в футляре». Хорошее снаряжение имеет подтверждённое происхождение и заметно превосходит ожидания. Состояние почти идеальное, а происхождение подтверждено.",122400,"utensil,household,tier-10"
I0725,10,Толстостенный медный сотейник,Дорогая бытовая работа заметно превосходит обычные рыночные аналоги. Копоть и вмятины рассказывают о множестве походных ужинов.,39600,Толстостенный медный сотейник — ленивого повара,Раз в день посуда сама доводит воду до кипения. Малое свойство относится именно к находке «Толстостенный медный сотейник». Хорошее снаряжение имеет подтверждённое происхождение и заметно превосходит ожидания. Знаток заплатит за такую редкость намного больше обычного.,277200,"cookware,household,tier-10"
I0726,10,Корзина выдержанных сыров,"Дорогая бытовая работа заметно превосходит обычные рыночные аналоги. Запах, корочка и упаковка позволяют оценить свежесть без рискованной дегустации.",30000,Корзина выдержанных сыров — с вкусом домашнего праздника,Даже маленькая порция насыщает и всегда кажется свежей. Малое свойство относится именно к находке «Корзина выдержанных сыров». Хорошее снаряжение имеет подтверждённое происхождение и заметно превосходит ожидания. Скрытая деталь делает находку одновременно полезной и коллекционной.,240000,"food,household,tier-10"
I0727,10,Бутыль марочного вишнёвого ликёра,"Дорогая бытовая работа заметно превосходит обычные рыночные аналоги. Содержимое тихо плещется и пахнет ровно так, как обещает его вид.",23400,Бутыль марочного вишнёвого ликёра — с последним бокалом,Каждое утро в сосуде снова появляется ровно один бокал напитка. Малое свойство относится именно к находке «Бутыль марочного вишнёвого ликёра». Хорошее снаряжение имеет подтверждённое происхождение и заметно превосходит ожидания. Редкая особенность раскрывается только при внимательном осмотре.,140400,"drink,household,tier-10"
I0728,10,Набор турнирных костей из слоновой кости,"Дорогая бытовая работа заметно превосходит обычные рыночные аналоги. На кости заметны насечки, следы зубов или попытка придать ей смысл.",44400,Набор турнирных костей из слоновой кости — честной игры,Костяшки не терпят подмены и тихо звенят при попытке жульничества. Малое свойство относится именно к находке «Набор турнирных костей из слоновой кости». Хорошее снаряжение имеет подтверждённое происхождение и заметно превосходит ожидания. Даже неприметный вид не способен скрыть выдающееся качество.,300000,"bones,household,tier-10"
I0729,10,Инженерный молоток точной балансировки,"Дорогая бытовая работа заметно превосходит обычные рыночные аналоги. Баланс рукояти показывает, годится ли находка для настоящей работы.",32400,Инженерный молоток точной балансировки — находящий расшатанный гвоздь,Рукоять едва заметно поворачивается к ближайшему расшатанному креплению. Малое свойство относится именно к находке «Инженерный молоток точной балансировки». Хорошее снаряжение имеет подтверждённое происхождение и заметно превосходит ожидания. Вещь сохранилась вопреки возрасту и явно переживёт нового хозяина.,259200,"hammer,household,tier-10"
I0730,10,Футляр тонких игл портного,Дорогая бытовая работа заметно превосходит обычные рыночные аналоги. Тонкий инструмент пережил владельца и сохранил следы его ремесла.,26400,Футляр тонких игл портного — бережного шва,"Игла не колет владельца и сама подхватывает оборванную нить. Малое свойство относится именно к находке «Футляр тонких игл портного». Хорошее снаряжение имеет подтверждённое происхождение и заметно превосходит ожидания. История владельца повышает цену не меньше, чем материалы.",158400,"needle,household,tier-10"
I0731,10,Плетёный страховочный канат,"Дорогая бытовая работа заметно превосходит обычные рыночные аналоги. Волокна, узлы и влажность честно показывают остаток прочности.",16500,Плетёный страховочный канат — помнящий узел,По слову хозяина верёвка повторяет последний завязанный на ней узел. Малое свойство относится именно к находке «Плетёный страховочный канат». Хорошее снаряжение имеет подтверждённое происхождение и заметно превосходит ожидания. Работа мастера узнаваема и имеет подтверждённую ценность.,115500,"rope,household,tier-10"
I0732,10,Сундук с качественным врезным замком,Дорогая бытовая работа заметно превосходит обычные рыночные аналоги. Внутри сохранился запах прежнего содержимого и немного дорожной пыли.,35400,Сундук с качественным врезным замком — с карманом свежести,Продукты в одном небольшом отделении не черствеют до следующего утра. Малое свойство относится именно к находке «Сундук с качественным врезным замком». Хорошее снаряжение имеет подтверждённое происхождение и заметно превосходит ожидания. Неожиданное свойство делает эту версию особенно желанной.,283200,"container,household,tier-10"
I0733,10,Самозаправляющаяся дорожная ручка,Дорогая бытовая работа заметно превосходит обычные рыночные аналоги. Пятна чернил и состояние наконечника говорят о последнем писавшем.,28800,Самозаправляющаяся дорожная ручка — без случайных клякс,Чернила ложатся ровно и исчезают с одежды после простого полоскания. Малое свойство относится именно к находке «Самозаправляющаяся дорожная ручка». Хорошее снаряжение имеет подтверждённое происхождение и заметно превосходит ожидания. На рынке редкостей за неё наверняка начнётся спор.,172800,"writing,household,tier-10"
I0734,10,Иллюстрированный бестиарий обычных чудовищ,"Дорогая бытовая работа заметно превосходит обычные рыночные аналоги. Переплёт, поля и закладки выдают, насколько часто текстом пользовались.",20400,Иллюстрированный бестиарий обычных чудовищ — с послушной закладкой,Книга сама открывается на последней прочитанной странице. Малое свойство относится именно к находке «Иллюстрированный бестиарий обычных чудовищ». Хорошее снаряжение имеет подтверждённое происхождение и заметно превосходит ожидания. Подлинная метка превращает случайную находку в событие.,142800,"book,household,tier-10"
I0735,10,Нотариально заверенная купчая на повозку,"Дорогая бытовая работа заметно превосходит обычные рыночные аналоги. Печати и подписи можно изучить, хотя назначение бумаги не всегда радует.",39600,Нотариально заверенная купчая на повозку — видимый при свечах,"Текст остаётся ясным даже в самом слабом бытовом освещении. Малое свойство относится именно к находке «Нотариально заверенная купчая на повозку». Хорошее снаряжение имеет подтверждённое происхождение и заметно превосходит ожидания. Состояние почти идеальное, а происхождение подтверждено.",300000,"document,household,tier-10"
I0736,10,Бархатный кошель с серебряной застёжкой,Дорогая бытовая работа заметно превосходит обычные рыночные аналоги. Находка связана с мелкой торговлей и хранит следы множества рук.,30000,Бархатный кошель с серебряной застёжкой — считающий честную сдачу,"Предмет тихо звенит, если в горсти не хватает одной мелкой монеты. Малое свойство относится именно к находке «Бархатный кошель с серебряной застёжкой». Хорошее снаряжение имеет подтверждённое происхождение и заметно превосходит ожидания. Знаток заплатит за такую редкость намного больше обычного.",180000,"trade,household,tier-10"
I0737,10,Золотая брошь с речной жемчужиной,Дорогая бытовая работа заметно превосходит обычные рыночные аналоги. Даже при беглом осмотре видны качество оправы и состояние металла.,23400,Золотая брошь с речной жемчужиной — мягкого вечернего блеска,"Украшение светится как свеча, но лишь достаточно, чтобы увидеть руки. Малое свойство относится именно к находке «Золотая брошь с речной жемчужиной». Хорошее снаряжение имеет подтверждённое происхождение и заметно превосходит ожидания. Скрытая деталь делает находку одновременно полезной и коллекционной.",163800,"jewelry,household,tier-10"
I0738,10,Заводной рыцарь с подвижным мечом,Дорогая бытовая работа заметно превосходит обычные рыночные аналоги. Игрушка пережила шумные игры и несколько неумелых починок.,44400,Заводной рыцарь с подвижным мечом — возвращающийся на полку,Оставленная на полу игрушка ночью сама оказывается на прежнем месте. Малое свойство относится именно к находке «Заводной рыцарь с подвижным мечом». Хорошее снаряжение имеет подтверждённое происхождение и заметно превосходит ожидания. Редкая особенность раскрывается только при внимательном осмотре.,300000,"toy,household,tier-10"
I0739,10,Позолоченный символ крупного храма,"Дорогая бытовая работа заметно превосходит обычные рыночные аналоги. Символы нанесены старательно, хотя их смысл понятен не каждому жрецу.",32400,Позолоченный символ крупного храма — спокойного сна,Рядом с вещью бытовые кошмары становятся тише и быстрее забываются. Малое свойство относится именно к находке «Позолоченный символ крупного храма». Хорошее снаряжение имеет подтверждённое происхождение и заметно превосходит ожидания. Даже неприметный вид не способен скрыть выдающееся качество.,194400,"religion,household,tier-10"
I0740,10,Концертная лютня городского мастера,"Дорогая бытовая работа заметно превосходит обычные рыночные аналоги. Звук зависит от состояния дерева, металла и терпения исполнителя.",26400,Концертная лютня городского мастера — чистого первого звука,"Первая нота всегда звучит правильно, даже после долгого хранения. Малое свойство относится именно к находке «Концертная лютня городского мастера». Хорошее снаряжение имеет подтверждённое происхождение и заметно превосходит ожидания. Вещь сохранилась вопреки возрасту и явно переживёт нового хозяина.",184800,"music,household,tier-10"
I0741,10,Точный угломер краснодеревщика,"Дорогая бытовая работа заметно превосходит обычные рыночные аналоги. Потёртости показывают, на какую добычу и как часто с вещью ходили.",16500,Точный угломер краснодеревщика — бережного ловца,"Снасть предупреждает, если в неё может попасть домашнее животное. Малое свойство относится именно к находке «Точный угломер краснодеревщика». Хорошее снаряжение имеет подтверждённое происхождение и заметно превосходит ожидания. История владельца повышает цену не меньше, чем материалы.",132000,"hunting,household,tier-10"
I0742,10,Морская катушка с латунным тормозом,"Дорогая бытовая работа заметно превосходит обычные рыночные аналоги. Соль, леска и чешуя оставили на снасти честную биографию.",35400,Морская катушка с латунным тормозом — чувствующий поклёвку,"Леска мягко светится, когда рыба действительно касается наживки. Малое свойство относится именно к находке «Морская катушка с латунным тормозом». Хорошее снаряжение имеет подтверждённое происхождение и заметно превосходит ожидания. Работа мастера узнаваема и имеет подтверждённую ценность.",212400,"fishing,household,tier-10"
I0743,10,Корабельный хронометр простого класса,Дорогая бытовая работа заметно превосходит обычные рыночные аналоги. Запах смолы и соли выдаёт долгую службу рядом с водой.,28800,Корабельный хронометр простого класса — не знающий плесени,"Соль и сырость не портят материал, пока вещь регулярно используют. Малое свойство относится именно к находке «Корабельный хронометр простого класса». Хорошее снаряжение имеет подтверждённое происхождение и заметно превосходит ожидания. Неожиданное свойство делает эту версию особенно желанной.",201600,"nautical,household,tier-10"
I0744,10,Кованый набор садовых инструментов,Дорогая бытовая работа заметно превосходит обычные рыночные аналоги. Земля в щелях и затёртая рукоять говорят о привычной работе.,20400,Кованый набор садовых инструментов — ровной борозды,Инструмент оставляет особенно прямой след на рыхлой земле. Малое свойство относится именно к находке «Кованый набор садовых инструментов». Хорошее снаряжение имеет подтверждённое происхождение и заметно превосходит ожидания. На рынке редкостей за неё наверняка начнётся спор.,163200,"farming,household,tier-10"
I0745,10,Рудничный молот с амортизирующей рукоятью,Дорогая бытовая работа заметно превосходит обычные рыночные аналоги. Каменная пыль забилась в каждую выемку этой шахтёрской вещи.,39600,Рудничный молот с амортизирующей рукоятью — чувствующий пустоты,Лёгкий звон предупреждает о полости сразу за тонкой стенкой. Малое свойство относится именно к находке «Рудничный молот с амортизирующей рукоятью». Хорошее снаряжение имеет подтверждённое происхождение и заметно превосходит ожидания. Подлинная метка превращает случайную находку в событие.,237600,"mining,household,tier-10"
I0746,10,Набор краснодеревщика в ящике,Дорогая бытовая работа заметно превосходит обычные рыночные аналоги. Смола и тонкая стружка сохранились возле рабочих кромок.,30000,Набор краснодеревщика в ящике — без заноз,"Обработанное им дерево остаётся гладким и не цепляет ладони. Малое свойство относится именно к находке «Набор краснодеревщика в ящике». Хорошее снаряжение имеет подтверждённое происхождение и заметно превосходит ожидания. Состояние почти идеальное, а происхождение подтверждено.",210000,"woodcraft,household,tier-10"
I0747,10,Полевой горн с мехами и тиглем,Дорогая бытовая работа заметно превосходит обычные рыночные аналоги. Окалина и следы жара не оставляют сомнений в кузнечном прошлом.,23400,Полевой горн с мехами и тиглем — умеренного жара,Рукоять не нагревается от обычной печи и защищает ладонь мастера. Малое свойство относится именно к находке «Полевой горн с мехами и тиглем». Хорошее снаряжение имеет подтверждённое происхождение и заметно превосходит ожидания. Знаток заплатит за такую редкость намного больше обычного.,187200,"smithing,household,tier-10"
I0748,10,Профессиональный комплект взломщика,"Дорогая бытовая работа заметно превосходит обычные рыночные аналоги. Размер и гибкость намекают на задачи, о которых не пишут в накладных.",44400,Профессиональный комплект взломщика — послушного замка,"Механизм помогает открыть только простые замки, к которым у владельца есть ключ. Малое свойство относится именно к находке «Профессиональный комплект взломщика». Хорошее снаряжение имеет подтверждённое происхождение и заметно превосходит ожидания. Скрытая деталь делает находку одновременно полезной и коллекционной.",266400,"hardware,household,tier-10"
I0749,10,Набор реактивов городского алхимика,"Дорогая бытовая работа заметно превосходит обычные рыночные аналоги. Осадок и цвет позволяют строить догадки, но не советуют пробовать содержимое.",32400,Набор реактивов городского алхимика — чистого состава,"Средство меняет цвет, если испортилось или стало опасным. Малое свойство относится именно к находке «Набор реактивов городского алхимика». Хорошее снаряжение имеет подтверждённое происхождение и заметно превосходит ожидания. Редкая особенность раскрывается только при внимательном осмотре.",226800,"household-supplies,household,tier-10"
I0750,10,Укомплектованный чемодан лекаря,Дорогая бытовая работа заметно превосходит обычные рыночные аналоги. Запах трав и аккуратность упаковки показывают уровень прежнего лекаря.,26400,Укомплектованный чемодан лекаря — домашнего лекаря,Принадлежности остаются чистыми и пахнут свежими травами. Малое свойство относится именно к находке «Укомплектованный чемодан лекаря». Хорошее снаряжение имеет подтверждённое происхождение и заметно превосходит ожидания. Даже неприметный вид не способен скрыть выдающееся качество.,211200,"medicine,household,tier-10"
I0751,10,Всепогодный спальный мешок,Дорогая бытовая работа заметно превосходит обычные рыночные аналоги. Пыль дорог и следы дождя видны сильнее любой торговой марки.,16500,Всепогодный спальный мешок — сухого привала,Под вещью образуется небольшой сухой участок для сидения. Малое свойство относится именно к находке «Всепогодный спальный мешок». Хорошее снаряжение имеет подтверждённое происхождение и заметно превосходит ожидания. Вещь сохранилась вопреки возрасту и явно переживёт нового хозяина.,99000,"camping,household,tier-10"
I0752,10,Светильник с полированной отражающей линзой,"Дорогая бытовая работа заметно превосходит обычные рыночные аналоги. Копоть вокруг огня рассказывает, насколько ровно он когда-то горел.",35400,Светильник с полированной отражающей линзой — тихого пламени,"Огонёк не коптит и не гаснет от слабого сквозняка. Малое свойство относится именно к находке «Светильник с полированной отражающей линзой». Хорошее снаряжение имеет подтверждённое происхождение и заметно превосходит ожидания. История владельца повышает цену не меньше, чем материалы.",247800,"light,household,tier-10"
I0753,10,Навигационный компас с солнечной шкалой,"Дорогая бытовая работа заметно превосходит обычные рыночные аналоги. Стрелки, шкалы и потёртый корпус ещё могут подсказать направление.",28800,Навигационный компас с солнечной шкалой — верной дороги домой,Стрелка может указать направление к последнему безопасному ночлегу. Малое свойство относится именно к находке «Навигационный компас с солнечной шкалой». Хорошее снаряжение имеет подтверждённое происхождение и заметно превосходит ожидания. Работа мастера узнаваема и имеет подтверждённую ценность.,230400,"navigation,household,tier-10"
I0754,10,Защитный камзол мастера-стеклодува,"Дорогая бытовая работа заметно превосходит обычные рыночные аналоги. Материал защищает от обычной грязи и непогоды, не превращая вещь в доспех.",20400,Защитный камзол мастера-стеклодува — не боящийся рабочей грязи,Пыль и стружка легко стряхиваются после окончания работы. Малое свойство относится именно к находке «Защитный камзол мастера-стеклодува». Хорошее снаряжение имеет подтверждённое происхождение и заметно превосходит ожидания. Неожиданное свойство делает эту версию особенно желанной.,122400,"workwear,household,tier-10"
I0755,10,Серебряный поднос с гербом торгового дома,Дорогая бытовая работа заметно превосходит обычные рыночные аналоги. Форма рассчитана на мирную домашнюю или ремесленную работу.,39600,Серебряный поднос с гербом торгового дома — домового порядка,Оставленная рядом мелочь ночью складывается аккуратнее. Малое свойство относится именно к находке «Серебряный поднос с гербом торгового дома». Хорошее снаряжение имеет подтверждённое происхождение и заметно превосходит ожидания. На рынке редкостей за неё наверняка начнётся спор.,277200,"household,household,tier-10"
I0756,10,Шефский нож из многослойной стали,"Дорогая бытовая работа заметно превосходит обычные рыночные аналоги. Кромка нужна на кухне или в мастерской, а не в бою.",30000,Шефский нож из многослойной стали — с вечной кухонной заточкой,"Кромка долго остаётся острой на хлебе, овощах и бечёвке. Малое свойство относится именно к находке «Шефский нож из многослойной стали». Хорошее снаряжение имеет подтверждённое происхождение и заметно превосходит ожидания. Подлинная метка превращает случайную находку в событие.",240000,"kitchen,household,tier-10"
I0757,10,Каминные часы с недельным заводом,Дорогая бытовая работа заметно превосходит обычные рыночные аналоги. Вещица служит украшением комнаты и показывает достаток владельца.,23400,Каминные часы с недельным заводом — с памятью комнаты,"Украшение принимает оттенок занавесей, возле которых его оставили. Малое свойство относится именно к находке «Каминные часы с недельным заводом». Хорошее снаряжение имеет подтверждённое происхождение и заметно превосходит ожидания. Состояние почти идеальное, а происхождение подтверждено.",140400,"decor,household,tier-10"
I0758,10,Топорик мастера по красному дереву,Дорогая бытовая работа заметно превосходит обычные рыночные аналоги. Рабочий инструмент удобно лежит в руке и решает повседневную задачу.,44400,Топорик мастера по красному дереву — бережного мастера,Инструмент не соскальзывает при простой бытовой работе. Малое свойство относится именно к находке «Топорик мастера по красному дереву». Хорошее снаряжение имеет подтверждённое происхождение и заметно превосходит ожидания. Знаток заплатит за такую редкость намного больше обычного.,300000,"hand-tool,household,tier-10"
I0759,10,Шёлковая рамка для вышивки,"Дорогая бытовая работа заметно превосходит обычные рыночные аналоги. Гибкая деталь пригодится ремесленнику, упаковщику или хозяину дома.",32400,Шёлковая рамка для вышивки — ровной меры,Гибкая деталь помогает отмерить одинаковые отрезки материала. Малое свойство относится именно к находке «Шёлковая рамка для вышивки». Хорошее снаряжение имеет подтверждённое происхождение и заметно превосходит ожидания. Скрытая деталь делает находку одновременно полезной и коллекционной.,259200,"craft,household,tier-10"
I0760,10,Шкатулка прецизионных часовых деталей,Дорогая бытовая работа заметно превосходит обычные рыночные аналоги. Комплект расходников аккуратно собран для мирного ремонта.,26400,Шкатулка прецизионных часовых деталей — самособирающийся набор,Рассыпанные рядом детали к утру снова лежат в упаковке. Малое свойство относится именно к находке «Шкатулка прецизионных часовых деталей». Хорошее снаряжение имеет подтверждённое происхождение и заметно превосходит ожидания. Редкая особенность раскрывается только при внимательном осмотре.,158400,"supplies,household,tier-10"
I0761,10,Трость с серебряным набалдашником,Дорогая бытовая работа заметно превосходит обычные рыночные аналоги. Трость или подпорка помогает в дороге и возле дома.,16500,Трость с серебряным набалдашником — лёгкого шага,Трость снимает усталость после последней лиги спокойной дороги. Малое свойство относится именно к находке «Трость с серебряным набалдашником». Хорошее снаряжение имеет подтверждённое происхождение и заметно превосходит ожидания. Даже неприметный вид не способен скрыть выдающееся качество.,115500,"walking,household,tier-10"
I0762,10,Кавалерийское седло с багажными сумками,Дорогая бытовая работа заметно превосходит обычные рыночные аналоги. Ремни и пряжки подогнаны под конкретного зверя и долгую дорогу.,35400,Кавалерийское седло с багажными сумками — доброй конюшни,Животное быстрее успокаивается при привычной работе с этой вещью. Малое свойство относится именно к находке «Кавалерийское седло с багажными сумками». Хорошее снаряжение имеет подтверждённое происхождение и заметно превосходит ожидания. Вещь сохранилась вопреки возрасту и явно переживёт нового хозяина.,283200,"animal,household,tier-10"
I0763,10,"Перстень, согревающий ладони в мороз",Дорогая бытовая работа заметно превосходит обычные рыночные аналоги. Едва заметная странность отличает вещицу от совершенно обычного хлама.,28800,"Перстень, согревающий ладони в мороз — с полезной странностью","Малое чудо безопасно помогает в одной повседневной задаче. Малое свойство относится именно к находке «Перстень, согревающий ладони в мороз». Хорошее снаряжение имеет подтверждённое происхождение и заметно превосходит ожидания. История владельца повышает цену не меньше, чем материалы.",172800,"curiosity,household,tier-10"
I0764,10,Гоблинский самозатягивающийся капкан,Дорогая бытовая работа заметно превосходит обычные рыночные аналоги. Гоблинская практичность смешана здесь с самоуверенным украшательством.,20400,Гоблинский самозатягивающийся капкан — гоблинского умельца,Смешная хитрость неожиданно хорошо справляется с бытовой мелочью. Малое свойство относится именно к находке «Гоблинский самозатягивающийся капкан». Хорошее снаряжение имеет подтверждённое происхождение и заметно превосходит ожидания. Работа мастера узнаваема и имеет подтверждённую ценность.,142800,"goblin,household,tier-10"
I0765,10,Дварфский мерный циркуль,"Дорогая бытовая работа заметно превосходит обычные рыночные аналоги. Дворфская манера видна по тяжести, рунам и упрямой прочности.",39600,"Дварфский мерный циркуль — крепче, чем выглядит",Дворфская работа выдерживает падения и обычный жар мастерской. Малое свойство относится именно к находке «Дварфский мерный циркуль». Хорошее снаряжение имеет подтверждённое происхождение и заметно превосходит ожидания. Неожиданное свойство делает эту версию особенно желанной.,300000,"dwarf,household,tier-10"
I0766,10,Эльфийские походные столовые приборы,Дорогая бытовая работа заметно превосходит обычные рыночные аналоги. Эльфийская работа узнаётся по лёгким линиям и вниманию к мелочам.,30000,Эльфийские походные столовые приборы — эльфийской аккуратности,Вещь сама сохраняет чистоту и тонкий лесной аромат. Малое свойство относится именно к находке «Эльфийские походные столовые приборы». Хорошее снаряжение имеет подтверждённое происхождение и заметно превосходит ожидания. На рынке редкостей за неё наверняка начнётся спор.,180000,"elf,household,tier-10"
I0767,10,Церемониальный плащ городской гильдии,"Дорогая бытовая работа заметно превосходит обычные рыночные аналоги. Человеческая вещь хранит понятные следы службы, ремонта и дороги.",23400,Церемониальный плащ городской гильдии — с меткой хорошего хозяина,Незаметная деталь делает повседневное использование особенно удобным. Малое свойство относится именно к находке «Церемониальный плащ городской гильдии». Хорошее снаряжение имеет подтверждённое происхождение и заметно превосходит ожидания. Подлинная метка превращает случайную находку в событие.,163800,"human,household,tier-10"
I0768,10,Кожаный саквояж с латунными углами,Дорогая бытовая работа заметно превосходит обычные рыночные аналоги. Каждая царапина отмечает новый участок долгого маршрута.,44400,Кожаный саквояж с латунными углами — помнящий последний ночлег,"На поверхности появляется маленькая отметка направления к последнему привалу. Малое свойство относится именно к находке «Кожаный саквояж с латунными углами». Хорошее снаряжение имеет подтверждённое происхождение и заметно превосходит ожидания. Состояние почти идеальное, а происхождение подтверждено.",300000,"travel,household,tier-10"
I0769,10,Набор купеческих пробирных камней,"Дорогая бытовая работа заметно превосходит обычные рыночные аналоги. Бирки и упаковка выдают товар, который когда-то ждал покупателя.",32400,Набор купеческих пробирных камней — с честной мерой,"Упаковка предупреждает, если товара внутри стало меньше указанного. Малое свойство относится именно к находке «Набор купеческих пробирных камней». Хорошее снаряжение имеет подтверждённое происхождение и заметно превосходит ожидания. Знаток заплатит за такую редкость намного больше обычного.",194400,"merchant,household,tier-10"
I0770,10,Точные щипцы ювелирного мастера,"Дорогая бытовая работа заметно превосходит обычные рыночные аналоги. Следы краски, глины или клея точно называют ремесло владельца.",26400,Точные щипцы ювелирного мастера — точной руки,Инструмент слегка исправляет мелкие дрожания при спокойной работе. Малое свойство относится именно к находке «Точные щипцы ювелирного мастера». Хорошее снаряжение имеет подтверждённое происхождение и заметно превосходит ожидания. Скрытая деталь делает находку одновременно полезной и коллекционной.,184800,"artisan,household,tier-10"
I0771,10,Серебряный чайный сервиз на двоих,Дорогая бытовая работа заметно превосходит обычные рыночные аналоги. Бытовая вещь честно показывает привычки и достаток прежнего дома.,16500,Серебряный чайный сервиз на двоих — домового порядка,Оставленная рядом мелочь ночью складывается аккуратнее. Малое свойство относится именно к находке «Серебряный чайный сервиз на двоих». Хорошее снаряжение имеет подтверждённое происхождение и заметно превосходит ожидания. Редкая особенность раскрывается только при внимательном осмотре.,132000,"household,household,tier-10"
I0772,10,Комплект ключей от казарменного арсенала,"Дорогая бытовая работа заметно превосходит обычные рыночные аналоги. Форма бородки обещает замок, который, возможно, ещё существует.",35400,Комплект ключей от казарменного арсенала — узнающий свой замок,Металл становится тёплым рядом с подходящим замком. Малое свойство относится именно к находке «Комплект ключей от казарменного арсенала». Хорошее снаряжение имеет подтверждённое происхождение и заметно превосходит ожидания. Даже неприметный вид не способен скрыть выдающееся качество.,212400,"key,household,tier-10"
I0773,10,Карта речных переправ с глубинами,"Дорогая бытовая работа заметно превосходит обычные рыночные аналоги. Линии маршрута, пятна и исправления оставлены разными путешественниками.",28800,Карта речных переправ с глубинами — не боящийся дождя,Чернила не расплываются от воды и снова проявляются после высыхания. Малое свойство относится именно к находке «Карта речных переправ с глубинами». Хорошее снаряжение имеет подтверждённое происхождение и заметно превосходит ожидания. Вещь сохранилась вопреки возрасту и явно переживёт нового хозяина.,201600,"map,household,tier-10"
I0774,10,Чистый аквамарин размером с ноготь,"Дорогая бытовая работа заметно превосходит обычные рыночные аналоги. Свет на гранях помогает отличить камень, стекло и удачную подделку.",20400,Чистый аквамарин размером с ноготь — с вечерним огоньком,"Камень даёт мягкий свет размером с пламя свечи. Малое свойство относится именно к находке «Чистый аквамарин размером с ноготь». Хорошее снаряжение имеет подтверждённое происхождение и заметно превосходит ожидания. История владельца повышает цену не меньше, чем материалы.",163200,"gem,household,tier-10"
I0775,10,"Хрустальная линза, гасящая солнечные блики","Дорогая бытовая работа заметно превосходит обычные рыночные аналоги. Назначение странности неочевидно, но детали явно сложились не случайно.",39600,"Хрустальная линза, гасящая солнечные блики — с тихим бытовым чудом","Странность проявляет небольшое, безопасное и полезное свойство. Малое свойство относится именно к находке «Хрустальная линза, гасящая солнечные блики». Хорошее снаряжение имеет подтверждённое происхождение и заметно превосходит ожидания. Работа мастера узнаваема и имеет подтверждённую ценность.",237600,"oddity,household,tier-10"
I0776,10,Кашемировый домашний халат,Дорогая бытовая работа заметно превосходит обычные рыночные аналоги. Ткань и швы соответствуют бытовому назначению.,30000,Кашемировый домашний халат — не знающий свежих пятен,Свежая грязь осыпается с материала после лёгкого встряхивания. Хорошее снаряжение имеет подтверждённое происхождение и заметно превосходит ожидания. Неожиданное свойство делает эту версию особенно желанной.,210000,"textile,household,tier-10"
I0777,10,Заказные ботинки с серебряными пряжками,Дорогая бытовая работа заметно превосходит обычные рыночные аналоги. Подошва рассчитана на обычные улицы и домашний двор.,23400,Заказные ботинки с серебряными пряжками — с сухой подкладкой,Внутренняя сторона остаётся сухой после луж и мокрой травы. Хорошее снаряжение имеет подтверждённое происхождение и заметно превосходит ожидания. На рынке редкостей за неё наверняка начнётся спор.,187200,"footwear,household,tier-10"
I0778,10,Тонкий фарфоровый сервиз известной фабрики,Дорогая бытовая работа заметно превосходит обычные рыночные аналоги. Посуда сохранила следы семейных завтраков и трактирных ужинов.,44400,Тонкий фарфоровый сервиз известной фабрики — тихого гостеприимства,"Она слегка согревает поданную еду, но не обжигает руки. Хорошее снаряжение имеет подтверждённое происхождение и заметно превосходит ожидания. Подлинная метка превращает случайную находку в событие.",266400,"tableware,household,tier-10"
I0779,10,Медный сотейник с серебряной ручкой,Дорогая бытовая работа заметно превосходит обычные рыночные аналоги. Копоть и царапины не мешают использовать вещь на кухне.,32400,Медный сотейник с серебряной ручкой — ленивого повара,"Раз в день посуда самостоятельно доводит воду до кипения. Хорошее снаряжение имеет подтверждённое происхождение и заметно превосходит ожидания. Состояние почти идеальное, а происхождение подтверждено.",226800,"cookware,household,tier-10"
I0780,10,Подарочная корзина столичных деликатесов,"Дорогая бытовая работа заметно превосходит обычные рыночные аналоги. Продукт можно оценить по запаху, упаковке и свежести.",26400,Подарочная корзина столичных деликатесов — домашнего вкуса,Еда всегда кажется приготовленной по любимому семейному рецепту. Хорошее снаряжение имеет подтверждённое происхождение и заметно превосходит ожидания. Знаток заплатит за такую редкость намного больше обычного.,211200,"food,household,tier-10"
I0781,10,Ящик выдержанного вина хорошего поместья,Дорогая бытовая работа заметно превосходит обычные рыночные аналоги. Сосуд и напиток относятся к повседневному столу.,16500,Ящик выдержанного вина хорошего поместья — с утренним бокалом,На рассвете внутри появляется одна небольшая свежая порция. Хорошее снаряжение имеет подтверждённое происхождение и заметно превосходит ожидания. Скрытая деталь делает находку одновременно полезной и коллекционной.,99000,"drink,household,tier-10"
I0782,10,Инкрустированный шкафчик для редкого чая,Дорогая бытовая работа заметно превосходит обычные рыночные аналоги. Ёмкость подходит для хранения обычных домашних запасов.,35400,Инкрустированный шкафчик для редкого чая — бережной кладовой,Сухое содержимое не отсыревает до следующей недели. Хорошее снаряжение имеет подтверждённое происхождение и заметно превосходит ожидания. Редкая особенность раскрывается только при внимательном осмотре.,247800,"storage,household,tier-10"
I0783,10,Письменный прибор из мрамора и бронзы,Дорогая бытовая работа заметно превосходит обычные рыночные аналоги. Письменная принадлежность годится для счетов и коротких писем.,28800,Письменный прибор из мрамора и бронзы — без клякс,Чернила ложатся ровно и не пачкают пальцы владельца. Хорошее снаряжение имеет подтверждённое происхождение и заметно превосходит ожидания. Даже неприметный вид не способен скрыть выдающееся качество.,230400,"stationery,household,tier-10"
I0784,10,Первое издание знаменитой поваренной книги,Дорогая бытовая работа заметно превосходит обычные рыночные аналоги. Издание предназначено для практического чтения или досуга.,20400,Первое издание знаменитой поваренной книги — с послушной закладкой,Переплёт сам открывается на последней прочитанной странице. Хорошее снаряжение имеет подтверждённое происхождение и заметно превосходит ожидания. Вещь сохранилась вопреки возрасту и явно переживёт нового хозяина.,122400,"book,household,tier-10"
I0785,10,Машинка для чистки дорогих ковров,Дорогая бытовая работа заметно превосходит обычные рыночные аналоги. Простая принадлежность помогает поддерживать дом в порядке.,39600,Машинка для чистки дорогих ковров — домового порядка,"Раз в сутки она самостоятельно очищает небольшой участок комнаты. Хорошее снаряжение имеет подтверждённое происхождение и заметно превосходит ожидания. История владельца повышает цену не меньше, чем материалы.",277200,"cleaning,household,tier-10"
I0786,10,Серебряный несессер для бритья,Дорогая бытовая работа заметно превосходит обычные рыночные аналоги. Предмет хранит следы ежедневного ухода за собой.,30000,Серебряный несессер для бритья — опрятного утра,Он распутывает волосы или бороду без боли и статического треска. Хорошее снаряжение имеет подтверждённое происхождение и заметно превосходит ожидания. Работа мастера узнаваема и имеет подтверждённую ценность.,240000,"grooming,household,tier-10"
I0787,10,Компактная швейная машина портного,Дорогая бытовая работа заметно превосходит обычные рыночные аналоги. Набор пригоден для обычного ремонта одежды.,23400,Компактная швейная машина портного — бережного шва,Нить сама затягивает один короткий разрыв ткани в день. Хорошее снаряжение имеет подтверждённое происхождение и заметно превосходит ожидания. Неожиданное свойство делает эту версию особенно желанной.,140400,"sewing,household,tier-10"
I0788,10,Набор краснодеревщика в ореховом футляре,Дорогая бытовая работа заметно превосходит обычные рыночные аналоги. Инструмент решает одну понятную ремесленную задачу.,44400,Набор краснодеревщика в ореховом футляре — точной руки,Рукоять исправляет небольшое дрожание при спокойной работе. Хорошее снаряжение имеет подтверждённое происхождение и заметно превосходит ожидания. На рынке редкостей за неё наверняка начнётся спор.,300000,"hand-tool,household,tier-10"
I0789,10,Инструменты смотрителя дворцовой оранжереи,Дорогая бытовая работа заметно превосходит обычные рыночные аналоги. Земля и растительный сок выдают работу возле дома или фермы.,32400,Инструменты смотрителя дворцовой оранжереи — ровной грядки,Инструмент оставляет особенно прямую борозду в рыхлой почве. Хорошее снаряжение имеет подтверждённое происхождение и заметно превосходит ожидания. Подлинная метка превращает случайную находку в событие.,259200,"garden,household,tier-10"
I0790,10,Весы ювелира начального класса,Дорогая бытовая работа заметно превосходит обычные рыночные аналоги. Бирки и мерки связывают вещь с обычной рыночной торговлей.,26400,Весы ювелира начального класса — честной меры,"Она предупреждает тихим звоном о недовесе товара. Хорошее снаряжение имеет подтверждённое происхождение и заметно превосходит ожидания. Состояние почти идеальное, а происхождение подтверждено.",158400,"market,household,tier-10"
I0791,10,Портрет купеческой семьи в позолоченной раме,"Дорогая бытовая работа заметно превосходит обычные рыночные аналоги. Украшение рассчитано на комнату, лавку или трактирный зал.",16500,Портрет купеческой семьи в позолоченной раме — уютного света,Вечером оно даёт мягкий блеск яркостью не больше свечи. Хорошее снаряжение имеет подтверждённое происхождение и заметно превосходит ожидания. Знаток заплатит за такую редкость намного больше обычного.,115500,"decor,household,tier-10"
I0792,10,Сложный заводной театр для гостиной,"Дорогая бытовая работа заметно превосходит обычные рыночные аналоги. Игрушка пережила игры, падения и несколько починок.",35400,Сложный заводной театр для гостиной — возвращающийся на полку,Ночью она сама оказывается на привычном месте. Хорошее снаряжение имеет подтверждённое происхождение и заметно превосходит ожидания. Скрытая деталь делает находку одновременно полезной и коллекционной.,283200,"toy,household,tier-10"
I0793,10,Виолончель хорошей городской школы,Дорогая бытовая работа заметно превосходит обычные рыночные аналоги. Инструмент создан для домашней музыки и простых мелодий.,28800,Виолончель хорошей городской школы — чистой первой ноты,Первый звук всегда получается ясным и правильным. Хорошее снаряжение имеет подтверждённое происхождение и заметно превосходит ожидания. Редкая особенность раскрывается только при внимательном осмотре.,172800,"music,household,tier-10"
I0794,10,Бронзовая лампа с хрустальным плафоном,"Дорогая бытовая работа заметно превосходит обычные рыночные аналоги. Источник света удобен в комнате, сарае или на крыльце.",20400,Бронзовая лампа с хрустальным плафоном — без копоти,Огонь не пачкает потолок и не гаснет от слабого сквозняка. Хорошее снаряжение имеет подтверждённое происхождение и заметно превосходит ожидания. Даже неприметный вид не способен скрыть выдающееся качество.,142800,"light,household,tier-10"
I0795,10,Комплект шёлкового постельного белья,Дорогая бытовая работа заметно превосходит обычные рыночные аналоги. Мягкая вещь хранит тепло обычной спальни или постоялого двора.,39600,Комплект шёлкового постельного белья — спокойного сна,Рядом с ней быстрее забываются повседневные кошмары. Хорошее снаряжение имеет подтверждённое происхождение и заметно превосходит ожидания. Вещь сохранилась вопреки возрасту и явно переживёт нового хозяина.,300000,"bedding,household,tier-10"
I0796,10,Каминные часы с музыкальным боем,Дорогая бытовая работа заметно превосходит обычные рыночные аналоги. Механизм помогает следить за временем домашних дел.,30000,Каминные часы с музыкальным боем — точного часа,"Часы сами исправляют отставание на рассвете. Хорошее снаряжение имеет подтверждённое происхождение и заметно превосходит ожидания. История владельца повышает цену не меньше, чем материалы.",180000,"timepiece,household,tier-10"
I0797,10,Дорожный сундук с мягкой внутренней отделкой,"Дорогая бытовая работа заметно превосходит обычные рыночные аналоги. Предмет полезен обычному путнику, а не искателю битв.",23400,Дорожный сундук с мягкой внутренней отделкой — помнящий ночлег,На нём появляется отметка направления к последнему безопасному привалу. Хорошее снаряжение имеет подтверждённое происхождение и заметно превосходит ожидания. Работа мастера узнаваема и имеет подтверждённую ценность.,163800,"travel,household,tier-10"
I0798,10,Набор ухода за породистым скакуном,Дорогая бытовая работа заметно превосходит обычные рыночные аналоги. Вещь связана с уходом за домашним или тягловым животным.,44400,Набор ухода за породистым скакуном — доброй конюшни,Зверь быстрее успокаивается во время привычного ухода. Хорошее снаряжение имеет подтверждённое происхождение и заметно превосходит ожидания. Неожиданное свойство делает эту версию особенно желанной.,300000,"animal,household,tier-10"
I0799,10,Ларец редких восточных пряностей,Дорогая бытовая работа заметно превосходит обычные рыночные аналоги. Запах и упаковка позволяют судить о качестве приправы.,32400,Ларец редких восточных пряностей — не теряющий аромата,Щепотка восстанавливает запах после закрытия упаковки. Хорошее снаряжение имеет подтверждённое происхождение и заметно превосходит ожидания. На рынке редкостей за неё наверняка начнётся спор.,194400,"spice,household,tier-10"
I0800,10,Домашний планетарий с ручным приводом,Дорогая бытовая работа заметно превосходит обычные рыночные аналоги. Странная мелочь всё ещё принадлежит миру повседневных вещей.,26400,Домашний планетарий с ручным приводом — с маленьким чудом,Безопасная особенность помогает в одной домашней задаче. Хорошее снаряжение имеет подтверждённое происхождение и заметно превосходит ожидания. Подлинная метка превращает случайную находку в событие.,184800,"curiosity,household,tier-10"
I0801,11,Шляпа мастера с серебряной пряжкой,Простое приключенческое снаряжение рассчитано на надёжную полевую службу. Форма и следы носки сразу выдают историю головного убора.,30600,Шляпа мастера с серебряной пряжкой — из гардероба лунной княгини,"Материал оказался редким, а внутренняя метка связывает вещь с известным владельцем. Работа опытного мастера оказалась эталонной даже среди дорогих аналогов. Состояние почти идеальное, а происхождение подтверждено.",153000,"headwear,equipment,tier-11"
I0802,11,Сапоги королевского егеря,"Простое приключенческое снаряжение рассчитано на надёжную полевую службу. Подошва, застёжки и размер делают эту обувь вполне узнаваемой находкой.",59400,Сапоги королевского егеря — с парной печатью королевского сапожника,Под неприметным верхом скрылись работа прославленного сапожника и дорогая подкладка. Работа опытного мастера оказалась эталонной даже среди дорогих аналогов. Знаток заплатит за такую редкость намного больше обычного.,356400,"footwear,equipment,tier-11"
I0803,11,Кашемировый плащ старшего писца,"Простое приключенческое снаряжение рассчитано на надёжную полевую службу. Ткань сохранила запах дороги, мастерской или прежнего хозяина.",45000,Кашемировый плащ старшего писца — из дорожного сундука архимага,"Швы выполнены драгоценной нитью, а покрой имеет коллекционное происхождение. Работа опытного мастера оказалась эталонной даже среди дорогих аналогов. Скрытая деталь делает находку одновременно полезной и коллекционной.",315000,"clothes,equipment,tier-11"
I0804,11,Позолоченный дорожный прибор,Простое приключенческое снаряжение рассчитано на надёжную полевую службу. На поверхности остались царапины от долгого и не всегда бережного использования.,35100,Позолоченный дорожный прибор — с клеймом коронационного мастера,Клеймо мастера подтверждает редкий сплав и важную историю этой утвари. Работа опытного мастера оказалась эталонной даже среди дорогих аналогов. Редкая особенность раскрывается только при внимательном осмотре.,175500,"utensil,equipment,tier-11"
I0805,11,Сотейник знаменитой медной мастерской,Простое приключенческое снаряжение рассчитано на надёжную полевую службу. Копоть и вмятины рассказывают о множестве походных ужинов.,66600,Сотейник знаменитой медной мастерской — из кухни исчезнувшей династии,Под слоем нагара обнаружилась безупречная работа знаменитой дворцовой кухни. Работа опытного мастера оказалась эталонной даже среди дорогих аналогов. Даже неприметный вид не способен скрыть выдающееся качество.,360000,"cookware,equipment,tier-11"
I0806,11,Короб засахаренных южных фруктов,"Простое приключенческое снаряжение рассчитано на надёжную полевую службу. Запах, корочка и упаковка позволяют оценить свежесть без рискованной дегустации.",48600,Короб засахаренных южных фруктов — по рецепту небесного кондитера,Редкий рецепт и идеально сохранившиеся ингредиенты превращают еду в дорогой деликатес. Работа опытного мастера оказалась эталонной даже среди дорогих аналогов. Вещь сохранилась вопреки возрасту и явно переживёт нового хозяина.,340200,"food,equipment,tier-11"
I0807,11,Бутыль двенадцатилетней грушевой настойки,"Простое приключенческое снаряжение рассчитано на надёжную полевую службу. Содержимое тихо плещется и пахнет ровно так, как обещает его вид.",39600,Бутыль двенадцатилетней грушевой настойки — из последней бочки императорского погреба,"Печать на сосуде указывает на исключительную выдержку и знаменитую партию. Работа опытного мастера оказалась эталонной даже среди дорогих аналогов. История владельца повышает цену не меньше, чем материалы.",198000,"drink,equipment,tier-11"
I0808,11,Турнирный набор костей из перламутра,"Простое приключенческое снаряжение рассчитано на надёжную полевую службу. На кости заметны насечки, следы зубов или попытка придать ей смысл.",24750,Турнирный набор костей из перламутра — с летописью древнего чудовища,"Знаки оказались исторической записью, а сама кость принадлежала необычному существу. Работа опытного мастера оказалась эталонной даже среди дорогих аналогов. Работа мастера узнаваема и имеет подтверждённую ценность.",148500,"bones,equipment,tier-11"
I0809,11,Молот оружейника с набором бойков,"Простое приключенческое снаряжение рассчитано на надёжную полевую службу. Баланс рукояти показывает, годится ли находка для настоящей работы.",53100,Молот оружейника с набором бойков — работы кузнеца Семи Башен,Скрытое клеймо подтверждает происхождение из мастерской великого кузнеца. Работа опытного мастера оказалась эталонной даже среди дорогих аналогов. Неожиданное свойство делает эту версию особенно желанной.,360000,"hammer,equipment,tier-11"
I0810,11,Ножницы и иглы придворного портного,Простое приключенческое снаряжение рассчитано на надёжную полевую службу. Тонкий инструмент пережил владельца и сохранил следы его ремесла.,43200,Ножницы и иглы придворного портного — из набора швеи при дворе фей,Игла сделана из необычного металла и выполняет тонкую работу почти без усилий. Работа опытного мастера оказалась эталонной даже среди дорогих аналогов. На рынке редкостей за неё наверняка начнётся спор.,216000,"needle,equipment,tier-11"
I0811,11,Альпинистский канат из шёлка и пеньки,"Простое приключенческое снаряжение рассчитано на надёжную полевую службу. Волокна, узлы и влажность честно показывают остаток прочности.",30600,Альпинистский канат из шёлка и пеньки — сплетённая хранителями маяка,"Плетение не боится огня и воды, хотя с виду верёвка остаётся совершенно обычной. Работа опытного мастера оказалась эталонной даже среди дорогих аналогов. Подлинная метка превращает случайную находку в событие.",183600,"rope,equipment,tier-11"
I0812,11,Стальной ларец с секретом,Простое приключенческое снаряжение рассчитано на надёжную полевую службу. Внутри сохранился запах прежнего содержимого и немного дорожной пыли.,59400,Стальной ларец с секретом — с тайным отделением королевского курьера,"Потайной шов открыл ценную работу и надёжное внутреннее отделение. Работа опытного мастера оказалась эталонной даже среди дорогих аналогов. Состояние почти идеальное, а происхождение подтверждено.",360000,"container,equipment,tier-11"
I0813,11,Серебряное перо каллиграфа,Простое приключенческое снаряжение рассчитано на надёжную полевую службу. Пятна чернил и состояние наконечника говорят о последнем писавшем.,45000,Серебряное перо каллиграфа — принадлежавшее великому летописцу,"Инструмент узнаёт руку владельца и оставляет особенно стойкие, красивые линии. Работа опытного мастера оказалась эталонной даже среди дорогих аналогов. Знаток заплатит за такую редкость намного больше обычного.",225000,"writing,equipment,tier-11"
I0814,11,Первое издание атласа королевских дорог,"Простое приключенческое снаряжение рассчитано на надёжную полевую службу. Переплёт, поля и закладки выдают, насколько часто текстом пользовались.",35100,Первое издание атласа королевских дорог — с авторскими пометами первого издания,"Между страницами обнаружены авторские пометы, резко повышающие ценность тома. Работа опытного мастера оказалась эталонной даже среди дорогих аналогов. Скрытая деталь делает находку одновременно полезной и коллекционной.",210600,"book,equipment,tier-11"
I0815,11,Офицерский патент с восковой печатью,"Простое приключенческое снаряжение рассчитано на надёжную полевую службу. Печати и подписи можно изучить, хотя назначение бумаги не всегда радует.",66600,Офицерский патент с восковой печатью — скреплённое печатью забытого престола,"Подлинность подтверждена редкой печатью, а содержание имеет историческую цену. Работа опытного мастера оказалась эталонной даже среди дорогих аналогов. Редкая особенность раскрывается только при внимательном осмотре.",360000,"document,equipment,tier-11"
I0816,11,Кошель менялы с контрольными гирями,Простое приключенческое снаряжение рассчитано на надёжную полевую службу. Находка связана с мелкой торговлей и хранит следы множества рук.,48600,Кошель менялы с контрольными гирями — из закрытой коллекции монетного двора,Незаметная отметка превращает торговую мелочь в редкий нумизматический объект. Работа опытного мастера оказалась эталонной даже среди дорогих аналогов. Даже неприметный вид не способен скрыть выдающееся качество.,243000,"trade,equipment,tier-11"
I0817,11,Серьги с небольшими сапфирами,Простое приключенческое снаряжение рассчитано на надёжную полевую службу. Даже при беглом осмотре видны качество оправы и состояние металла.,39600,Серьги с небольшими сапфирами — из сокровищницы звёздного ювелира,Камни и металл подтвердили происхождение из известной ювелирной школы. Работа опытного мастера оказалась эталонной даже среди дорогих аналогов. Вещь сохранилась вопреки возрасту и явно переживёт нового хозяина.,237600,"jewelry,equipment,tier-11"
I0818,11,Сложная механическая карусель,Простое приключенческое снаряжение рассчитано на надёжную полевую службу. Игрушка пережила шумные игры и несколько неумелых починок.,24750,Сложная механическая карусель — первой серии великого игрушечника,"Это ранняя работа знаменитого мастера, сохранившая редкий механизм. Работа опытного мастера оказалась эталонной даже среди дорогих аналогов. История владельца повышает цену не меньше, чем материалы.",173250,"toy,equipment,tier-11"
I0819,11,Серебряная дарохранительница,"Простое приключенческое снаряжение рассчитано на надёжную полевую службу. Символы нанесены старательно, хотя их смысл понятен не каждому жрецу.",53100,Серебряная дарохранительница — признанная храмовой реликвией,Реликвия признана храмом и несёт след подлинного благословения. Работа опытного мастера оказалась эталонной даже среди дорогих аналогов. Работа мастера узнаваема и имеет подтверждённую ценность.,265500,"religion,equipment,tier-11"
I0820,11,Альтовая флейта чёрного дерева,"Простое приключенческое снаряжение рассчитано на надёжную полевую службу. Звук зависит от состояния дерева, металла и терпения исполнителя.",43200,Альтовая флейта чёрного дерева — из личного оркестра серебряного дракона,Редкий тембр и подпись мастера делают инструмент желанным для коллекционера. Работа опытного мастера оказалась эталонной даже среди дорогих аналогов. Неожиданное свойство делает эту версию особенно желанной.,259200,"music,equipment,tier-11"
I0821,11,Арбалет лесного объездчика,"Простое приключенческое снаряжение рассчитано на надёжную полевую службу. Потёртости показывают, на какую добычу и как часто с вещью ходили.",30600,Арбалет лесного объездчика — из арсенала королевского ловчего,Точная подгонка и необычный материал заметно улучшают охотничьи свойства. Работа опытного мастера оказалась эталонной даже среди дорогих аналогов. На рынке редкостей за неё наверняка начнётся спор.,214200,"hunting,equipment,tier-11"
I0822,11,Комплект снастей для морской рыбалки,"Простое приключенческое снаряжение рассчитано на надёжную полевую службу. Соль, леска и чешуя оставили на снасти честную биографию.",59400,Комплект снастей для морской рыбалки — снасть легендарного речного следопыта,Снасть принадлежала знаменитому ловцу и безошибочно чувствует крупную добычу. Работа опытного мастера оказалась эталонной даже среди дорогих аналогов. Подлинная метка превращает случайную находку в событие.,297000,"fishing,equipment,tier-11"
I0823,11,Латунный корабельный секстант,Простое приключенческое снаряжение рассчитано на надёжную полевую службу. Запах смолы и соли выдаёт долгую службу рядом с водой.,45000,Латунный корабельный секстант — с флагмана пропавшей экспедиции,"Корабельная метка связывает находку с легендарным плаванием. Работа опытного мастера оказалась эталонной даже среди дорогих аналогов. Состояние почти идеальное, а происхождение подтверждено.",270000,"nautical,equipment,tier-11"
I0824,11,Садовый нож и секатор из хорошей стали,Простое приключенческое снаряжение рассчитано на надёжную полевую службу. Земля в щелях и затёртая рукоять говорят о привычной работе.,35100,Садовый нож и секатор из хорошей стали — награда победителю Праздника Урожая,Инструмент идеально сбалансирован и когда-то был наградой лучшему земледельцу. Работа опытного мастера оказалась эталонной даже среди дорогих аналогов. Знаток заплатит за такую редкость намного больше обычного.,245700,"farming,equipment,tier-11"
I0825,11,Набор минералога с калиброванными пробниками,Простое приключенческое снаряжение рассчитано на надёжную полевую службу. Каменная пыль забилась в каждую выемку этой шахтёрской вещи.,66600,Набор минералога с калиброванными пробниками — настроенное на жилу звёздного серебра,Находка откликается на ценные жилы едва заметным теплом. Работа опытного мастера оказалась эталонной даже среди дорогих аналогов. Скрытая деталь делает находку одновременно полезной и коллекционной.,333000,"mining,equipment,tier-11"
I0826,11,Инструменты мастера-краснодеревщика,Простое приключенческое снаряжение рассчитано на надёжную полевую службу. Смола и тонкая стружка сохранились возле рабочих кромок.,48600,Инструменты мастера-краснодеревщика — из мастерской говорящего дерева,Работа принадлежит именитому резчику и удивительно бережно обращается с деревом. Работа опытного мастера оказалась эталонной даже среди дорогих аналогов. Редкая особенность раскрывается только при внимательном осмотре.,291600,"woodcraft,equipment,tier-11"
I0827,11,Переносная кузня оружейного подмастерья,Простое приключенческое снаряжение рассчитано на надёжную полевую службу. Окалина и следы жара не оставляют сомнений в кузнечном прошлом.,39600,Переносная кузня оружейного подмастерья — закалённое в огне Великой Кузни,Сплав и закалка соответствуют утраченной технике большой мастерской. Работа опытного мастера оказалась эталонной даже среди дорогих аналогов. Даже неприметный вид не способен скрыть выдающееся качество.,277200,"smithing,equipment,tier-11"
I0828,11,Отмычки из пружинной стали,"Простое приключенческое снаряжение рассчитано на надёжную полевую службу. Размер и гибкость намекают на задачи, о которых не пишут в накладных.",24750,Отмычки из пружинной стали — из комплекта королевской разведки,Набор создан для королевского разведчика и почти не оставляет следов применения. Работа опытного мастера оказалась эталонной даже среди дорогих аналогов. Вещь сохранилась вопреки возрасту и явно переживёт нового хозяина.,123750,"thieves,equipment,tier-11"
I0829,11,Дистиллятор аптекарской мастерской,"Простое приключенческое снаряжение рассчитано на надёжную полевую службу. Осадок и цвет позволяют строить догадки, но не советуют пробовать содержимое.",53100,Дистиллятор аптекарской мастерской — из лаборатории первого трансмутатора,"Состав сохранил чистоту и относится к редкой работе признанного алхимика. Работа опытного мастера оказалась эталонной даже среди дорогих аналогов. История владельца повышает цену не меньше, чем материалы.",318600,"alchemy,equipment,tier-11"
I0830,11,Набор полевого хирурга в кожаном футляре,Простое приключенческое снаряжение рассчитано на надёжную полевую службу. Запах трав и аккуратность упаковки показывают уровень прежнего лекаря.,43200,Набор полевого хирурга в кожаном футляре — из сумки святого полевого лекаря,Внутри обнаружены дорогие средства полевого хирурга и безупречные инструменты. Работа опытного мастера оказалась эталонной даже среди дорогих аналогов. Работа мастера узнаваема и имеет подтверждённую ценность.,302400,"medicine,equipment,tier-11"
I0831,11,Палатка полярной экспедиции,Простое приключенческое снаряжение рассчитано на надёжную полевую службу. Пыль дорог и следы дождя видны сильнее любой торговой марки.,30600,Палатка полярной экспедиции — из снаряжения похода за край карты,"Снаряжение необычно лёгкое, прочное и рассчитано на самые тяжёлые переходы. Работа опытного мастера оказалась эталонной даже среди дорогих аналогов. Неожиданное свойство делает эту версию особенно желанной.",153000,"camping,equipment,tier-11"
I0832,11,Корабельный фонарь с линзой Френеля,"Простое приключенческое снаряжение рассчитано на надёжную полевую службу. Копоть вокруг огня рассказывает, насколько ровно он когда-то горел.",59400,Корабельный фонарь с линзой Френеля — с негасимым огнём хранителей рассвета,Источник света расходует топливо почти незаметно и не гаснет от обычного ветра. Работа опытного мастера оказалась эталонной даже среди дорогих аналогов. На рынке редкостей за неё наверняка начнётся спор.,356400,"light,equipment,tier-11"
I0833,11,Штурманский компас в подвесе,"Простое приключенческое снаряжение рассчитано на надёжную полевую службу. Стрелки, шкалы и потёртый корпус ещё могут подсказать направление.",45000,Штурманский компас в подвесе — из обсерватории забытого мореплавателя,Прибор изготовлен для дальней экспедиции и замечает даже магические искажения пути. Работа опытного мастера оказалась эталонной даже среди дорогих аналогов. Подлинная метка превращает случайную находку в событие.,315000,"navigation,equipment,tier-11"
I0834,11,Закалённый чешуйчатый панцирь,"Простое приключенческое снаряжение рассчитано на надёжную полевую службу. Вмятины и ремни показывают, какую защиту предмет способен дать сейчас.",35100,Закалённый чешуйчатый панцирь — из личной оружейной палаты героя,"Под поздними заплатами обнаружена работа оружейника исторического значения. Работа опытного мастера оказалась эталонной даже среди дорогих аналогов. Состояние почти идеальное, а происхождение подтверждено.",175500,"armor,equipment,tier-11"
I0835,11,Стальной щит с выгнутым ребром,"Простое приключенческое снаряжение рассчитано на надёжную полевую службу. Кромка и крепления хранят следы ударов, которые принял прежний владелец.",66600,Стальной щит с выгнутым ребром — с гербом спасённого королевства,Геральдика и редкий сердечник превращают защиту в ценную реликвию. Работа опытного мастера оказалась эталонной даже среди дорогих аналогов. Знаток заплатит за такую редкость намного больше обычного.,360000,"shield,equipment,tier-11"
I0836,11,Кинжал из дамасской стали,"Простое приключенческое снаряжение рассчитано на надёжную полевую службу. Короткий клинок удобно осмотреть по заточке, гарде и следам ржавчины.",48600,Кинжал из дамасской стали — из тайного набора придворного дуэлянта,Сталь скрывает безупречную закалку и происхождение из личного арсенала мастера. Работа опытного мастера оказалась эталонной даже среди дорогих аналогов. Скрытая деталь делает находку одновременно полезной и коллекционной.,340200,"dagger,equipment,tier-11"
I0837,11,Полуторный меч наёмного капитана,"Простое приключенческое снаряжение рассчитано на надёжную полевую службу. Длинный клинок оценивается по балансу, прямизне и состоянию ножен.",39600,Полуторный меч наёмного капитана — с подписью мастера легендарных клинков,После очистки открылись подпись оружейника и выдающийся узор закалки. Работа опытного мастера оказалась эталонной даже среди дорогих аналогов. Редкая особенность раскрывается только при внимательном осмотре.,198000,"sword,equipment,tier-11"
I0838,11,Секира дворцовой стражи,Простое приключенческое снаряжение рассчитано на надёжную полевую службу. Рабочая кромка и посадка топорища показывают характер прежней службы.,24750,Секира дворцовой стражи — выкованное для наследника подгорного трона,"Редкий металл держит заточку, а клеймо связывает топор с прославленным походом. Работа опытного мастера оказалась эталонной даже среди дорогих аналогов. Даже неприметный вид не способен скрыть выдающееся качество.",148500,"axe,equipment,tier-11"
I0839,11,Рекурсивный лук степного мастера,"Простое приключенческое снаряжение рассчитано на надёжную полевую службу. Плечи, тетива и изгиб сохраняют память о множестве выстрелов.",53100,Рекурсивный лук степного мастера — из тисовой рощи первого лучника,Точная работа даёт исключительную плавность и принадлежит знаменитому стрелку. Работа опытного мастера оказалась эталонной даже среди дорогих аналогов. Вещь сохранилась вопреки возрасту и явно переживёт нового хозяина.,360000,"bow,equipment,tier-11"
I0840,11,Сорок турнирных стрел одинакового веса,Простое приключенческое снаряжение рассчитано на надёжную полевую службу. Оперение и наконечник подсказывают назначение боеприпаса.,43200,Сорок турнирных стрел одинакового веса — с наконечником из упавшей звезды,"Редкая балансировка и особый наконечник делают единственный выстрел чрезвычайно ценным. Работа опытного мастера оказалась эталонной даже среди дорогих аналогов. История владельца повышает цену не меньше, чем материалы.",216000,"projectile,equipment,tier-11"
I0841,11,Боевой посох с сердечником из стали,Простое приключенческое снаряжение рассчитано на надёжную полевую службу. Следы ладоней и дорожные зарубки покрывают посох почти целиком.,30600,Боевой посох с сердечником из стали — выросшее из ветви мирового древа,Внутри древесины обнаружена тонкая сердцевина с полезным необычным свойством. Работа опытного мастера оказалась эталонной даже среди дорогих аналогов. Работа мастера узнаваема и имеет подтверждённую ценность.,183600,"staff,equipment,tier-11"
I0842,11,Парадная сбруя рыцарского коня,Простое приключенческое снаряжение рассчитано на надёжную полевую службу. Ремни и пряжки подогнаны под конкретного зверя и долгую дорогу.,59400,Парадная сбруя рыцарского коня — из церемониальной упряжи единорога,Материалы достойны королевской конюшни и необычно удобны для животного. Работа опытного мастера оказалась эталонной даже среди дорогих аналогов. Неожиданное свойство делает эту версию особенно желанной.,360000,"animal,equipment,tier-11"
I0843,11,"Карманный камень, очищающий воду",Простое приключенческое снаряжение рассчитано на надёжную полевую службу. Едва заметная странность отличает вещицу от совершенно обычного хлама.,45000,"Карманный камень, очищающий воду — с устойчивым малым чудом внутри","Малое чудо оказалось стабильным, полезным и работой известного чародея. Работа опытного мастера оказалась эталонной даже среди дорогих аналогов. На рынке редкостей за неё наверняка начнётся спор.",225000,"magic,equipment,tier-11"
I0844,11,Гоблинский набор пружинных сигнализаторов,Простое приключенческое снаряжение рассчитано на надёжную полевую службу. Гоблинская практичность смешана здесь с самоуверенным украшательством.,35100,Гоблинский набор пружинных сигнализаторов — из трофейной кладовой великого вождя,Вещь принадлежала знаменитому гоблинскому вождю и содержит хитрый секрет. Работа опытного мастера оказалась эталонной даже среди дорогих аналогов. Подлинная метка превращает случайную находку в событие.,210600,"goblin,equipment,tier-11"
I0845,11,Дварфский микрометр для камня,"Простое приключенческое снаряжение рассчитано на надёжную полевую службу. Дворфская манера видна по тяжести, рунам и упрямой прочности.",66600,Дварфский микрометр для камня — с рунами прародителя клана,"Руны называют древний клан, а качество достойно наследственной сокровищницы. Работа опытного мастера оказалась эталонной даже среди дорогих аналогов. Состояние почти идеальное, а происхождение подтверждено.",360000,"dwarf,equipment,tier-11"
I0846,11,Эльфийский плащ лесного ткача,Простое приключенческое снаряжение рассчитано на надёжную полевую службу. Эльфийская работа узнаётся по лёгким линиям и вниманию к мелочам.,48600,Эльфийский плащ лесного ткача — с подписью мастера Лунного Двора,Подлинная подпись мастера и редкий материал делают изделие музейным. Работа опытного мастера оказалась эталонной даже среди дорогих аналогов. Знаток заплатит за такую редкость намного больше обычного.,243000,"elf,equipment,tier-11"
I0847,11,Мундир капитана городской стражи,"Простое приключенческое снаряжение рассчитано на надёжную полевую службу. Человеческая вещь хранит понятные следы службы, ремонта и дороги.",39600,Мундир капитана городской стражи — из багажа основателя столицы,"Монограмма связывает её с важным историческим лицом, а состояние удивительно хорошо. Работа опытного мастера оказалась эталонной даже среди дорогих аналогов. Скрытая деталь делает находку одновременно полезной и коллекционной.",237600,"human,equipment,tier-11"
I0848,11,Экспедиционный кофр с герметичными секциями,Простое приключенческое снаряжение рассчитано на надёжную полевую службу. Каждая царапина отмечает новый участок долгого маршрута.,24750,Экспедиционный кофр с герметичными секциями — из комплекта Последней Экспедиции,Эта версия создавалась для великой экспедиции и продумана до последней застёжки. Работа опытного мастера оказалась эталонной даже среди дорогих аналогов. Редкая особенность раскрывается только при внимательном осмотре.,173250,"travel,equipment,tier-11"
I0849,11,Весы сертифицированного ювелира,"Простое приключенческое снаряжение рассчитано на надёжную полевую службу. Бирки и упаковка выдают товар, который когда-то ждал покупателя.",53100,Весы сертифицированного ювелира — из опечатанного товара Гильдии Чудес,Происхождение и редкость позволяют продать находку серьёзному коллекционеру. Работа опытного мастера оказалась эталонной даже среди дорогих аналогов. Даже неприметный вид не способен скрыть выдающееся качество.,265500,"merchant,equipment,tier-11"
I0850,11,Токарный набор мастера по кости,"Простое приключенческое снаряжение рассчитано на надёжную полевую службу. Следы краски, глины или клея точно называют ремесло владельца.",43200,Токарный набор мастера по кости — из наследия великого ремесленника,Инструмент принадлежал признанному мастеру и сам по себе считается произведением искусства. Работа опытного мастера оказалась эталонной даже среди дорогих аналогов. Вещь сохранилась вопреки возрасту и явно переживёт нового хозяина.,259200,"artisan,equipment,tier-11"
I0851,11,Фарфоровый сервиз торгового дома,Простое приключенческое снаряжение рассчитано на надёжную полевую службу. Бытовая вещь честно показывает привычки и достаток прежнего дома.,30600,Фарфоровый сервиз торгового дома — из сервиза посольского дворца,"Незаметная деталь выдаёт заказ для дворца и исключительное качество изготовления. Работа опытного мастера оказалась эталонной даже среди дорогих аналогов. История владельца повышает цену не меньше, чем материалы.",214200,"household,equipment,tier-11"
I0852,11,Ключ с меняющейся бородкой,"Простое приключенческое снаряжение рассчитано на надёжную полевую службу. Форма бородки обещает замок, который, возможно, ещё существует.",59400,Ключ с меняющейся бородкой — открывающее хранилище Тайного Совета,Знак на стержне указывает на особо важную дверь и дорогой секрет за ней. Работа опытного мастера оказалась эталонной даже среди дорогих аналогов. Работа мастера узнаваема и имеет подтверждённую ценность.,297000,"key,equipment,tier-11"
I0853,11,Военная карта приграничных укреплений,"Простое приключенческое снаряжение рассчитано на надёжную полевую службу. Линии маршрута, пятна и исправления оставлены разными путешественниками.",45000,Военная карта приграничных укреплений — с дорогой к сокровищнице на полях,Скрытый слой показывает неизвестный путь к месту большой ценности. Работа опытного мастера оказалась эталонной даже среди дорогих аналогов. Неожиданное свойство делает эту версию особенно желанной.,270000,"map,equipment,tier-11"
I0854,11,Огранённый топаз цвета мёда,"Простое приключенческое снаряжение рассчитано на надёжную полевую службу. Свет на гранях помогает отличить камень, стекло и удачную подделку.",35100,Огранённый топаз цвета мёда — огранённое слепым мастером провидцев,"После очистки проявились редкая чистота, огранка и подтверждённое происхождение. Работа опытного мастера оказалась эталонной даже среди дорогих аналогов. На рынке редкостей за неё наверняка начнётся спор.",245700,"gem,equipment,tier-11"
I0855,11,"Сфера, показывающая направление ветра","Простое приключенческое снаряжение рассчитано на надёжную полевую службу. Назначение странности неочевидно, но детали явно сложились не случайно.",66600,"Сфера, показывающая направление ветра — из кабинета придворного исследователя","Специалист распознает в ней редкость, смысл которой намного дороже внешнего вида. Работа опытного мастера оказалась эталонной даже среди дорогих аналогов. Подлинная метка превращает случайную находку в событие.",333000,"oddity,equipment,tier-11"
I0856,11,Короткий меч дорожного стража,Простое приключенческое снаряжение рассчитано на надёжную полевую службу. Оружие сбалансировано для надёжной службы без громкого имени.,48600,Короткий меч дорожного стража — с удерживающей заточку кромкой,"Лезвие не ржавеет и заметно дольше сохраняет рабочую заточку. Работа опытного мастера оказалась эталонной даже среди дорогих аналогов. Состояние почти идеальное, а происхождение подтверждено.",291600,"weapon,equipment,tier-11"
I0857,11,Лёгкий арбалет с костяным прикладом,Простое приключенческое снаряжение рассчитано на надёжную полевую службу. Дистанционное оружие собрано ровно и предсказуемо.,39600,Лёгкий арбалет с костяным прикладом — спокойного прицела,Небольшое зачарование гасит дрожь рук перед выстрелом по видимой цели. Работа опытного мастера оказалась эталонной даже среди дорогих аналогов. Знаток заплатит за такую редкость намного больше обычного.,277200,"ranged,equipment,tier-11"
I0858,11,Кожаный панцирь с усиленными плечами,Простое приключенческое снаряжение рассчитано на надёжную полевую службу. Защита подогнана для долгого ношения в дороге.,24750,Кожаный панцирь с усиленными плечами — облегчённой посадки,"Вес ощущается меньше во время обычного перехода, но защита не усиливается сверх меры. Работа опытного мастера оказалась эталонной даже среди дорогих аналогов. Скрытая деталь делает находку одновременно полезной и коллекционной.",123750,"armor,equipment,tier-11"
I0859,11,Круглый стальной щит патрульного,Простое приключенческое снаряжение рассчитано на надёжную полевую службу. Крепления и кромка рассчитаны на настоящую полевую службу.,53100,Круглый стальной щит патрульного — верного заслона,Щит сам доворачивается на ладонь против одного неожиданного слабого удара в день. Работа опытного мастера оказалась эталонной даже среди дорогих аналогов. Редкая особенность раскрывается только при внимательном осмотре.,318600,"shield,equipment,tier-11"
I0860,11,Походный ранец с наружными ремнями,Простое приключенческое снаряжение рассчитано на надёжную полевую службу. Сумка распределяет груз и оставляет важное под рукой.,43200,Походный ранец с наружными ремнями — разумной укладки,Внутренние ремни сами удерживают вещи в выбранном порядке. Работа опытного мастера оказалась эталонной даже среди дорогих аналогов. Даже неприметный вид не способен скрыть выдающееся качество.,302400,"pack,equipment,tier-11"
I0861,11,Набор крюков для каменных склонов,Простое приключенческое снаряжение рассчитано на надёжную полевую службу. Комплект выдерживает вес с разумным запасом прочности.,30600,Набор крюков для каменных склонов — цепкого подъёма,Крюки чуть увереннее держатся за естественные трещины камня. Работа опытного мастера оказалась эталонной даже среди дорогих аналогов. Вещь сохранилась вопреки возрасту и явно переживёт нового хозяина.,153000,"climbing,equipment,tier-11"
I0862,11,Тридцать метров страховочной верёвки,"Простое приключенческое снаряжение рассчитано на надёжную полевую службу. Верёвка подходит для переправ, страховки и лагерных работ.",59400,Тридцать метров страховочной верёвки — послушного узла,"По команде она затягивает или отпускает заранее завязанный узел. Работа опытного мастера оказалась эталонной даже среди дорогих аналогов. История владельца повышает цену не меньше, чем материалы.",356400,"rope,equipment,tier-11"
I0863,11,Закрытый фонарь разведчика,Простое приключенческое снаряжение рассчитано на надёжную полевую службу. Фонарь защищён от дождя и случайных ударов.,45000,Закрытый фонарь разведчика — ровного света,"Пламя не коптит, а масла хватает примерно вдвое дольше. Работа опытного мастера оказалась эталонной даже среди дорогих аналогов. Работа мастера узнаваема и имеет подтверждённую ценность.",315000,"light,equipment,tier-11"
I0864,11,Компас с ударопрочным корпусом,Простое приключенческое снаряжение рассчитано на надёжную полевую службу. Прибор откалиброван и защищён прочным корпусом.,35100,Компас с ударопрочным корпусом — верного курса,Стрелка замечает сильные магические помехи и начинает мерцать. Работа опытного мастера оказалась эталонной даже среди дорогих аналогов. Неожиданное свойство делает эту версию особенно желанной.,175500,"navigation,equipment,tier-11"
I0865,11,Сумка опытного полевого лекаря,Простое приключенческое снаряжение рассчитано на надёжную полевую службу. Набор содержит чистые инструменты и понятный запас перевязки.,66600,Сумка опытного полевого лекаря — бережного лекаря,Инструменты сами очищаются после обычной обработки кипятком. Работа опытного мастера оказалась эталонной даже среди дорогих аналогов. На рынке редкостей за неё наверняка начнётся спор.,360000,"medicine,equipment,tier-11"
I0866,11,Ящик основных алхимических принадлежностей,Простое приключенческое снаряжение рассчитано на надёжную полевую службу. Реактивы разложены по защищённым подписанным ёмкостям.,48600,Ящик основных алхимических принадлежностей — чистой реакции,Посуда меняет оттенок при опасном загрязнении смеси. Работа опытного мастера оказалась эталонной даже среди дорогих аналогов. Подлинная метка превращает случайную находку в событие.,340200,"alchemy,equipment,tier-11"
I0867,11,Комплект тонких стальных отмычек,"Простое приключенческое снаряжение рассчитано на надёжную полевую службу. Тонкие инструменты рассчитаны на сложные, но обычные механизмы.",39600,Комплект тонких стальных отмычек — тихого механизма,"Металл приглушает собственный звон и подчёркивает неверно выбранный щуп. Работа опытного мастера оказалась эталонной даже среди дорогих аналогов. Состояние почти идеальное, а происхождение подтверждено.",198000,"thieves,equipment,tier-11"
I0868,11,Набор городского следопыта,Простое приключенческое снаряжение рассчитано на надёжную полевую службу. Снаряжение подходит для следопыта и промысловика.,24750,Набор городского следопыта — ясного следа,На короткое время делает свежие следы заметнее владельцу. Работа опытного мастера оказалась эталонной даже среди дорогих аналогов. Знаток заплатит за такую редкость намного больше обычного.,148500,"hunting,equipment,tier-11"
I0869,11,Складная снасть для быстрого течения,Простое приключенческое снаряжение рассчитано на надёжную полевую службу. Снасть выдержит крупную речную или морскую добычу.,53100,Складная снасть для быстрого течения — чувствующей лески,Владелец безошибочно отличает поклёвку от течения и коряг. Работа опытного мастера оказалась эталонной даже среди дорогих аналогов. Скрытая деталь делает находку одновременно полезной и коллекционной.,360000,"fishing,equipment,tier-11"
I0870,11,Плащ-палатка для сырой погоды,Простое приключенческое снаряжение рассчитано на надёжную полевую службу. Комплект собран для непогоды и трудной местности.,43200,Плащ-палатка для сырой погоды — надёжного привала,Вещь помогает сохранить небольшой участок лагеря сухим и тёплым. Работа опытного мастера оказалась эталонной даже среди дорогих аналогов. Редкая особенность раскрывается только при внимательном осмотре.,216000,"survival,equipment,tier-11"
I0871,11,Сапоги с усиленным носком,Простое приключенческое снаряжение рассчитано на надёжную полевую службу. Подошва и швы рассчитаны на многие лиги пути.,30600,Сапоги с усиленным носком — уверенного шага,"Обувь лучше держится на обычном льду, грязи и мокром камне. Работа опытного мастера оказалась эталонной даже среди дорогих аналогов. Даже неприметный вид не способен скрыть выдающееся качество.",183600,"footwear,equipment,tier-11"
I0872,11,Перчатки канатного мастера,"Простое приключенческое снаряжение рассчитано на надёжную полевую службу. Перчатки защищают ладони, не мешая точной работе.",59400,Перчатки канатного мастера — твёрдой хватки,Рукояти инструментов реже выскальзывают из рук владельца. Работа опытного мастера оказалась эталонной даже среди дорогих аналогов. Вещь сохранилась вопреки возрасту и явно переживёт нового хозяина.,360000,"gloves,equipment,tier-11"
I0873,11,Плотный плащ караванного охранника,Простое приключенческое снаряжение рассчитано на надёжную полевую службу. Плотная ткань закрывает от ветра и дорожной пыли.,45000,Плотный плащ караванного охранника — тихой непогоды,"Дождь скатывается с плаща, а ткань не хлопает на ветру. Работа опытного мастера оказалась эталонной даже среди дорогих аналогов. История владельца повышает цену не меньше, чем материалы.",225000,"cloak,equipment,tier-11"
I0874,11,Пояс с шестью съёмными подсумками,Простое приключенческое снаряжение рассчитано на надёжную полевую службу. Пояс несёт подсумки и распределяет их вес.,35100,Пояс с шестью съёмными подсумками — готового снаряжения,Нужный закреплённый предмет слегка подаётся к руке владельца. Работа опытного мастера оказалась эталонной даже среди дорогих аналогов. Работа мастера узнаваема и имеет подтверждённую ценность.,210600,"belt,equipment,tier-11"
I0875,11,Колчан с водостойкой горловиной,Простое приключенческое снаряжение рассчитано на надёжную полевую службу. Боеприпасы защищены от сырости и выпадения.,66600,Колчан с водостойкой горловиной — бережного стрелка,"Оперение внутри не мнётся, а наконечники не звенят друг о друга. Работа опытного мастера оказалась эталонной даже среди дорогих аналогов. Неожиданное свойство делает эту версию особенно желанной.",360000,"quiver,equipment,tier-11"
I0876,11,Набор для ремонта кольчуги и ремней,Простое приключенческое снаряжение рассчитано на надёжную полевую службу. Инструменты позволяют чинить снаряжение в полевых условиях.,48600,Набор для ремонта кольчуги и ремней — быстрой починки,Один мелкий ремонт в день получается особенно аккуратным и прочным. Работа опытного мастера оказалась эталонной даже среди дорогих аналогов. На рынке редкостей за неё наверняка начнётся спор.,243000,"repair,equipment,tier-11"
I0877,11,Малые походные мехи оружейника,Простое приключенческое снаряжение рассчитано на надёжную полевую службу. Набор годится для обслуживания оружия и металлической оснастки.,39600,Малые походные мехи оружейника — ровной закалки,Металл под инструментом нагревается равномернее и реже коробится. Работа опытного мастера оказалась эталонной даже среди дорогих аналогов. Подлинная метка превращает случайную находку в событие.,237600,"smithing,equipment,tier-11"
I0878,11,Карта сторожевых трактов,Простое приключенческое снаряжение рассчитано на надёжную полевую службу. Карта содержит практические маршруты и ориентиры.,24750,Карта сторожевых трактов — живых пометок,"Сделанные владельцем отметки не смываются дождём и бледнеют после исполнения. Работа опытного мастера оказалась эталонной даже среди дорогих аналогов. Состояние почти идеальное, а происхождение подтверждено.",173250,"map,equipment,tier-11"
I0879,11,Упряжь для вьючного мула,Простое приключенческое снаряжение рассчитано на надёжную полевую службу. Сбруя или уходовый комплект рассчитаны на походное животное.,53100,Упряжь для вьючного мула — спокойного скакуна,Животное быстрее привыкает к владельцу и шуму обычной дороги. Работа опытного мастера оказалась эталонной даже среди дорогих аналогов. Знаток заплатит за такую редкость намного больше обычного.,265500,"animal,equipment,tier-11"
I0880,11,Медный сигнальный рожок,Простое приключенческое снаряжение рассчитано на надёжную полевую службу. Средство связи хорошо слышно или видно в полевых условиях.,43200,Медный сигнальный рожок — далёкого сигнала,Сигнал различают союзники владельца даже среди ветра и обычного шума. Работа опытного мастера оказалась эталонной даже среди дорогих аналогов. Скрытая деталь делает находку одновременно полезной и коллекционной.,259200,"signal,equipment,tier-11"
I0881,12,Бархатный берет университетского ректора,Качественная экипировка сочетает хорошие материалы и продуманную конструкцию. Форма и следы носки сразу выдают историю головного убора.,58500,Бархатный берет университетского ректора — из гардероба лунной княгини,"Материал оказался редким, а внутренняя метка связывает вещь с известным владельцем. Ценная находка связана с известным владельцем и особенно редкой серией. Редкая особенность раскрывается только при внимательном осмотре.",292500,"headwear,equipment,tier-12"
I0882,12,Сапоги из кожи морского дракона,"Качественная экипировка сочетает хорошие материалы и продуманную конструкцию. Подошва, застёжки и размер делают эту обувь вполне узнаваемой находкой.",111000,Сапоги из кожи морского дракона — с парной печатью королевского сапожника,Под неприметным верхом скрылись работа прославленного сапожника и дорогая подкладка. Ценная находка связана с известным владельцем и особенно редкой серией. Даже неприметный вид не способен скрыть выдающееся качество.,480000,"footwear,equipment,tier-12"
I0883,12,Плащ из тонкой камвольной шерсти,"Качественная экипировка сочетает хорошие материалы и продуманную конструкцию. Ткань сохранила запах дороги, мастерской или прежнего хозяина.",81000,Плащ из тонкой камвольной шерсти — из дорожного сундука архимага,"Швы выполнены драгоценной нитью, а покрой имеет коллекционное происхождение. Ценная находка связана с известным владельцем и особенно редкой серией. Вещь сохранилась вопреки возрасту и явно переживёт нового хозяина.",480000,"clothes,equipment,tier-12"
I0884,12,Столовый набор из чернёного серебра,Качественная экипировка сочетает хорошие материалы и продуманную конструкцию. На поверхности остались царапины от долгого и не всегда бережного использования.,66000,Столовый набор из чернёного серебра — с клеймом коронационного мастера,"Клеймо мастера подтверждает редкий сплав и важную историю этой утвари. Ценная находка связана с известным владельцем и особенно редкой серией. История владельца повышает цену не меньше, чем материалы.",330000,"utensil,equipment,tier-12"
I0885,12,Серебряная жаровня с эмалевыми ручками,Качественная экипировка сочетает хорошие материалы и продуманную конструкцию. Копоть и вмятины рассказывают о множестве походных ужинов.,41250,Серебряная жаровня с эмалевыми ручками — из кухни исчезнувшей династии,Под слоем нагара обнаружилась безупречная работа знаменитой дворцовой кухни. Ценная находка связана с известным владельцем и особенно редкой серией. Работа мастера узнаваема и имеет подтверждённую ценность.,247500,"cookware,equipment,tier-12"
I0886,12,Ларец восточных засахаренных лепестков,"Качественная экипировка сочетает хорошие материалы и продуманную конструкцию. Запах, корочка и упаковка позволяют оценить свежесть без рискованной дегустации.",88500,Ларец восточных засахаренных лепестков — по рецепту небесного кондитера,Редкий рецепт и идеально сохранившиеся ингредиенты превращают еду в дорогой деликатес. Ценная находка связана с известным владельцем и особенно редкой серией. Неожиданное свойство делает эту версию особенно желанной.,480000,"food,equipment,tier-12"
I0887,12,Амфора выдержанного вина с печатью поместья,"Качественная экипировка сочетает хорошие материалы и продуманную конструкцию. Содержимое тихо плещется и пахнет ровно так, как обещает его вид.",72000,Амфора выдержанного вина с печатью поместья — из последней бочки императорского погреба,Печать на сосуде указывает на исключительную выдержку и знаменитую партию. Ценная находка связана с известным владельцем и особенно редкой серией. На рынке редкостей за неё наверняка начнётся спор.,360000,"drink,equipment,tier-12"
I0888,12,Резной шахматный набор из двух пород кости,"Качественная экипировка сочетает хорошие материалы и продуманную конструкцию. На кости заметны насечки, следы зубов или попытка придать ей смысл.",51000,Резной шахматный набор из двух пород кости — с летописью древнего чудовища,"Знаки оказались исторической записью, а сама кость принадлежала необычному существу. Ценная находка связана с известным владельцем и особенно редкой серией. Подлинная метка превращает случайную находку в событие.",306000,"bones,equipment,tier-12"
I0889,12,Набор молотков мастера-гравёра,"Качественная экипировка сочетает хорошие материалы и продуманную конструкцию. Баланс рукояти показывает, годится ли находка для настоящей работы.",99000,Набор молотков мастера-гравёра — работы кузнеца Семи Башен,"Скрытое клеймо подтверждает происхождение из мастерской великого кузнеца. Ценная находка связана с известным владельцем и особенно редкой серией. Состояние почти идеальное, а происхождение подтверждено.",480000,"hammer,equipment,tier-12"
I0890,12,Шкатулка золотых вышивальных игл,Качественная экипировка сочетает хорошие материалы и продуманную конструкцию. Тонкий инструмент пережил владельца и сохранил следы его ремесла.,75000,Шкатулка золотых вышивальных игл — из набора швеи при дворе фей,Игла сделана из необычного металла и выполняет тонкую работу почти без усилий. Ценная находка связана с известным владельцем и особенно редкой серией. Знаток заплатит за такую редкость намного больше обычного.,375000,"needle,equipment,tier-12"
I0891,12,Катушка тончайшего паучьего шёлка,"Качественная экипировка сочетает хорошие материалы и продуманную конструкцию. Волокна, узлы и влажность честно показывают остаток прочности.",58500,Катушка тончайшего паучьего шёлка — сплетённая хранителями маяка,"Плетение не боится огня и воды, хотя с виду верёвка остаётся совершенно обычной. Ценная находка связана с известным владельцем и особенно редкой серией. Скрытая деталь делает находку одновременно полезной и коллекционной.",351000,"rope,equipment,tier-12"
I0892,12,Кедровый ларец с серебряными накладками,Качественная экипировка сочетает хорошие материалы и продуманную конструкцию. Внутри сохранился запах прежнего содержимого и немного дорожной пыли.,111000,Кедровый ларец с серебряными накладками — с тайным отделением королевского курьера,Потайной шов открыл ценную работу и надёжное внутреннее отделение. Ценная находка связана с известным владельцем и особенно редкой серией. Редкая особенность раскрывается только при внимательном осмотре.,480000,"container,equipment,tier-12"
I0893,12,Письменный прибор из малахита,Качественная экипировка сочетает хорошие материалы и продуманную конструкцию. Пятна чернил и состояние наконечника говорят о последнем писавшем.,81000,Письменный прибор из малахита — принадлежавшее великому летописцу,"Инструмент узнаёт руку владельца и оставляет особенно стойкие, красивые линии. Ценная находка связана с известным владельцем и особенно редкой серией. Даже неприметный вид не способен скрыть выдающееся качество.",405000,"writing,equipment,tier-12"
I0894,12,Редкий трактат о подземной архитектуре,"Качественная экипировка сочетает хорошие материалы и продуманную конструкцию. Переплёт, поля и закладки выдают, насколько часто текстом пользовались.",66000,Редкий трактат о подземной архитектуре — с авторскими пометами первого издания,"Между страницами обнаружены авторские пометы, резко повышающие ценность тома. Ценная находка связана с известным владельцем и особенно редкой серией. Вещь сохранилась вопреки возрасту и явно переживёт нового хозяина.",396000,"book,equipment,tier-12"
I0895,12,Хартия на право торговли в столице,"Качественная экипировка сочетает хорошие материалы и продуманную конструкцию. Печати и подписи можно изучить, хотя назначение бумаги не всегда радует.",41250,Хартия на право торговли в столице — скреплённое печатью забытого престола,"Подлинность подтверждена редкой печатью, а содержание имеет историческую цену. Ценная находка связана с известным владельцем и особенно редкой серией. История владельца повышает цену не меньше, чем материалы.",288750,"document,equipment,tier-12"
I0896,12,Кошель с коллекцией снятых с чеканки монет,Качественная экипировка сочетает хорошие материалы и продуманную конструкцию. Находка связана с мелкой торговлей и хранит следы множества рук.,88500,Кошель с коллекцией снятых с чеканки монет — из закрытой коллекции монетного двора,Незаметная отметка превращает торговую мелочь в редкий нумизматический объект. Ценная находка связана с известным владельцем и особенно редкой серией. Работа мастера узнаваема и имеет подтверждённую ценность.,442500,"trade,equipment,tier-12"
I0897,12,Ожерелье с россыпью речного жемчуга,Качественная экипировка сочетает хорошие материалы и продуманную конструкцию. Даже при беглом осмотре видны качество оправы и состояние металла.,72000,Ожерелье с россыпью речного жемчуга — из сокровищницы звёздного ювелира,Камни и металл подтвердили происхождение из известной ювелирной школы. Ценная находка связана с известным владельцем и особенно редкой серией. Неожиданное свойство делает эту версию особенно желанной.,432000,"jewelry,equipment,tier-12"
I0898,12,Музыкальная шкатулка с восемью мелодиями,Качественная экипировка сочетает хорошие материалы и продуманную конструкцию. Игрушка пережила шумные игры и несколько неумелых починок.,51000,Музыкальная шкатулка с восемью мелодиями — первой серии великого игрушечника,"Это ранняя работа знаменитого мастера, сохранившая редкий механизм. Ценная находка связана с известным владельцем и особенно редкой серией. На рынке редкостей за неё наверняка начнётся спор.",357000,"toy,equipment,tier-12"
I0899,12,Икона в серебряном окладе,"Качественная экипировка сочетает хорошие материалы и продуманную конструкцию. Символы нанесены старательно, хотя их смысл понятен не каждому жрецу.",99000,Икона в серебряном окладе — признанная храмовой реликвией,Реликвия признана храмом и несёт след подлинного благословения. Ценная находка связана с известным владельцем и особенно редкой серией. Подлинная метка превращает случайную находку в событие.,480000,"religion,equipment,tier-12"
I0900,12,Скрипка старой городской школы,"Качественная экипировка сочетает хорошие материалы и продуманную конструкцию. Звук зависит от состояния дерева, металла и терпения исполнителя.",75000,Скрипка старой городской школы — из личного оркестра серебряного дракона,"Редкий тембр и подпись мастера делают инструмент желанным для коллекционера. Ценная находка связана с известным владельцем и особенно редкой серией. Состояние почти идеальное, а происхождение подтверждено.",450000,"music,equipment,tier-12"
I0901,12,Охотничье ружьё-громовик без магии,"Качественная экипировка сочетает хорошие материалы и продуманную конструкцию. Потёртости показывают, на какую добычу и как часто с вещью ходили.",58500,Охотничье ружьё-громовик без магии — из арсенала королевского ловчего,Точная подгонка и необычный материал заметно улучшают охотничьи свойства. Ценная находка связана с известным владельцем и особенно редкой серией. Знаток заплатит за такую редкость намного больше обычного.,409500,"hunting,equipment,tier-12"
I0902,12,Набор серебряных морских блёсен,"Качественная экипировка сочетает хорошие материалы и продуманную конструкцию. Соль, леска и чешуя оставили на снасти честную биографию.",111000,Набор серебряных морских блёсен — снасть легендарного речного следопыта,Снасть принадлежала знаменитому ловцу и безошибочно чувствует крупную добычу. Ценная находка связана с известным владельцем и особенно редкой серией. Скрытая деталь делает находку одновременно полезной и коллекционной.,480000,"fishing,equipment,tier-12"
I0903,12,Корабельный барометр тонкой работы,Качественная экипировка сочетает хорошие материалы и продуманную конструкцию. Запах смолы и соли выдаёт долгую службу рядом с водой.,81000,Корабельный барометр тонкой работы — с флагмана пропавшей экспедиции,Корабельная метка связывает находку с легендарным плаванием. Ценная находка связана с известным владельцем и особенно редкой серией. Редкая особенность раскрывается только при внимательном осмотре.,480000,"nautical,equipment,tier-12"
I0904,12,Комплект инструментов дворцового садовника,Качественная экипировка сочетает хорошие материалы и продуманную конструкцию. Земля в щелях и затёртая рукоять говорят о привычной работе.,66000,Комплект инструментов дворцового садовника — награда победителю Праздника Урожая,Инструмент идеально сбалансирован и когда-то был наградой лучшему земледельцу. Ценная находка связана с известным владельцем и особенно редкой серией. Даже неприметный вид не способен скрыть выдающееся качество.,462000,"farming,equipment,tier-12"
I0905,12,Старательский лоток с золотыми крупицами,Качественная экипировка сочетает хорошие материалы и продуманную конструкцию. Каменная пыль забилась в каждую выемку этой шахтёрской вещи.,41250,Старательский лоток с золотыми крупицами — настроенное на жилу звёздного серебра,Находка откликается на ценные жилы едва заметным теплом. Ценная находка связана с известным владельцем и особенно редкой серией. Вещь сохранилась вопреки возрасту и явно переживёт нового хозяина.,206250,"mining,equipment,tier-12"
I0906,12,Резчицкий набор с рукоятями из палисандра,Качественная экипировка сочетает хорошие материалы и продуманную конструкцию. Смола и тонкая стружка сохранились возле рабочих кромок.,88500,Резчицкий набор с рукоятями из палисандра — из мастерской говорящего дерева,"Работа принадлежит именитому резчику и удивительно бережно обращается с деревом. Ценная находка связана с известным владельцем и особенно редкой серией. История владельца повышает цену не меньше, чем материалы.",480000,"woodcraft,equipment,tier-12"
I0907,12,Кузнечный молот с метеоритной вставкой,Качественная экипировка сочетает хорошие материалы и продуманную конструкцию. Окалина и следы жара не оставляют сомнений в кузнечном прошлом.,72000,Кузнечный молот с метеоритной вставкой — закалённое в огне Великой Кузни,Сплав и закалка соответствуют утраченной технике большой мастерской. Ценная находка связана с известным владельцем и особенно редкой серией. Работа мастера узнаваема и имеет подтверждённую ценность.,480000,"smithing,equipment,tier-12"
I0908,12,Набор разведчика для бесследного проникновения,"Качественная экипировка сочетает хорошие материалы и продуманную конструкцию. Размер и гибкость намекают на задачи, о которых не пишут в накладных.",51000,Набор разведчика для бесследного проникновения — из комплекта королевской разведки,Набор создан для королевского разведчика и почти не оставляет следов применения. Ценная находка связана с известным владельцем и особенно редкой серией. Неожиданное свойство делает эту версию особенно желанной.,255000,"thieves,equipment,tier-12"
I0909,12,Ящик редких алхимических солей,"Качественная экипировка сочетает хорошие материалы и продуманную конструкцию. Осадок и цвет позволяют строить догадки, но не советуют пробовать содержимое.",99000,Ящик редких алхимических солей — из лаборатории первого трансмутатора,Состав сохранил чистоту и относится к редкой работе признанного алхимика. Ценная находка связана с известным владельцем и особенно редкой серией. На рынке редкостей за неё наверняка начнётся спор.,480000,"alchemy,equipment,tier-12"
I0910,12,Серебряный комплект зубного лекаря,Качественная экипировка сочетает хорошие материалы и продуманную конструкцию. Запах трав и аккуратность упаковки показывают уровень прежнего лекаря.,75000,Серебряный комплект зубного лекаря — из сумки святого полевого лекаря,Внутри обнаружены дорогие средства полевого хирурга и безупречные инструменты. Ценная находка связана с известным владельцем и особенно редкой серией. Подлинная метка превращает случайную находку в событие.,480000,"medicine,equipment,tier-12"
I0911,12,Шатёр богатого купеческого дома,Качественная экипировка сочетает хорошие материалы и продуманную конструкцию. Пыль дорог и следы дождя видны сильнее любой торговой марки.,58500,Шатёр богатого купеческого дома — из снаряжения похода за край карты,"Снаряжение необычно лёгкое, прочное и рассчитано на самые тяжёлые переходы. Ценная находка связана с известным владельцем и особенно редкой серией. Состояние почти идеальное, а происхождение подтверждено.",292500,"camping,equipment,tier-12"
I0912,12,Алебастровая лампа на благовонном масле,"Качественная экипировка сочетает хорошие материалы и продуманную конструкцию. Копоть вокруг огня рассказывает, насколько ровно он когда-то горел.",111000,Алебастровая лампа на благовонном масле — с негасимым огнём хранителей рассвета,Источник света расходует топливо почти незаметно и не гаснет от обычного ветра. Ценная находка связана с известным владельцем и особенно редкой серией. Знаток заплатит за такую редкость намного больше обычного.,480000,"light,equipment,tier-12"
I0913,12,Позолоченная астролябия,"Качественная экипировка сочетает хорошие материалы и продуманную конструкцию. Стрелки, шкалы и потёртый корпус ещё могут подсказать направление.",81000,Позолоченная астролябия — из обсерватории забытого мореплавателя,Прибор изготовлен для дальней экспедиции и замечает даже магические искажения пути. Ценная находка связана с известным владельцем и особенно редкой серией. Скрытая деталь делает находку одновременно полезной и коллекционной.,480000,"navigation,equipment,tier-12"
I0914,12,Лёгкий панцирь из воронёной стали,"Качественная экипировка сочетает хорошие материалы и продуманную конструкцию. Вмятины и ремни показывают, какую защиту предмет способен дать сейчас.",66000,Лёгкий панцирь из воронёной стали — из личной оружейной палаты героя,Под поздними заплатами обнаружена работа оружейника исторического значения. Ценная находка связана с известным владельцем и особенно редкой серией. Редкая особенность раскрывается только при внимательном осмотре.,330000,"armor,equipment,tier-12"
I0915,12,Щит с гербом старого рыцарского рода,"Качественная экипировка сочетает хорошие материалы и продуманную конструкцию. Кромка и крепления хранят следы ударов, которые принял прежний владелец.",41250,Щит с гербом старого рыцарского рода — с гербом спасённого королевства,Геральдика и редкий сердечник превращают защиту в ценную реликвию. Ценная находка связана с известным владельцем и особенно редкой серией. Даже неприметный вид не способен скрыть выдающееся качество.,247500,"shield,equipment,tier-12"
I0916,12,Парный кинжал благородного дуэлянта,"Качественная экипировка сочетает хорошие материалы и продуманную конструкцию. Короткий клинок удобно осмотреть по заточке, гарде и следам ржавчины.",88500,Парный кинжал благородного дуэлянта — из тайного набора придворного дуэлянта,Сталь скрывает безупречную закалку и происхождение из личного арсенала мастера. Ценная находка связана с известным владельцем и особенно редкой серией. Вещь сохранилась вопреки возрасту и явно переживёт нового хозяина.,480000,"dagger,equipment,tier-12"
I0917,12,Кавалерийская сабля с серебряной гардой,"Качественная экипировка сочетает хорошие материалы и продуманную конструкцию. Длинный клинок оценивается по балансу, прямизне и состоянию ножен.",72000,Кавалерийская сабля с серебряной гардой — с подписью мастера легендарных клинков,"После очистки открылись подпись оружейника и выдающийся узор закалки. Ценная находка связана с известным владельцем и особенно редкой серией. История владельца повышает цену не меньше, чем материалы.",360000,"sword,equipment,tier-12"
I0918,12,Посеребрённая секира храмовой охраны,Качественная экипировка сочетает хорошие материалы и продуманную конструкцию. Рабочая кромка и посадка топорища показывают характер прежней службы.,51000,Посеребрённая секира храмовой охраны — выкованное для наследника подгорного трона,"Редкий металл держит заточку, а клеймо связывает топор с прославленным походом. Ценная находка связана с известным владельцем и особенно редкой серией. Работа мастера узнаваема и имеет подтверждённую ценность.",306000,"axe,equipment,tier-12"
I0919,12,Составной лук из рога и тиса,"Качественная экипировка сочетает хорошие материалы и продуманную конструкцию. Плечи, тетива и изгиб сохраняют память о множестве выстрелов.",99000,Составной лук из рога и тиса — из тисовой рощи первого лучника,Точная работа даёт исключительную плавность и принадлежит знаменитому стрелку. Ценная находка связана с известным владельцем и особенно редкой серией. Неожиданное свойство делает эту версию особенно желанной.,480000,"bow,equipment,tier-12"
I0920,12,Колчан стрел с серебряными наконечниками,Качественная экипировка сочетает хорошие материалы и продуманную конструкцию. Оперение и наконечник подсказывают назначение боеприпаса.,75000,Колчан стрел с серебряными наконечниками — с наконечником из упавшей звезды,Редкая балансировка и особый наконечник делают единственный выстрел чрезвычайно ценным. Ценная находка связана с известным владельцем и особенно редкой серией. На рынке редкостей за неё наверняка начнётся спор.,375000,"projectile,equipment,tier-12"
I0921,12,Посох учёного с янтарным навершием,Качественная экипировка сочетает хорошие материалы и продуманную конструкцию. Следы ладоней и дорожные зарубки покрывают посох почти целиком.,58500,Посох учёного с янтарным навершием — выросшее из ветви мирового древа,Внутри древесины обнаружена тонкая сердцевина с полезным необычным свойством. Ценная находка связана с известным владельцем и особенно редкой серией. Подлинная метка превращает случайную находку в событие.,351000,"staff,equipment,tier-12"
I0922,12,Украшенное седло знатного курьера,Качественная экипировка сочетает хорошие материалы и продуманную конструкцию. Ремни и пряжки подогнаны под конкретного зверя и долгую дорогу.,111000,Украшенное седло знатного курьера — из церемониальной упряжи единорога,"Материалы достойны королевской конюшни и необычно удобны для животного. Ценная находка связана с известным владельцем и особенно редкой серией. Состояние почти идеальное, а происхождение подтверждено.",480000,"animal,equipment,tier-12"
I0923,12,"Кольцо, удерживающее чернила от высыхания",Качественная экипировка сочетает хорошие материалы и продуманную конструкцию. Едва заметная странность отличает вещицу от совершенно обычного хлама.,81000,"Кольцо, удерживающее чернила от высыхания — с устойчивым малым чудом внутри","Малое чудо оказалось стабильным, полезным и работой известного чародея. Ценная находка связана с известным владельцем и особенно редкой серией. Знаток заплатит за такую редкость намного больше обычного.",405000,"magic,equipment,tier-12"
I0924,12,Гоблинская шкатулка с хитрым тройным дном,Качественная экипировка сочетает хорошие материалы и продуманную конструкцию. Гоблинская практичность смешана здесь с самоуверенным украшательством.,66000,Гоблинская шкатулка с хитрым тройным дном — из трофейной кладовой великого вождя,Вещь принадлежала знаменитому гоблинскому вождю и содержит хитрый секрет. Ценная находка связана с известным владельцем и особенно редкой серией. Скрытая деталь делает находку одновременно полезной и коллекционной.,396000,"goblin,equipment,tier-12"
I0925,12,Дварфский уровень с хрустальной ампулой,"Качественная экипировка сочетает хорошие материалы и продуманную конструкцию. Дворфская манера видна по тяжести, рунам и упрямой прочности.",41250,Дварфский уровень с хрустальной ампулой — с рунами прародителя клана,"Руны называют древний клан, а качество достойно наследственной сокровищницы. Ценная находка связана с известным владельцем и особенно редкой серией. Редкая особенность раскрывается только при внимательном осмотре.",288750,"dwarf,equipment,tier-12"
I0926,12,Эльфийская диадема из живых ветвей,Качественная экипировка сочетает хорошие материалы и продуманную конструкцию. Эльфийская работа узнаётся по лёгким линиям и вниманию к мелочам.,88500,Эльфийская диадема из живых ветвей — с подписью мастера Лунного Двора,Подлинная подпись мастера и редкий материал делают изделие музейным. Ценная находка связана с известным владельцем и особенно редкой серией. Даже неприметный вид не способен скрыть выдающееся качество.,442500,"elf,equipment,tier-12"
I0927,12,Парадный пояс королевского герольда,"Качественная экипировка сочетает хорошие материалы и продуманную конструкцию. Человеческая вещь хранит понятные следы службы, ремонта и дороги.",72000,Парадный пояс королевского герольда — из багажа основателя столицы,"Монограмма связывает её с важным историческим лицом, а состояние удивительно хорошо. Ценная находка связана с известным владельцем и особенно редкой серией. Вещь сохранилась вопреки возрасту и явно переживёт нового хозяина.",432000,"human,equipment,tier-12"
I0928,12,Несессер посла в защищённом футляре,Качественная экипировка сочетает хорошие материалы и продуманную конструкцию. Каждая царапина отмечает новый участок долгого маршрута.,51000,Несессер посла в защищённом футляре — из комплекта Последней Экспедиции,"Эта версия создавалась для великой экспедиции и продумана до последней застёжки. Ценная находка связана с известным владельцем и особенно редкой серией. История владельца повышает цену не меньше, чем материалы.",357000,"travel,equipment,tier-12"
I0929,12,Набор образцов редких благовоний,"Качественная экипировка сочетает хорошие материалы и продуманную конструкцию. Бирки и упаковка выдают товар, который когда-то ждал покупателя.",99000,Набор образцов редких благовоний — из опечатанного товара Гильдии Чудес,Происхождение и редкость позволяют продать находку серьёзному коллекционеру. Ценная находка связана с известным владельцем и особенно редкой серией. Работа мастера узнаваема и имеет подтверждённую ценность.,480000,"merchant,equipment,tier-12"
I0930,12,Ручной пресс знаменитого переплётчика,"Качественная экипировка сочетает хорошие материалы и продуманную конструкцию. Следы краски, глины или клея точно называют ремесло владельца.",75000,Ручной пресс знаменитого переплётчика — из наследия великого ремесленника,Инструмент принадлежал признанному мастеру и сам по себе считается произведением искусства. Ценная находка связана с известным владельцем и особенно редкой серией. Неожиданное свойство делает эту версию особенно желанной.,450000,"artisan,equipment,tier-12"
I0931,12,Хрустальный графин с золотой сеткой,Качественная экипировка сочетает хорошие материалы и продуманную конструкцию. Бытовая вещь честно показывает привычки и достаток прежнего дома.,58500,Хрустальный графин с золотой сеткой — из сервиза посольского дворца,Незаметная деталь выдаёт заказ для дворца и исключительное качество изготовления. Ценная находка связана с известным владельцем и особенно редкой серией. На рынке редкостей за неё наверняка начнётся спор.,409500,"household,equipment,tier-12"
I0932,12,Банковский ключ частной ячейки,"Качественная экипировка сочетает хорошие материалы и продуманную конструкцию. Форма бородки обещает замок, который, возможно, ещё существует.",111000,Банковский ключ частной ячейки — открывающее хранилище Тайного Совета,Знак на стержне указывает на особо важную дверь и дорогой секрет за ней. Ценная находка связана с известным владельцем и особенно редкой серией. Подлинная метка превращает случайную находку в событие.,480000,"key,equipment,tier-12"
I0933,12,Атлас морских течений с пометками капитана,"Качественная экипировка сочетает хорошие материалы и продуманную конструкцию. Линии маршрута, пятна и исправления оставлены разными путешественниками.",81000,Атлас морских течений с пометками капитана — с дорогой к сокровищнице на полях,"Скрытый слой показывает неизвестный путь к месту большой ценности. Ценная находка связана с известным владельцем и особенно редкой серией. Состояние почти идеальное, а происхождение подтверждено.",480000,"map,equipment,tier-12"
I0934,12,Синий берилл чистой воды,"Качественная экипировка сочетает хорошие материалы и продуманную конструкцию. Свет на гранях помогает отличить камень, стекло и удачную подделку.",66000,Синий берилл чистой воды — огранённое слепым мастером провидцев,"После очистки проявились редкая чистота, огранка и подтверждённое происхождение. Ценная находка связана с известным владельцем и особенно редкой серией. Знаток заплатит за такую редкость намного больше обычного.",462000,"gem,equipment,tier-12"
I0935,12,"Серебряная птица, повторяющая короткие фразы","Качественная экипировка сочетает хорошие материалы и продуманную конструкцию. Назначение странности неочевидно, но детали явно сложились не случайно.",41250,"Серебряная птица, повторяющая короткие фразы — из кабинета придворного исследователя","Специалист распознает в ней редкость, смысл которой намного дороже внешнего вида. Ценная находка связана с известным владельцем и особенно редкой серией. Скрытая деталь делает находку одновременно полезной и коллекционной.",206250,"oddity,equipment,tier-12"
I0936,12,Сабля профессионального телохранителя,Качественная экипировка сочетает хорошие материалы и продуманную конструкцию. Оружие сбалансировано для надёжной службы без громкого имени.,88500,Сабля профессионального телохранителя — с удерживающей заточку кромкой,Лезвие не ржавеет и заметно дольше сохраняет рабочую заточку. Ценная находка связана с известным владельцем и особенно редкой серией. Редкая особенность раскрывается только при внимательном осмотре.,480000,"weapon,equipment,tier-12"
I0937,12,Охотничий арбалет точной сборки,Качественная экипировка сочетает хорошие материалы и продуманную конструкцию. Дистанционное оружие собрано ровно и предсказуемо.,72000,Охотничий арбалет точной сборки — спокойного прицела,Небольшое зачарование гасит дрожь рук перед выстрелом по видимой цели. Ценная находка связана с известным владельцем и особенно редкой серией. Даже неприметный вид не способен скрыть выдающееся качество.,480000,"ranged,equipment,tier-12"
I0938,12,Кольчужная рубаха облегчённого плетения,Качественная экипировка сочетает хорошие материалы и продуманную конструкцию. Защита подогнана для долгого ношения в дороге.,51000,Кольчужная рубаха облегчённого плетения — облегчённой посадки,"Вес ощущается меньше во время обычного перехода, но защита не усиливается сверх меры. Ценная находка связана с известным владельцем и особенно редкой серией. Вещь сохранилась вопреки возрасту и явно переживёт нового хозяина.",255000,"armor,equipment,tier-12"
I0939,12,Каплевидный щит с усиленной кромкой,Качественная экипировка сочетает хорошие материалы и продуманную конструкцию. Крепления и кромка рассчитаны на настоящую полевую службу.,99000,Каплевидный щит с усиленной кромкой — верного заслона,"Щит сам доворачивается на ладонь против одного неожиданного слабого удара в день. Ценная находка связана с известным владельцем и особенно редкой серией. История владельца повышает цену не меньше, чем материалы.",480000,"shield,equipment,tier-12"
I0940,12,Экспедиционный рюкзак на жёсткой раме,Качественная экипировка сочетает хорошие материалы и продуманную конструкцию. Сумка распределяет груз и оставляет важное под рукой.,75000,Экспедиционный рюкзак на жёсткой раме — разумной укладки,Внутренние ремни сами удерживают вещи в выбранном порядке. Ценная находка связана с известным владельцем и особенно редкой серией. Работа мастера узнаваема и имеет подтверждённую ценность.,480000,"pack,equipment,tier-12"
I0941,12,Альпинистский набор с коваными крючьями,Качественная экипировка сочетает хорошие материалы и продуманную конструкцию. Комплект выдерживает вес с разумным запасом прочности.,58500,Альпинистский набор с коваными крючьями — цепкого подъёма,Крюки чуть увереннее держатся за естественные трещины камня. Ценная находка связана с известным владельцем и особенно редкой серией. Неожиданное свойство делает эту версию особенно желанной.,292500,"climbing,equipment,tier-12"
I0942,12,Шёлково-пеньковый канат двойного плетения,"Качественная экипировка сочетает хорошие материалы и продуманную конструкцию. Верёвка подходит для переправ, страховки и лагерных работ.",111000,Шёлково-пеньковый канат двойного плетения — послушного узла,По команде она затягивает или отпускает заранее завязанный узел. Ценная находка связана с известным владельцем и особенно редкой серией. На рынке редкостей за неё наверняка начнётся спор.,480000,"rope,equipment,tier-12"
I0943,12,Штурмовой фонарь с двойной линзой,Качественная экипировка сочетает хорошие материалы и продуманную конструкцию. Фонарь защищён от дождя и случайных ударов.,81000,Штурмовой фонарь с двойной линзой — ровного света,"Пламя не коптит, а масла хватает примерно вдвое дольше. Ценная находка связана с известным владельцем и особенно редкой серией. Подлинная метка превращает случайную находку в событие.",480000,"light,equipment,tier-12"
I0944,12,Штурманский компас в карданном подвесе,Качественная экипировка сочетает хорошие материалы и продуманную конструкцию. Прибор откалиброван и защищён прочным корпусом.,66000,Штурманский компас в карданном подвесе — верного курса,"Стрелка замечает сильные магические помехи и начинает мерцать. Ценная находка связана с известным владельцем и особенно редкой серией. Состояние почти идеальное, а происхождение подтверждено.",330000,"navigation,equipment,tier-12"
I0945,12,Чемодан городского хирурга,Качественная экипировка сочетает хорошие материалы и продуманную конструкцию. Набор содержит чистые инструменты и понятный запас перевязки.,41250,Чемодан городского хирурга — бережного лекаря,Инструменты сами очищаются после обычной обработки кипятком. Ценная находка связана с известным владельцем и особенно редкой серией. Знаток заплатит за такую редкость намного больше обычного.,247500,"medicine,equipment,tier-12"
I0946,12,Переносная алхимическая лаборатория,Качественная экипировка сочетает хорошие материалы и продуманную конструкцию. Реактивы разложены по защищённым подписанным ёмкостям.,88500,Переносная алхимическая лаборатория — чистой реакции,Посуда меняет оттенок при опасном загрязнении смеси. Ценная находка связана с известным владельцем и особенно редкой серией. Скрытая деталь делает находку одновременно полезной и коллекционной.,480000,"alchemy,equipment,tier-12"
I0947,12,Набор инструментов мастера замков,"Качественная экипировка сочетает хорошие материалы и продуманную конструкцию. Тонкие инструменты рассчитаны на сложные, но обычные механизмы.",72000,Набор инструментов мастера замков — тихого механизма,Металл приглушает собственный звон и подчёркивает неверно выбранный щуп. Ценная находка связана с известным владельцем и особенно редкой серией. Редкая особенность раскрывается только при внимательном осмотре.,360000,"thieves,equipment,tier-12"
I0948,12,Снаряжение охотника на крупную дичь,Качественная экипировка сочетает хорошие материалы и продуманную конструкцию. Снаряжение подходит для следопыта и промысловика.,51000,Снаряжение охотника на крупную дичь — ясного следа,На короткое время делает свежие следы заметнее владельцу. Ценная находка связана с известным владельцем и особенно редкой серией. Даже неприметный вид не способен скрыть выдающееся качество.,306000,"hunting,equipment,tier-12"
I0949,12,Морская удочка с латунной катушкой,Качественная экипировка сочетает хорошие материалы и продуманную конструкцию. Снасть выдержит крупную речную или морскую добычу.,99000,Морская удочка с латунной катушкой — чувствующей лески,Владелец безошибочно отличает поклёвку от течения и коряг. Ценная находка связана с известным владельцем и особенно редкой серией. Вещь сохранилась вопреки возрасту и явно переживёт нового хозяина.,480000,"fishing,equipment,tier-12"
I0950,12,Всепогодный спальный комплект,Качественная экипировка сочетает хорошие материалы и продуманную конструкцию. Комплект собран для непогоды и трудной местности.,75000,Всепогодный спальный комплект — надёжного привала,"Вещь помогает сохранить небольшой участок лагеря сухим и тёплым. Ценная находка связана с известным владельцем и особенно редкой серией. История владельца повышает цену не меньше, чем материалы.",375000,"survival,equipment,tier-12"
I0951,12,Прошитые сапоги горного проводника,Качественная экипировка сочетает хорошие материалы и продуманную конструкцию. Подошва и швы рассчитаны на многие лиги пути.,58500,Прошитые сапоги горного проводника — уверенного шага,"Обувь лучше держится на обычном льду, грязи и мокром камне. Ценная находка связана с известным владельцем и особенно редкой серией. Работа мастера узнаваема и имеет подтверждённую ценность.",351000,"footwear,equipment,tier-12"
I0952,12,Перчатки с кольчужными вставками,"Качественная экипировка сочетает хорошие материалы и продуманную конструкцию. Перчатки защищают ладони, не мешая точной работе.",111000,Перчатки с кольчужными вставками — твёрдой хватки,Рукояти инструментов реже выскальзывают из рук владельца. Ценная находка связана с известным владельцем и особенно редкой серией. Неожиданное свойство делает эту версию особенно желанной.,480000,"gloves,equipment,tier-12"
I0953,12,Промасленный плащ для дальних переходов,Качественная экипировка сочетает хорошие материалы и продуманную конструкцию. Плотная ткань закрывает от ветра и дорожной пыли.,81000,Промасленный плащ для дальних переходов — тихой непогоды,"Дождь скатывается с плаща, а ткань не хлопает на ветру. Ценная находка связана с известным владельцем и особенно редкой серией. На рынке редкостей за неё наверняка начнётся спор.",405000,"cloak,equipment,tier-12"
I0954,12,Разгрузочный пояс пограничника,Качественная экипировка сочетает хорошие материалы и продуманную конструкцию. Пояс несёт подсумки и распределяет их вес.,66000,Разгрузочный пояс пограничника — готового снаряжения,Нужный закреплённый предмет слегка подаётся к руке владельца. Ценная находка связана с известным владельцем и особенно редкой серией. Подлинная метка превращает случайную находку в событие.,396000,"belt,equipment,tier-12"
I0955,12,Колчан с отдельными ячейками для стрел,Качественная экипировка сочетает хорошие материалы и продуманную конструкцию. Боеприпасы защищены от сырости и выпадения.,41250,Колчан с отдельными ячейками для стрел — бережного стрелка,"Оперение внутри не мнётся, а наконечники не звенят друг о друга. Ценная находка связана с известным владельцем и особенно редкой серией. Состояние почти идеальное, а происхождение подтверждено.",288750,"quiver,equipment,tier-12"
I0956,12,Ремонтный набор караванного мастера,Качественная экипировка сочетает хорошие материалы и продуманную конструкцию. Инструменты позволяют чинить снаряжение в полевых условиях.,88500,Ремонтный набор караванного мастера — быстрой починки,Один мелкий ремонт в день получается особенно аккуратным и прочным. Ценная находка связана с известным владельцем и особенно редкой серией. Знаток заплатит за такую редкость намного больше обычного.,442500,"repair,equipment,tier-12"
I0957,12,Походная наковальня с набором бойков,Качественная экипировка сочетает хорошие материалы и продуманную конструкцию. Набор годится для обслуживания оружия и металлической оснастки.,72000,Походная наковальня с набором бойков — ровной закалки,Металл под инструментом нагревается равномернее и реже коробится. Ценная находка связана с известным владельцем и особенно редкой серией. Скрытая деталь делает находку одновременно полезной и коллекционной.,432000,"smithing,equipment,tier-12"
I0958,12,Атлас безопасных горных перевалов,Качественная экипировка сочетает хорошие материалы и продуманную конструкцию. Карта содержит практические маршруты и ориентиры.,51000,Атлас безопасных горных перевалов — живых пометок,Сделанные владельцем отметки не смываются дождём и бледнеют после исполнения. Ценная находка связана с известным владельцем и особенно редкой серией. Редкая особенность раскрывается только при внимательном осмотре.,357000,"map,equipment,tier-12"
I0959,12,Седло дальнего перехода с попоной,Качественная экипировка сочетает хорошие материалы и продуманную конструкцию. Сбруя или уходовый комплект рассчитаны на походное животное.,99000,Седло дальнего перехода с попоной — спокойного скакуна,Животное быстрее привыкает к владельцу и шуму обычной дороги. Ценная находка связана с известным владельцем и особенно редкой серией. Даже неприметный вид не способен скрыть выдающееся качество.,480000,"animal,equipment,tier-12"
I0960,12,Сигнальный фонарь с цветными заслонками,Качественная экипировка сочетает хорошие материалы и продуманную конструкцию. Средство связи хорошо слышно или видно в полевых условиях.,75000,Сигнальный фонарь с цветными заслонками — далёкого сигнала,Сигнал различают союзники владельца даже среди ветра и обычного шума. Ценная находка связана с известным владельцем и особенно редкой серией. Вещь сохранилась вопреки возрасту и явно переживёт нового хозяина.,450000,"signal,equipment,tier-12"
I0961,13,Коронационный венец провинциального князя,Дорогое снаряжение создано опытным мастером и хорошо подготовлено к опасной дороге. Форма и следы носки сразу выдают историю головного убора.,96800,Коронационный венец провинциального князя — из гардероба лунной княгини,"Материал оказался редким, а внутренняя метка связывает вещь с известным владельцем. Редкое изделие несёт дополнительный секрет, резко повышающий интерес коллекционеров. История владельца повышает цену не меньше, чем материалы.",387200,"headwear,equipment,tier-13"
I0962,13,Сапоги из шкуры полярного хищника,"Дорогое снаряжение создано опытным мастером и хорошо подготовлено к опасной дороге. Подошва, застёжки и размер делают эту обувь вполне узнаваемой находкой.",60500,Сапоги из шкуры полярного хищника — с парной печатью королевского сапожника,"Под неприметным верхом скрылись работа прославленного сапожника и дорогая подкладка. Редкое изделие несёт дополнительный секрет, резко повышающий интерес коллекционеров. Работа мастера узнаваема и имеет подтверждённую ценность.",302500,"footwear,equipment,tier-13"
I0963,13,Мантия мастера закрытой гильдии,"Дорогое снаряжение создано опытным мастером и хорошо подготовлено к опасной дороге. Ткань сохранила запах дороги, мастерской или прежнего хозяина.",129800,Мантия мастера закрытой гильдии — из дорожного сундука архимага,"Швы выполнены драгоценной нитью, а покрой имеет коллекционное происхождение. Редкое изделие несёт дополнительный секрет, резко повышающий интерес коллекционеров. Неожиданное свойство делает эту версию особенно желанной.",600000,"clothes,equipment,tier-13"
I0964,13,Набор золотых приборов с гербами,Дорогое снаряжение создано опытным мастером и хорошо подготовлено к опасной дороге. На поверхности остались царапины от долгого и не всегда бережного использования.,105600,Набор золотых приборов с гербами — с клеймом коронационного мастера,"Клеймо мастера подтверждает редкий сплав и важную историю этой утвари. Редкое изделие несёт дополнительный секрет, резко повышающий интерес коллекционеров. На рынке редкостей за неё наверняка начнётся спор.",422400,"utensil,equipment,tier-13"
I0965,13,Жаровня из редкой синей бронзы,Дорогое снаряжение создано опытным мастером и хорошо подготовлено к опасной дороге. Копоть и вмятины рассказывают о множестве походных ужинов.,74800,Жаровня из редкой синей бронзы — из кухни исчезнувшей династии,"Под слоем нагара обнаружилась безупречная работа знаменитой дворцовой кухни. Редкое изделие несёт дополнительный секрет, резко повышающий интерес коллекционеров. Подлинная метка превращает случайную находку в событие.",374000,"cookware,equipment,tier-13"
I0966,13,Коробка сладостей из далёкого султаната,"Дорогое снаряжение создано опытным мастером и хорошо подготовлено к опасной дороге. Запах, корочка и упаковка позволяют оценить свежесть без рискованной дегустации.",145200,Коробка сладостей из далёкого султаната — по рецепту небесного кондитера,"Редкий рецепт и идеально сохранившиеся ингредиенты превращают еду в дорогой деликатес. Редкое изделие несёт дополнительный секрет, резко повышающий интерес коллекционеров. Состояние почти идеальное, а происхождение подтверждено.",600000,"food,equipment,tier-13"
I0967,13,Бутыль вина с погибшего виноградника,"Дорогое снаряжение создано опытным мастером и хорошо подготовлено к опасной дороге. Содержимое тихо плещется и пахнет ровно так, как обещает его вид.",110000,Бутыль вина с погибшего виноградника — из последней бочки императорского погреба,"Печать на сосуде указывает на исключительную выдержку и знаменитую партию. Редкое изделие несёт дополнительный секрет, резко повышающий интерес коллекционеров. Знаток заплатит за такую редкость намного больше обычного.",440000,"drink,equipment,tier-13"
I0968,13,Игровой набор из янтаря и обсидиана,"Дорогое снаряжение создано опытным мастером и хорошо подготовлено к опасной дороге. На кости заметны насечки, следы зубов или попытка придать ей смысл.",85800,Игровой набор из янтаря и обсидиана — с летописью древнего чудовища,"Знаки оказались исторической записью, а сама кость принадлежала необычному существу. Редкое изделие несёт дополнительный секрет, резко повышающий интерес коллекционеров. Скрытая деталь делает находку одновременно полезной и коллекционной.",429000,"bones,equipment,tier-13"
I0969,13,Молот часовщика с алмазной пятой,"Дорогое снаряжение создано опытным мастером и хорошо подготовлено к опасной дороге. Баланс рукояти показывает, годится ли находка для настоящей работы.",162800,Молот часовщика с алмазной пятой — работы кузнеца Семи Башен,"Скрытое клеймо подтверждает происхождение из мастерской великого кузнеца. Редкое изделие несёт дополнительный секрет, резко повышающий интерес коллекционеров. Редкая особенность раскрывается только при внимательном осмотре.",600000,"hammer,equipment,tier-13"
I0970,13,Иглы для вышивки серебром и золотом,Дорогое снаряжение создано опытным мастером и хорошо подготовлено к опасной дороге. Тонкий инструмент пережил владельца и сохранил следы его ремесла.,118800,Иглы для вышивки серебром и золотом — из набора швеи при дворе фей,"Игла сделана из необычного металла и выполняет тонкую работу почти без усилий. Редкое изделие несёт дополнительный секрет, резко повышающий интерес коллекционеров. Даже неприметный вид не способен скрыть выдающееся качество.",475200,"needle,equipment,tier-13"
I0971,13,Трос из волоса подземного шёлкопряда,"Дорогое снаряжение создано опытным мастером и хорошо подготовлено к опасной дороге. Волокна, узлы и влажность честно показывают остаток прочности.",96800,Трос из волоса подземного шёлкопряда — сплетённая хранителями маяка,"Плетение не боится огня и воды, хотя с виду верёвка остаётся совершенно обычной. Редкое изделие несёт дополнительный секрет, резко повышающий интерес коллекционеров. Вещь сохранилась вопреки возрасту и явно переживёт нового хозяина.",484000,"rope,equipment,tier-13"
I0972,13,Ларец с замком на семь поворотов,Дорогое снаряжение создано опытным мастером и хорошо подготовлено к опасной дороге. Внутри сохранился запах прежнего содержимого и немного дорожной пыли.,60500,Ларец с замком на семь поворотов — с тайным отделением королевского курьера,"Потайной шов открыл ценную работу и надёжное внутреннее отделение. Редкое изделие несёт дополнительный секрет, резко повышающий интерес коллекционеров. История владельца повышает цену не меньше, чем материалы.",363000,"container,equipment,tier-13"
I0973,13,Перо из хвоста королевского грифона,Дорогое снаряжение создано опытным мастером и хорошо подготовлено к опасной дороге. Пятна чернил и состояние наконечника говорят о последнем писавшем.,129800,Перо из хвоста королевского грифона — принадлежавшее великому летописцу,"Инструмент узнаёт руку владельца и оставляет особенно стойкие, красивые линии. Редкое изделие несёт дополнительный секрет, резко повышающий интерес коллекционеров. Работа мастера узнаваема и имеет подтверждённую ценность.",519200,"writing,equipment,tier-13"
I0974,13,Запрещённая монография о снах драконов,"Дорогое снаряжение создано опытным мастером и хорошо подготовлено к опасной дороге. Переплёт, поля и закладки выдают, насколько часто текстом пользовались.",105600,Запрещённая монография о снах драконов — с авторскими пометами первого издания,"Между страницами обнаружены авторские пометы, резко повышающие ценность тома. Редкое изделие несёт дополнительный секрет, резко повышающий интерес коллекционеров. Неожиданное свойство делает эту версию особенно желанной.",528000,"book,equipment,tier-13"
I0975,13,Договор о перемирии двух исчезнувших домов,"Дорогое снаряжение создано опытным мастером и хорошо подготовлено к опасной дороге. Печати и подписи можно изучить, хотя назначение бумаги не всегда радует.",74800,Договор о перемирии двух исчезнувших домов — скреплённое печатью забытого престола,"Подлинность подтверждена редкой печатью, а содержание имеет историческую цену. Редкое изделие несёт дополнительный секрет, резко повышающий интерес коллекционеров. На рынке редкостей за неё наверняка начнётся спор.",448800,"document,equipment,tier-13"
I0976,13,Монетный набор первого года новой династии,Дорогое снаряжение создано опытным мастером и хорошо подготовлено к опасной дороге. Находка связана с мелкой торговлей и хранит следы множества рук.,145200,Монетный набор первого года новой династии — из закрытой коллекции монетного двора,"Незаметная отметка превращает торговую мелочь в редкий нумизматический объект. Редкое изделие несёт дополнительный секрет, резко повышающий интерес коллекционеров. Подлинная метка превращает случайную находку в событие.",580800,"trade,equipment,tier-13"
I0977,13,Перстень с редким звёздчатым рубином,Дорогое снаряжение создано опытным мастером и хорошо подготовлено к опасной дороге. Даже при беглом осмотре видны качество оправы и состояние металла.,110000,Перстень с редким звёздчатым рубином — из сокровищницы звёздного ювелира,"Камни и металл подтвердили происхождение из известной ювелирной школы. Редкое изделие несёт дополнительный секрет, резко повышающий интерес коллекционеров. Состояние почти идеальное, а происхождение подтверждено.",550000,"jewelry,equipment,tier-13"
I0978,13,Заводной театр с миниатюрной труппой,Дорогое снаряжение создано опытным мастером и хорошо подготовлено к опасной дороге. Игрушка пережила шумные игры и несколько неумелых починок.,85800,Заводной театр с миниатюрной труппой — первой серии великого игрушечника,"Это ранняя работа знаменитого мастера, сохранившая редкий механизм. Редкое изделие несёт дополнительный секрет, резко повышающий интерес коллекционеров. Знаток заплатит за такую редкость намного больше обычного.",514800,"toy,equipment,tier-13"
I0979,13,Мощевик покровителя заблудившихся,"Дорогое снаряжение создано опытным мастером и хорошо подготовлено к опасной дороге. Символы нанесены старательно, хотя их смысл понятен не каждому жрецу.",162800,Мощевик покровителя заблудившихся — признанная храмовой реликвией,"Реликвия признана храмом и несёт след подлинного благословения. Редкое изделие несёт дополнительный секрет, резко повышающий интерес коллекционеров. Скрытая деталь делает находку одновременно полезной и коллекционной.",600000,"religion,equipment,tier-13"
I0980,13,Арфа из красного дерева и серебра,"Дорогое снаряжение создано опытным мастером и хорошо подготовлено к опасной дороге. Звук зависит от состояния дерева, металла и терпения исполнителя.",118800,Арфа из красного дерева и серебра — из личного оркестра серебряного дракона,"Редкий тембр и подпись мастера делают инструмент желанным для коллекционера. Редкое изделие несёт дополнительный секрет, резко повышающий интерес коллекционеров. Редкая особенность раскрывается только при внимательном осмотре.",594000,"music,equipment,tier-13"
I0981,13,Копьё охотника на мантикор,"Дорогое снаряжение создано опытным мастером и хорошо подготовлено к опасной дороге. Потёртости показывают, на какую добычу и как часто с вещью ходили.",96800,Копьё охотника на мантикор — из арсенала королевского ловчего,"Точная подгонка и необычный материал заметно улучшают охотничьи свойства. Редкое изделие несёт дополнительный секрет, резко повышающий интерес коллекционеров. Даже неприметный вид не способен скрыть выдающееся качество.",580800,"hunting,equipment,tier-13"
I0982,13,Удилище из гибкой кости левиафана,"Дорогое снаряжение создано опытным мастером и хорошо подготовлено к опасной дороге. Соль, леска и чешуя оставили на снасти честную биографию.",60500,Удилище из гибкой кости левиафана — снасть легендарного речного следопыта,"Снасть принадлежала знаменитому ловцу и безошибочно чувствует крупную добычу. Редкое изделие несёт дополнительный секрет, резко повышающий интерес коллекционеров. Вещь сохранилась вопреки возрасту и явно переживёт нового хозяина.",242000,"fishing,equipment,tier-13"
I0983,13,Навигационный диск затонувшего флота,Дорогое снаряжение создано опытным мастером и хорошо подготовлено к опасной дороге. Запах смолы и соли выдаёт долгую службу рядом с водой.,129800,Навигационный диск затонувшего флота — с флагмана пропавшей экспедиции,"Корабельная метка связывает находку с легендарным плаванием. Редкое изделие несёт дополнительный секрет, резко повышающий интерес коллекционеров. История владельца повышает цену не меньше, чем материалы.",600000,"nautical,equipment,tier-13"
I0984,13,Секатор для королевской оранжереи,Дорогое снаряжение создано опытным мастером и хорошо подготовлено к опасной дороге. Земля в щелях и затёртая рукоять говорят о привычной работе.,105600,Секатор для королевской оранжереи — награда победителю Праздника Урожая,"Инструмент идеально сбалансирован и когда-то был наградой лучшему земледельцу. Редкое изделие несёт дополнительный секрет, резко повышающий интерес коллекционеров. Работа мастера узнаваема и имеет подтверждённую ценность.",600000,"farming,equipment,tier-13"
I0985,13,Кирка из закалённой подгорной стали,Дорогое снаряжение создано опытным мастером и хорошо подготовлено к опасной дороге. Каменная пыль забилась в каждую выемку этой шахтёрской вещи.,74800,Кирка из закалённой подгорной стали — настроенное на жилу звёздного серебра,"Находка откликается на ценные жилы едва заметным теплом. Редкое изделие несёт дополнительный секрет, резко повышающий интерес коллекционеров. Неожиданное свойство делает эту версию особенно желанной.",299200,"mining,equipment,tier-13"
I0986,13,Стамески последнего мастера масок,Дорогое снаряжение создано опытным мастером и хорошо подготовлено к опасной дороге. Смола и тонкая стружка сохранились возле рабочих кромок.,145200,Стамески последнего мастера масок — из мастерской говорящего дерева,"Работа принадлежит именитому резчику и удивительно бережно обращается с деревом. Редкое изделие несёт дополнительный секрет, резко повышающий интерес коллекционеров. На рынке редкостей за неё наверняка начнётся спор.",600000,"woodcraft,equipment,tier-13"
I0987,13,Мехи с кожей огнестойкого саламандра,Дорогое снаряжение создано опытным мастером и хорошо подготовлено к опасной дороге. Окалина и следы жара не оставляют сомнений в кузнечном прошлом.,110000,Мехи с кожей огнестойкого саламандра — закалённое в огне Великой Кузни,"Сплав и закалка соответствуют утраченной технике большой мастерской. Редкое изделие несёт дополнительный секрет, резко повышающий интерес коллекционеров. Подлинная метка превращает случайную находку в событие.",600000,"smithing,equipment,tier-13"
I0988,13,Набор отмычек тайной службы,"Дорогое снаряжение создано опытным мастером и хорошо подготовлено к опасной дороге. Размер и гибкость намекают на задачи, о которых не пишут в накладных.",85800,Набор отмычек тайной службы — из комплекта королевской разведки,"Набор создан для королевского разведчика и почти не оставляет следов применения. Редкое изделие несёт дополнительный секрет, резко повышающий интерес коллекционеров. Состояние почти идеальное, а происхождение подтверждено.",343200,"thieves,equipment,tier-13"
I0989,13,Коллекция эссенций редких чудовищ,"Дорогое снаряжение создано опытным мастером и хорошо подготовлено к опасной дороге. Осадок и цвет позволяют строить догадки, но не советуют пробовать содержимое.",162800,Коллекция эссенций редких чудовищ — из лаборатории первого трансмутатора,"Состав сохранил чистоту и относится к редкой работе признанного алхимика. Редкое изделие несёт дополнительный секрет, резко повышающий интерес коллекционеров. Знаток заплатит за такую редкость намного больше обычного.",600000,"alchemy,equipment,tier-13"
I0990,13,Комплект хирурга знаменитой академии,Дорогое снаряжение создано опытным мастером и хорошо подготовлено к опасной дороге. Запах трав и аккуратность упаковки показывают уровень прежнего лекаря.,118800,Комплект хирурга знаменитой академии — из сумки святого полевого лекаря,"Внутри обнаружены дорогие средства полевого хирурга и безупречные инструменты. Редкое изделие несёт дополнительный секрет, резко повышающий интерес коллекционеров. Скрытая деталь делает находку одновременно полезной и коллекционной.",600000,"medicine,equipment,tier-13"
I0991,13,Палатка из лёгкой ткани пустынных кочевников,Дорогое снаряжение создано опытным мастером и хорошо подготовлено к опасной дороге. Пыль дорог и следы дождя видны сильнее любой торговой марки.,96800,Палатка из лёгкой ткани пустынных кочевников — из снаряжения похода за край карты,"Снаряжение необычно лёгкое, прочное и рассчитано на самые тяжёлые переходы. Редкое изделие несёт дополнительный секрет, резко повышающий интерес коллекционеров. Редкая особенность раскрывается только при внимательном осмотре.",387200,"camping,equipment,tier-13"
I0992,13,Фонарь китобойного капитана из белой меди,"Дорогое снаряжение создано опытным мастером и хорошо подготовлено к опасной дороге. Копоть вокруг огня рассказывает, насколько ровно он когда-то горел.",60500,Фонарь китобойного капитана из белой меди — с негасимым огнём хранителей рассвета,"Источник света расходует топливо почти незаметно и не гаснет от обычного ветра. Редкое изделие несёт дополнительный секрет, резко повышающий интерес коллекционеров. Даже неприметный вид не способен скрыть выдающееся качество.",302500,"light,equipment,tier-13"
I0993,13,Звёздный компас исследователя Севера,"Дорогое снаряжение создано опытным мастером и хорошо подготовлено к опасной дороге. Стрелки, шкалы и потёртый корпус ещё могут подсказать направление.",129800,Звёздный компас исследователя Севера — из обсерватории забытого мореплавателя,"Прибор изготовлен для дальней экспедиции и замечает даже магические искажения пути. Редкое изделие несёт дополнительный секрет, резко повышающий интерес коллекционеров. Вещь сохранилась вопреки возрасту и явно переживёт нового хозяина.",600000,"navigation,equipment,tier-13"
I0994,13,Ламеллярный доспех степного хана,"Дорогое снаряжение создано опытным мастером и хорошо подготовлено к опасной дороге. Вмятины и ремни показывают, какую защиту предмет способен дать сейчас.",105600,Ламеллярный доспех степного хана — из личной оружейной палаты героя,"Под поздними заплатами обнаружена работа оружейника исторического значения. Редкое изделие несёт дополнительный секрет, резко повышающий интерес коллекционеров. История владельца повышает цену не меньше, чем материалы.",422400,"armor,equipment,tier-13"
I0995,13,Башенный щит с росписью великой битвы,"Дорогое снаряжение создано опытным мастером и хорошо подготовлено к опасной дороге. Кромка и крепления хранят следы ударов, которые принял прежний владелец.",74800,Башенный щит с росписью великой битвы — с гербом спасённого королевства,"Геральдика и редкий сердечник превращают защиту в ценную реликвию. Редкое изделие несёт дополнительный секрет, резко повышающий интерес коллекционеров. Работа мастера узнаваема и имеет подтверждённую ценность.",374000,"shield,equipment,tier-13"
I0996,13,Кинжал с клинком из вулканического стекла,"Дорогое снаряжение создано опытным мастером и хорошо подготовлено к опасной дороге. Короткий клинок удобно осмотреть по заточке, гарде и следам ржавчины.",145200,Кинжал с клинком из вулканического стекла — из тайного набора придворного дуэлянта,"Сталь скрывает безупречную закалку и происхождение из личного арсенала мастера. Редкое изделие несёт дополнительный секрет, резко повышающий интерес коллекционеров. Неожиданное свойство делает эту версию особенно желанной.",600000,"dagger,equipment,tier-13"
I0997,13,Меч-бастард с золотой инкрустацией,"Дорогое снаряжение создано опытным мастером и хорошо подготовлено к опасной дороге. Длинный клинок оценивается по балансу, прямизне и состоянию ножен.",110000,Меч-бастард с золотой инкрустацией — с подписью мастера легендарных клинков,"После очистки открылись подпись оружейника и выдающийся узор закалки. Редкое изделие несёт дополнительный секрет, резко повышающий интерес коллекционеров. На рынке редкостей за неё наверняка начнётся спор.",440000,"sword,equipment,tier-13"
I0998,13,Двуручная секира клана великанов,Дорогое снаряжение создано опытным мастером и хорошо подготовлено к опасной дороге. Рабочая кромка и посадка топорища показывают характер прежней службы.,85800,Двуручная секира клана великанов — выкованное для наследника подгорного трона,"Редкий металл держит заточку, а клеймо связывает топор с прославленным походом. Редкое изделие несёт дополнительный секрет, резко повышающий интерес коллекционеров. Подлинная метка превращает случайную находку в событие.",429000,"axe,equipment,tier-13"
I0999,13,Лук из чёрного тиса запретной рощи,"Дорогое снаряжение создано опытным мастером и хорошо подготовлено к опасной дороге. Плечи, тетива и изгиб сохраняют память о множестве выстрелов.",162800,Лук из чёрного тиса запретной рощи — из тисовой рощи первого лучника,"Точная работа даёт исключительную плавность и принадлежит знаменитому стрелку. Редкое изделие несёт дополнительный секрет, резко повышающий интерес коллекционеров. Состояние почти идеальное, а происхождение подтверждено.",600000,"bow,equipment,tier-13"
I1000,13,Стрелы с оперением солнечного орла,Дорогое снаряжение создано опытным мастером и хорошо подготовлено к опасной дороге. Оперение и наконечник подсказывают назначение боеприпаса.,118800,Стрелы с оперением солнечного орла — с наконечником из упавшей звезды,"Редкая балансировка и особый наконечник делают единственный выстрел чрезвычайно ценным. Редкое изделие несёт дополнительный секрет, резко повышающий интерес коллекционеров. Знаток заплатит за такую редкость намного больше обычного.",475200,"projectile,equipment,tier-13"
I1001,13,Посох из окаменевшей лозы,Дорогое снаряжение создано опытным мастером и хорошо подготовлено к опасной дороге. Следы ладоней и дорожные зарубки покрывают посох почти целиком.,96800,Посох из окаменевшей лозы — выросшее из ветви мирового древа,"Внутри древесины обнаружена тонкая сердцевина с полезным необычным свойством. Редкое изделие несёт дополнительный секрет, резко повышающий интерес коллекционеров. Скрытая деталь делает находку одновременно полезной и коллекционной.",484000,"staff,equipment,tier-13"
I1002,13,Седло для боевого грифона,Дорогое снаряжение создано опытным мастером и хорошо подготовлено к опасной дороге. Ремни и пряжки подогнаны под конкретного зверя и долгую дорогу.,60500,Седло для боевого грифона — из церемониальной упряжи единорога,"Материалы достойны королевской конюшни и необычно удобны для животного. Редкое изделие несёт дополнительный секрет, резко повышающий интерес коллекционеров. Редкая особенность раскрывается только при внимательном осмотре.",363000,"animal,equipment,tier-13"
I1003,13,"Флакон, сохраняющий аромат любого цветка",Дорогое снаряжение создано опытным мастером и хорошо подготовлено к опасной дороге. Едва заметная странность отличает вещицу от совершенно обычного хлама.,129800,"Флакон, сохраняющий аромат любого цветка — с устойчивым малым чудом внутри","Малое чудо оказалось стабильным, полезным и работой известного чародея. Редкое изделие несёт дополнительный секрет, резко повышающий интерес коллекционеров. Даже неприметный вид не способен скрыть выдающееся качество.",519200,"magic,equipment,tier-13"
I1004,13,Гоблинский сейф с живым сторожевым жуком,Дорогое снаряжение создано опытным мастером и хорошо подготовлено к опасной дороге. Гоблинская практичность смешана здесь с самоуверенным украшательством.,105600,Гоблинский сейф с живым сторожевым жуком — из трофейной кладовой великого вождя,"Вещь принадлежала знаменитому гоблинскому вождю и содержит хитрый секрет. Редкое изделие несёт дополнительный секрет, резко повышающий интерес коллекционеров. Вещь сохранилась вопреки возрасту и явно переживёт нового хозяина.",528000,"goblin,equipment,tier-13"
I1005,13,Дварфский молоток для гравировки рун,"Дорогое снаряжение создано опытным мастером и хорошо подготовлено к опасной дороге. Дворфская манера видна по тяжести, рунам и упрямой прочности.",74800,Дварфский молоток для гравировки рун — с рунами прародителя клана,"Руны называют древний клан, а качество достойно наследственной сокровищницы. Редкое изделие несёт дополнительный секрет, резко повышающий интерес коллекционеров. История владельца повышает цену не меньше, чем материалы.",448800,"dwarf,equipment,tier-13"
I1006,13,Эльфийская вуаль без единого шва,Дорогое снаряжение создано опытным мастером и хорошо подготовлено к опасной дороге. Эльфийская работа узнаётся по лёгким линиям и вниманию к мелочам.,145200,Эльфийская вуаль без единого шва — с подписью мастера Лунного Двора,"Подлинная подпись мастера и редкий материал делают изделие музейным. Редкое изделие несёт дополнительный секрет, резко повышающий интерес коллекционеров. Работа мастера узнаваема и имеет подтверждённую ценность.",580800,"elf,equipment,tier-13"
I1007,13,Перчатки первого королевского гонца,"Дорогое снаряжение создано опытным мастером и хорошо подготовлено к опасной дороге. Человеческая вещь хранит понятные следы службы, ремонта и дороги.",110000,Перчатки первого королевского гонца — из багажа основателя столицы,"Монограмма связывает её с важным историческим лицом, а состояние удивительно хорошо. Редкое изделие несёт дополнительный секрет, резко повышающий интерес коллекционеров. Неожиданное свойство делает эту версию особенно желанной.",550000,"human,equipment,tier-13"
I1008,13,Сундук полярного первопроходца,Дорогое снаряжение создано опытным мастером и хорошо подготовлено к опасной дороге. Каждая царапина отмечает новый участок долгого маршрута.,85800,Сундук полярного первопроходца — из комплекта Последней Экспедиции,"Эта версия создавалась для великой экспедиции и продумана до последней застёжки. Редкое изделие несёт дополнительный секрет, резко повышающий интерес коллекционеров. На рынке редкостей за неё наверняка начнётся спор.",514800,"travel,equipment,tier-13"
I1009,13,Набор печатей восточного торгового союза,"Дорогое снаряжение создано опытным мастером и хорошо подготовлено к опасной дороге. Бирки и упаковка выдают товар, который когда-то ждал покупателя.",162800,Набор печатей восточного торгового союза — из опечатанного товара Гильдии Чудес,"Происхождение и редкость позволяют продать находку серьёзному коллекционеру. Редкое изделие несёт дополнительный секрет, резко повышающий интерес коллекционеров. Подлинная метка превращает случайную находку в событие.",600000,"merchant,equipment,tier-13"
I1010,13,Резцы скульптора королевских надгробий,"Дорогое снаряжение создано опытным мастером и хорошо подготовлено к опасной дороге. Следы краски, глины или клея точно называют ремесло владельца.",118800,Резцы скульптора королевских надгробий — из наследия великого ремесленника,"Инструмент принадлежал признанному мастеру и сам по себе считается произведением искусства. Редкое изделие несёт дополнительный секрет, резко повышающий интерес коллекционеров. Состояние почти идеальное, а происхождение подтверждено.",594000,"artisan,equipment,tier-13"
I1011,13,Обеденный сервиз из вулканического фарфора,Дорогое снаряжение создано опытным мастером и хорошо подготовлено к опасной дороге. Бытовая вещь честно показывает привычки и достаток прежнего дома.,96800,Обеденный сервиз из вулканического фарфора — из сервиза посольского дворца,"Незаметная деталь выдаёт заказ для дворца и исключительное качество изготовления. Редкое изделие несёт дополнительный секрет, резко повышающий интерес коллекционеров. Знаток заплатит за такую редкость намного больше обычного.",580800,"household,equipment,tier-13"
I1012,13,Астрономический ключ старой башни,"Дорогое снаряжение создано опытным мастером и хорошо подготовлено к опасной дороге. Форма бородки обещает замок, который, возможно, ещё существует.",60500,Астрономический ключ старой башни — открывающее хранилище Тайного Совета,"Знак на стержне указывает на особо важную дверь и дорогой секрет за ней. Редкое изделие несёт дополнительный секрет, резко повышающий интерес коллекционеров. Скрытая деталь делает находку одновременно полезной и коллекционной.",242000,"key,equipment,tier-13"
I1013,13,Карта тоннелей под столицей,"Дорогое снаряжение создано опытным мастером и хорошо подготовлено к опасной дороге. Линии маршрута, пятна и исправления оставлены разными путешественниками.",129800,Карта тоннелей под столицей — с дорогой к сокровищнице на полях,"Скрытый слой показывает неизвестный путь к месту большой ценности. Редкое изделие несёт дополнительный секрет, резко повышающий интерес коллекционеров. Редкая особенность раскрывается только при внимательном осмотре.",600000,"map,equipment,tier-13"
I1014,13,Чёрный опал с зелёным огнём,"Дорогое снаряжение создано опытным мастером и хорошо подготовлено к опасной дороге. Свет на гранях помогает отличить камень, стекло и удачную подделку.",105600,Чёрный опал с зелёным огнём — огранённое слепым мастером провидцев,"После очистки проявились редкая чистота, огранка и подтверждённое происхождение. Редкое изделие несёт дополнительный секрет, резко повышающий интерес коллекционеров. Даже неприметный вид не способен скрыть выдающееся качество.",600000,"gem,equipment,tier-13"
I1015,13,Складная модель неизвестного созвездия,"Дорогое снаряжение создано опытным мастером и хорошо подготовлено к опасной дороге. Назначение странности неочевидно, но детали явно сложились не случайно.",74800,Складная модель неизвестного созвездия — из кабинета придворного исследователя,"Специалист распознает в ней редкость, смысл которой намного дороже внешнего вида. Редкое изделие несёт дополнительный секрет, резко повышающий интерес коллекционеров. Вещь сохранилась вопреки возрасту и явно переживёт нового хозяина.",299200,"oddity,equipment,tier-13"
I1016,13,Полуторный меч хорошей оружейной школы,Дорогое снаряжение создано опытным мастером и хорошо подготовлено к опасной дороге. Оружие сбалансировано для надёжной службы без громкого имени.,145200,Полуторный меч хорошей оружейной школы — с удерживающей заточку кромкой,"Лезвие не ржавеет и заметно дольше сохраняет рабочую заточку. Редкое изделие несёт дополнительный секрет, резко повышающий интерес коллекционеров. История владельца повышает цену не меньше, чем материалы.",600000,"weapon,equipment,tier-13"
I1017,13,Композитный лук степного мастера,Дорогое снаряжение создано опытным мастером и хорошо подготовлено к опасной дороге. Дистанционное оружие собрано ровно и предсказуемо.,110000,Композитный лук степного мастера — спокойного прицела,"Небольшое зачарование гасит дрожь рук перед выстрелом по видимой цели. Редкое изделие несёт дополнительный секрет, резко повышающий интерес коллекционеров. Работа мастера узнаваема и имеет подтверждённую ценность.",600000,"ranged,equipment,tier-13"
I1018,13,Чешуйчатый панцирь из воронёной стали,Дорогое снаряжение создано опытным мастером и хорошо подготовлено к опасной дороге. Защита подогнана для долгого ношения в дороге.,85800,Чешуйчатый панцирь из воронёной стали — облегчённой посадки,"Вес ощущается меньше во время обычного перехода, но защита не усиливается сверх меры. Редкое изделие несёт дополнительный секрет, резко повышающий интерес коллекционеров. Неожиданное свойство делает эту версию особенно желанной.",343200,"armor,equipment,tier-13"
I1019,13,Щит с подвижным внутренним креплением,Дорогое снаряжение создано опытным мастером и хорошо подготовлено к опасной дороге. Крепления и кромка рассчитаны на настоящую полевую службу.,162800,Щит с подвижным внутренним креплением — верного заслона,"Щит сам доворачивается на ладонь против одного неожиданного слабого удара в день. Редкое изделие несёт дополнительный секрет, резко повышающий интерес коллекционеров. На рынке редкостей за неё наверняка начнётся спор.",600000,"shield,equipment,tier-13"
I1020,13,Ранец исследователя с герметичными секциями,Дорогое снаряжение создано опытным мастером и хорошо подготовлено к опасной дороге. Сумка распределяет груз и оставляет важное под рукой.,118800,Ранец исследователя с герметичными секциями — разумной укладки,"Внутренние ремни сами удерживают вещи в выбранном порядке. Редкое изделие несёт дополнительный секрет, резко повышающий интерес коллекционеров. Подлинная метка превращает случайную находку в событие.",600000,"pack,equipment,tier-13"
I1021,13,Комплект для восхождения на ледяные стены,Дорогое снаряжение создано опытным мастером и хорошо подготовлено к опасной дороге. Комплект выдерживает вес с разумным запасом прочности.,96800,Комплект для восхождения на ледяные стены — цепкого подъёма,"Крюки чуть увереннее держатся за естественные трещины камня. Редкое изделие несёт дополнительный секрет, резко повышающий интерес коллекционеров. Состояние почти идеальное, а происхождение подтверждено.",387200,"climbing,equipment,tier-13"
I1022,13,Тонкий канат из пещерного шёлка,"Дорогое снаряжение создано опытным мастером и хорошо подготовлено к опасной дороге. Верёвка подходит для переправ, страховки и лагерных работ.",60500,Тонкий канат из пещерного шёлка — послушного узла,"По команде она затягивает или отпускает заранее завязанный узел. Редкое изделие несёт дополнительный секрет, резко повышающий интерес коллекционеров. Знаток заплатит за такую редкость намного больше обычного.",302500,"rope,equipment,tier-13"
I1023,13,Серебряный фонарь со сменными линзами,Дорогое снаряжение создано опытным мастером и хорошо подготовлено к опасной дороге. Фонарь защищён от дождя и случайных ударов.,129800,Серебряный фонарь со сменными линзами — ровного света,"Пламя не коптит, а масла хватает примерно вдвое дольше. Редкое изделие несёт дополнительный секрет, резко повышающий интерес коллекционеров. Скрытая деталь делает находку одновременно полезной и коллекционной.",600000,"light,equipment,tier-13"
I1024,13,Астрономический компас дальнего плавания,Дорогое снаряжение создано опытным мастером и хорошо подготовлено к опасной дороге. Прибор откалиброван и защищён прочным корпусом.,105600,Астрономический компас дальнего плавания — верного курса,"Стрелка замечает сильные магические помехи и начинает мерцать. Редкое изделие несёт дополнительный секрет, резко повышающий интерес коллекционеров. Редкая особенность раскрывается только при внимательном осмотре.",422400,"navigation,equipment,tier-13"
I1025,13,Инструменты хирурга военной академии,Дорогое снаряжение создано опытным мастером и хорошо подготовлено к опасной дороге. Набор содержит чистые инструменты и понятный запас перевязки.,74800,Инструменты хирурга военной академии — бережного лекаря,"Инструменты сами очищаются после обычной обработки кипятком. Редкое изделие несёт дополнительный секрет, резко повышающий интерес коллекционеров. Даже неприметный вид не способен скрыть выдающееся качество.",374000,"medicine,equipment,tier-13"
I1026,13,Набор редких реактивов в медном кофре,Дорогое снаряжение создано опытным мастером и хорошо подготовлено к опасной дороге. Реактивы разложены по защищённым подписанным ёмкостям.,145200,Набор редких реактивов в медном кофре — чистой реакции,"Посуда меняет оттенок при опасном загрязнении смеси. Редкое изделие несёт дополнительный секрет, резко повышающий интерес коллекционеров. Вещь сохранилась вопреки возрасту и явно переживёт нового хозяина.",600000,"alchemy,equipment,tier-13"
I1027,13,Комплект королевской службы дознания,"Дорогое снаряжение создано опытным мастером и хорошо подготовлено к опасной дороге. Тонкие инструменты рассчитаны на сложные, но обычные механизмы.",110000,Комплект королевской службы дознания — тихого механизма,"Металл приглушает собственный звон и подчёркивает неверно выбранный щуп. Редкое изделие несёт дополнительный секрет, резко повышающий интерес коллекционеров. История владельца повышает цену не меньше, чем материалы.",440000,"thieves,equipment,tier-13"
I1028,13,Копьё охотника на болотных чудовищ,Дорогое снаряжение создано опытным мастером и хорошо подготовлено к опасной дороге. Снаряжение подходит для следопыта и промысловика.,85800,Копьё охотника на болотных чудовищ — ясного следа,"На короткое время делает свежие следы заметнее владельцу. Редкое изделие несёт дополнительный секрет, резко повышающий интерес коллекционеров. Работа мастера узнаваема и имеет подтверждённую ценность.",429000,"hunting,equipment,tier-13"
I1029,13,Гарпунная снасть северного китобоя,Дорогое снаряжение создано опытным мастером и хорошо подготовлено к опасной дороге. Снасть выдержит крупную речную или морскую добычу.,162800,Гарпунная снасть северного китобоя — чувствующей лески,"Владелец безошибочно отличает поклёвку от течения и коряг. Редкое изделие несёт дополнительный секрет, резко повышающий интерес коллекционеров. Неожиданное свойство делает эту версию особенно желанной.",600000,"fishing,equipment,tier-13"
I1030,13,Шатёр для зимней экспедиции,Дорогое снаряжение создано опытным мастером и хорошо подготовлено к опасной дороге. Комплект собран для непогоды и трудной местности.,118800,Шатёр для зимней экспедиции — надёжного привала,"Вещь помогает сохранить небольшой участок лагеря сухим и тёплым. Редкое изделие несёт дополнительный секрет, резко повышающий интерес коллекционеров. На рынке редкостей за неё наверняка начнётся спор.",475200,"survival,equipment,tier-13"
I1031,13,Сапоги из кожи панцирного ящера,Дорогое снаряжение создано опытным мастером и хорошо подготовлено к опасной дороге. Подошва и швы рассчитаны на многие лиги пути.,96800,Сапоги из кожи панцирного ящера — уверенного шага,"Обувь лучше держится на обычном льду, грязи и мокром камне. Редкое изделие несёт дополнительный секрет, резко повышающий интерес коллекционеров. Подлинная метка превращает случайную находку в событие.",484000,"footwear,equipment,tier-13"
I1032,13,Перчатки мастера осадных машин,"Дорогое снаряжение создано опытным мастером и хорошо подготовлено к опасной дороге. Перчатки защищают ладони, не мешая точной работе.",60500,Перчатки мастера осадных машин — твёрдой хватки,"Рукояти инструментов реже выскальзывают из рук владельца. Редкое изделие несёт дополнительный секрет, резко повышающий интерес коллекционеров. Состояние почти идеальное, а происхождение подтверждено.",363000,"gloves,equipment,tier-13"
I1033,13,Плащ пустынного проводника,Дорогое снаряжение создано опытным мастером и хорошо подготовлено к опасной дороге. Плотная ткань закрывает от ветра и дорожной пыли.,129800,Плащ пустынного проводника — тихой непогоды,"Дождь скатывается с плаща, а ткань не хлопает на ветру. Редкое изделие несёт дополнительный секрет, резко повышающий интерес коллекционеров. Знаток заплатит за такую редкость намного больше обычного.",519200,"cloak,equipment,tier-13"
I1034,13,Пояс оружейника с серебряной фурнитурой,Дорогое снаряжение создано опытным мастером и хорошо подготовлено к опасной дороге. Пояс несёт подсумки и распределяет их вес.,105600,Пояс оружейника с серебряной фурнитурой — готового снаряжения,"Нужный закреплённый предмет слегка подаётся к руке владельца. Редкое изделие несёт дополнительный секрет, резко повышающий интерес коллекционеров. Скрытая деталь делает находку одновременно полезной и коллекционной.",528000,"belt,equipment,tier-13"
I1035,13,Колчан турнирного лучника,Дорогое снаряжение создано опытным мастером и хорошо подготовлено к опасной дороге. Боеприпасы защищены от сырости и выпадения.,74800,Колчан турнирного лучника — бережного стрелка,"Оперение внутри не мнётся, а наконечники не звенят друг о друга. Редкое изделие несёт дополнительный секрет, резко повышающий интерес коллекционеров. Редкая особенность раскрывается только при внимательном осмотре.",448800,"quiver,equipment,tier-13"
I1036,13,Инструменты мастера походных повозок,Дорогое снаряжение создано опытным мастером и хорошо подготовлено к опасной дороге. Инструменты позволяют чинить снаряжение в полевых условиях.,145200,Инструменты мастера походных повозок — быстрой починки,"Один мелкий ремонт в день получается особенно аккуратным и прочным. Редкое изделие несёт дополнительный секрет, резко повышающий интерес коллекционеров. Даже неприметный вид не способен скрыть выдающееся качество.",580800,"repair,equipment,tier-13"
I1037,13,Переносной горн из синей бронзы,Дорогое снаряжение создано опытным мастером и хорошо подготовлено к опасной дороге. Набор годится для обслуживания оружия и металлической оснастки.,110000,Переносной горн из синей бронзы — ровной закалки,"Металл под инструментом нагревается равномернее и реже коробится. Редкое изделие несёт дополнительный секрет, резко повышающий интерес коллекционеров. Вещь сохранилась вопреки возрасту и явно переживёт нового хозяина.",550000,"smithing,equipment,tier-13"
I1038,13,Карта тайных троп через пограничье,Дорогое снаряжение создано опытным мастером и хорошо подготовлено к опасной дороге. Карта содержит практические маршруты и ориентиры.,85800,Карта тайных троп через пограничье — живых пометок,"Сделанные владельцем отметки не смываются дождём и бледнеют после исполнения. Редкое изделие несёт дополнительный секрет, резко повышающий интерес коллекционеров. История владельца повышает цену не меньше, чем материалы.",514800,"map,equipment,tier-13"
I1039,13,Седло кавалерийского разведчика,Дорогое снаряжение создано опытным мастером и хорошо подготовлено к опасной дороге. Сбруя или уходовый комплект рассчитаны на походное животное.,162800,Седло кавалерийского разведчика — спокойного скакуна,"Животное быстрее привыкает к владельцу и шуму обычной дороги. Редкое изделие несёт дополнительный секрет, резко повышающий интерес коллекционеров. Работа мастера узнаваема и имеет подтверждённую ценность.",600000,"animal,equipment,tier-13"
I1040,13,Серебряная труба командующего отрядом,Дорогое снаряжение создано опытным мастером и хорошо подготовлено к опасной дороге. Средство связи хорошо слышно или видно в полевых условиях.,118800,Серебряная труба командующего отрядом — далёкого сигнала,"Сигнал различают союзники владельца даже среди ветра и обычного шума. Редкое изделие несёт дополнительный секрет, резко повышающий интерес коллекционеров. Неожиданное свойство делает эту версию особенно желанной.",594000,"signal,equipment,tier-13"
I1041,14,Шлем полководца с золочёным гребнем,"Очень хорошее оружие, защита или инструмент достойны профессионального приключенца. Форма и следы носки сразу выдают историю головного убора.",158400,Шлем полководца с золочёным гребнем — из гардероба лунной княгини,"Материал оказался редким, а внутренняя метка связывает вещь с известным владельцем. Дорогой предмет оказался личным заказом, выполненным без обычных компромиссов. На рынке редкостей за неё наверняка начнётся спор.",633600,"headwear,equipment,tier-14"
I1042,14,Боевые сапоги из панциря анкхега,"Очень хорошее оружие, защита или инструмент достойны профессионального приключенца. Подошва, застёжки и размер делают эту обувь вполне узнаваемой находкой.",112200,Боевые сапоги из панциря анкхега — с парной печатью королевского сапожника,"Под неприметным верхом скрылись работа прославленного сапожника и дорогая подкладка. Дорогой предмет оказался личным заказом, выполненным без обычных компромиссов. Подлинная метка превращает случайную находку в событие.",561000,"footwear,equipment,tier-14"
I1043,14,"Плащ генерала, расшитый золотом","Очень хорошее оружие, защита или инструмент достойны профессионального приключенца. Ткань сохранила запах дороги, мастерской или прежнего хозяина.",217800,"Плащ генерала, расшитый золотом — из дорожного сундука архимага","Швы выполнены драгоценной нитью, а покрой имеет коллекционное происхождение. Дорогой предмет оказался личным заказом, выполненным без обычных компромиссов. Состояние почти идеальное, а происхождение подтверждено.",720000,"clothes,equipment,tier-14"
I1044,14,Церемониальный прибор императорского посла,"Очень хорошее оружие, защита или инструмент достойны профессионального приключенца. На поверхности остались царапины от долгого и не всегда бережного использования.",165000,Церемониальный прибор императорского посла — с клеймом коронационного мастера,"Клеймо мастера подтверждает редкий сплав и важную историю этой утвари. Дорогой предмет оказался личным заказом, выполненным без обычных компромиссов. Знаток заплатит за такую редкость намного больше обычного.",660000,"utensil,equipment,tier-14"
I1045,14,Самогреющийся котёл без видимых чар,"Очень хорошее оружие, защита или инструмент достойны профессионального приключенца. Копоть и вмятины рассказывают о множестве походных ужинов.",128700,Самогреющийся котёл без видимых чар — из кухни исчезнувшей династии,"Под слоем нагара обнаружилась безупречная работа знаменитой дворцовой кухни. Дорогой предмет оказался личным заказом, выполненным без обычных компромиссов. Скрытая деталь делает находку одновременно полезной и коллекционной.",643500,"cookware,equipment,tier-14"
I1046,14,Ларец драконьих пряностей,"Очень хорошее оружие, защита или инструмент достойны профессионального приключенца. Запах, корочка и упаковка позволяют оценить свежесть без рискованной дегустации.",244200,Ларец драконьих пряностей — по рецепту небесного кондитера,"Редкий рецепт и идеально сохранившиеся ингредиенты превращают еду в дорогой деликатес. Дорогой предмет оказался личным заказом, выполненным без обычных компромиссов. Редкая особенность раскрывается только при внимательном осмотре.",720000,"food,equipment,tier-14"
I1047,14,Амфора столетнего эльфийского вина,"Очень хорошее оружие, защита или инструмент достойны профессионального приключенца. Содержимое тихо плещется и пахнет ровно так, как обещает его вид.",178200,Амфора столетнего эльфийского вина — из последней бочки императорского погреба,"Печать на сосуде указывает на исключительную выдержку и знаменитую партию. Дорогой предмет оказался личным заказом, выполненным без обычных компромиссов. Даже неприметный вид не способен скрыть выдающееся качество.",712800,"drink,equipment,tier-14"
I1048,14,Комплект костей придворного прорицателя,"Очень хорошее оружие, защита или инструмент достойны профессионального приключенца. На кости заметны насечки, следы зубов или попытка придать ей смысл.",145200,Комплект костей придворного прорицателя — с летописью древнего чудовища,"Знаки оказались исторической записью, а сама кость принадлежала необычному существу. Дорогой предмет оказался личным заказом, выполненным без обычных компромиссов. Вещь сохранилась вопреки возрасту и явно переживёт нового хозяина.",720000,"bones,equipment,tier-14"
I1049,14,Боевой молот из белой стали,"Очень хорошее оружие, защита или инструмент достойны профессионального приключенца. Баланс рукояти показывает, годится ли находка для настоящей работы.",90750,Боевой молот из белой стали — работы кузнеца Семи Башен,"Скрытое клеймо подтверждает происхождение из мастерской великого кузнеца. Дорогой предмет оказался личным заказом, выполненным без обычных компромиссов. История владельца повышает цену не меньше, чем материалы.",544500,"hammer,equipment,tier-14"
I1050,14,Набор игл для шитья драконьей кожи,"Очень хорошее оружие, защита или инструмент достойны профессионального приключенца. Тонкий инструмент пережил владельца и сохранил следы его ремесла.",194700,Набор игл для шитья драконьей кожи — из набора швеи при дворе фей,"Игла сделана из необычного металла и выполняет тонкую работу почти без усилий. Дорогой предмет оказался личным заказом, выполненным без обычных компромиссов. Работа мастера узнаваема и имеет подтверждённую ценность.",720000,"needle,equipment,tier-14"
I1051,14,Канат из шёлка пещерного исполина,"Очень хорошее оружие, защита или инструмент достойны профессионального приключенца. Волокна, узлы и влажность честно показывают остаток прочности.",158400,Канат из шёлка пещерного исполина — сплетённая хранителями маяка,"Плетение не боится огня и воды, хотя с виду верёвка остаётся совершенно обычной. Дорогой предмет оказался личным заказом, выполненным без обычных компромиссов. Неожиданное свойство делает эту версию особенно желанной.",720000,"rope,equipment,tier-14"
I1052,14,Сейф корабельного казначея,"Очень хорошее оружие, защита или инструмент достойны профессионального приключенца. Внутри сохранился запах прежнего содержимого и немного дорожной пыли.",112200,Сейф корабельного казначея — с тайным отделением королевского курьера,"Потайной шов открыл ценную работу и надёжное внутреннее отделение. Дорогой предмет оказался личным заказом, выполненным без обычных компромиссов. На рынке редкостей за неё наверняка начнётся спор.",673200,"container,equipment,tier-14"
I1053,14,Перо для подписания королевских указов,"Очень хорошее оружие, защита или инструмент достойны профессионального приключенца. Пятна чернил и состояние наконечника говорят о последнем писавшем.",217800,Перо для подписания королевских указов — принадлежавшее великому летописцу,"Инструмент узнаёт руку владельца и оставляет особенно стойкие, красивые линии. Дорогой предмет оказался личным заказом, выполненным без обычных компромиссов. Подлинная метка превращает случайную находку в событие.",720000,"writing,equipment,tier-14"
I1054,14,Подлинная хроника Войны Трёх Корон,"Очень хорошее оружие, защита или инструмент достойны профессионального приключенца. Переплёт, поля и закладки выдают, насколько часто текстом пользовались.",165000,Подлинная хроника Войны Трёх Корон — с авторскими пометами первого издания,"Между страницами обнаружены авторские пометы, резко повышающие ценность тома. Дорогой предмет оказался личным заказом, выполненным без обычных компромиссов. Состояние почти идеальное, а происхождение подтверждено.",720000,"book,equipment,tier-14"
I1055,14,Патент на разработку серебряного рудника,"Очень хорошее оружие, защита или инструмент достойны профессионального приключенца. Печати и подписи можно изучить, хотя назначение бумаги не всегда радует.",128700,Патент на разработку серебряного рудника — скреплённое печатью забытого престола,"Подлинность подтверждена редкой печатью, а содержание имеет историческую цену. Дорогой предмет оказался личным заказом, выполненным без обычных компромиссов. Знаток заплатит за такую редкость намного больше обычного.",720000,"document,equipment,tier-14"
I1056,14,Кошель с монетами двенадцати королевств,"Очень хорошее оружие, защита или инструмент достойны профессионального приключенца. Находка связана с мелкой торговлей и хранит следы множества рук.",244200,Кошель с монетами двенадцати королевств — из закрытой коллекции монетного двора,"Незаметная отметка превращает торговую мелочь в редкий нумизматический объект. Дорогой предмет оказался личным заказом, выполненным без обычных компромиссов. Скрытая деталь делает находку одновременно полезной и коллекционной.",720000,"trade,equipment,tier-14"
I1057,14,Тиара с алмазной россыпью,"Очень хорошее оружие, защита или инструмент достойны профессионального приключенца. Даже при беглом осмотре видны качество оправы и состояние металла.",178200,Тиара с алмазной россыпью — из сокровищницы звёздного ювелира,"Камни и металл подтвердили происхождение из известной ювелирной школы. Дорогой предмет оказался личным заказом, выполненным без обычных компромиссов. Редкая особенность раскрывается только при внимательном осмотре.",720000,"jewelry,equipment,tier-14"
I1058,14,Механический дракон придворного инженера,"Очень хорошее оружие, защита или инструмент достойны профессионального приключенца. Игрушка пережила шумные игры и несколько неумелых починок.",145200,Механический дракон придворного инженера — первой серии великого игрушечника,"Это ранняя работа знаменитого мастера, сохранившая редкий механизм. Дорогой предмет оказался личным заказом, выполненным без обычных компромиссов. Даже неприметный вид не способен скрыть выдающееся качество.",720000,"toy,equipment,tier-14"
I1059,14,Золотой реликварий святого воителя,"Очень хорошее оружие, защита или инструмент достойны профессионального приключенца. Символы нанесены старательно, хотя их смысл понятен не каждому жрецу.",90750,Золотой реликварий святого воителя — признанная храмовой реликвией,"Реликвия признана храмом и несёт след подлинного благословения. Дорогой предмет оказался личным заказом, выполненным без обычных компромиссов. Вещь сохранилась вопреки возрасту и явно переживёт нового хозяина.",363000,"religion,equipment,tier-14"
I1060,14,Виола работы эльфийского лютье,"Очень хорошее оружие, защита или инструмент достойны профессионального приключенца. Звук зависит от состояния дерева, металла и терпения исполнителя.",194700,Виола работы эльфийского лютье — из личного оркестра серебряного дракона,"Редкий тембр и подпись мастера делают инструмент желанным для коллекционера. Дорогой предмет оказался личным заказом, выполненным без обычных компромиссов. История владельца повышает цену не меньше, чем материалы.",720000,"music,equipment,tier-14"
I1061,14,Копьё прославленного охотника на виверн,"Очень хорошее оружие, защита или инструмент достойны профессионального приключенца. Потёртости показывают, на какую добычу и как часто с вещью ходили.",158400,Копьё прославленного охотника на виверн — из арсенала королевского ловчего,"Точная подгонка и необычный материал заметно улучшают охотничьи свойства. Дорогой предмет оказался личным заказом, выполненным без обычных компромиссов. Работа мастера узнаваема и имеет подтверждённую ценность.",720000,"hunting,equipment,tier-14"
I1062,14,Гарпун капитана китобойной флотилии,"Очень хорошее оружие, защита или инструмент достойны профессионального приключенца. Соль, леска и чешуя оставили на снасти честную биографию.",112200,Гарпун капитана китобойной флотилии — снасть легендарного речного следопыта,"Снасть принадлежала знаменитому ловцу и безошибочно чувствует крупную добычу. Дорогой предмет оказался личным заказом, выполненным без обычных компромиссов. Неожиданное свойство делает эту версию особенно желанной.",448800,"fishing,equipment,tier-14"
I1063,14,Секстант из звёздного серебра,"Очень хорошее оружие, защита или инструмент достойны профессионального приключенца. Запах смолы и соли выдаёт долгую службу рядом с водой.",217800,Секстант из звёздного серебра — с флагмана пропавшей экспедиции,"Корабельная метка связывает находку с легендарным плаванием. Дорогой предмет оказался личным заказом, выполненным без обычных компромиссов. На рынке редкостей за неё наверняка начнётся спор.",720000,"nautical,equipment,tier-14"
I1064,14,Серп для сбора редких ядовитых трав,"Очень хорошее оружие, защита или инструмент достойны профессионального приключенца. Земля в щелях и затёртая рукоять говорят о привычной работе.",165000,Серп для сбора редких ядовитых трав — награда победителю Праздника Урожая,"Инструмент идеально сбалансирован и когда-то был наградой лучшему земледельцу. Дорогой предмет оказался личным заказом, выполненным без обычных компромиссов. Подлинная метка превращает случайную находку в событие.",720000,"farming,equipment,tier-14"
I1065,14,Адамантиновый геологический резец,"Очень хорошее оружие, защита или инструмент достойны профессионального приключенца. Каменная пыль забилась в каждую выемку этой шахтёрской вещи.",128700,Адамантиновый геологический резец — настроенное на жилу звёздного серебра,"Находка откликается на ценные жилы едва заметным теплом. Дорогой предмет оказался личным заказом, выполненным без обычных компромиссов. Состояние почти идеальное, а происхождение подтверждено.",514800,"mining,equipment,tier-14"
I1066,14,Рубанок с подошвой из чёрной бронзы,"Очень хорошее оружие, защита или инструмент достойны профессионального приключенца. Смола и тонкая стружка сохранились возле рабочих кромок.",244200,Рубанок с подошвой из чёрной бронзы — из мастерской говорящего дерева,"Работа принадлежит именитому резчику и удивительно бережно обращается с деревом. Дорогой предмет оказался личным заказом, выполненным без обычных компромиссов. Знаток заплатит за такую редкость намного больше обычного.",720000,"woodcraft,equipment,tier-14"
I1067,14,Наковальня из осколка метеорита,"Очень хорошее оружие, защита или инструмент достойны профессионального приключенца. Окалина и следы жара не оставляют сомнений в кузнечном прошлом.",178200,Наковальня из осколка метеорита — закалённое в огне Великой Кузни,"Сплав и закалка соответствуют утраченной технике большой мастерской. Дорогой предмет оказался личным заказом, выполненным без обычных компромиссов. Скрытая деталь делает находку одновременно полезной и коллекционной.",720000,"smithing,equipment,tier-14"
I1068,14,Инструменты легендарного взломщика,"Очень хорошее оружие, защита или инструмент достойны профессионального приключенца. Размер и гибкость намекают на задачи, о которых не пишут в накладных.",145200,Инструменты легендарного взломщика — из комплекта королевской разведки,"Набор создан для королевского разведчика и почти не оставляет следов применения. Дорогой предмет оказался личным заказом, выполненным без обычных компромиссов. Редкая особенность раскрывается только при внимательном осмотре.",580800,"thieves,equipment,tier-14"
I1069,14,Перегонный куб королевского алхимика,"Очень хорошее оружие, защита или инструмент достойны профессионального приключенца. Осадок и цвет позволяют строить догадки, но не советуют пробовать содержимое.",90750,Перегонный куб королевского алхимика — из лаборатории первого трансмутатора,"Состав сохранил чистоту и относится к редкой работе признанного алхимика. Дорогой предмет оказался личным заказом, выполненным без обычных компромиссов. Даже неприметный вид не способен скрыть выдающееся качество.",453750,"alchemy,equipment,tier-14"
I1070,14,Чемодан главного хирурга армии,"Очень хорошее оружие, защита или инструмент достойны профессионального приключенца. Запах трав и аккуратность упаковки показывают уровень прежнего лекаря.",194700,Чемодан главного хирурга армии — из сумки святого полевого лекаря,"Внутри обнаружены дорогие средства полевого хирурга и безупречные инструменты. Дорогой предмет оказался личным заказом, выполненным без обычных компромиссов. Вещь сохранилась вопреки возрасту и явно переживёт нового хозяина.",720000,"medicine,equipment,tier-14"
I1071,14,Шатёр генерала с шёлковой подкладкой,"Очень хорошее оружие, защита или инструмент достойны профессионального приключенца. Пыль дорог и следы дождя видны сильнее любой торговой марки.",158400,Шатёр генерала с шёлковой подкладкой — из снаряжения похода за край карты,"Снаряжение необычно лёгкое, прочное и рассчитано на самые тяжёлые переходы. Дорогой предмет оказался личным заказом, выполненным без обычных компромиссов. История владельца повышает цену не меньше, чем материалы.",633600,"camping,equipment,tier-14"
I1072,14,Фонарь с кристаллом вечного жара,"Очень хорошее оружие, защита или инструмент достойны профессионального приключенца. Копоть вокруг огня рассказывает, насколько ровно он когда-то горел.",112200,Фонарь с кристаллом вечного жара — с негасимым огнём хранителей рассвета,"Источник света расходует топливо почти незаметно и не гаснет от обычного ветра. Дорогой предмет оказался личным заказом, выполненным без обычных компромиссов. Работа мастера узнаваема и имеет подтверждённую ценность.",561000,"light,equipment,tier-14"
I1073,14,Астролябия с платиновыми шкалами,"Очень хорошее оружие, защита или инструмент достойны профессионального приключенца. Стрелки, шкалы и потёртый корпус ещё могут подсказать направление.",217800,Астролябия с платиновыми шкалами — из обсерватории забытого мореплавателя,"Прибор изготовлен для дальней экспедиции и замечает даже магические искажения пути. Дорогой предмет оказался личным заказом, выполненным без обычных компромиссов. Неожиданное свойство делает эту версию особенно желанной.",720000,"navigation,equipment,tier-14"
I1074,14,Полный латный доспех турнирного чемпиона,"Очень хорошее оружие, защита или инструмент достойны профессионального приключенца. Вмятины и ремни показывают, какую защиту предмет способен дать сейчас.",165000,Полный латный доспех турнирного чемпиона — из личной оружейной палаты героя,"Под поздними заплатами обнаружена работа оружейника исторического значения. Дорогой предмет оказался личным заказом, выполненным без обычных компромиссов. На рынке редкостей за неё наверняка начнётся спор.",660000,"armor,equipment,tier-14"
I1075,14,Мифриловый щит с гербом феникса,"Очень хорошее оружие, защита или инструмент достойны профессионального приключенца. Кромка и крепления хранят следы ударов, которые принял прежний владелец.",128700,Мифриловый щит с гербом феникса — с гербом спасённого королевства,"Геральдика и редкий сердечник превращают защиту в ценную реликвию. Дорогой предмет оказался личным заказом, выполненным без обычных компромиссов. Подлинная метка превращает случайную находку в событие.",643500,"shield,equipment,tier-14"
I1076,14,Стилет придворного мастера клинков,"Очень хорошее оружие, защита или инструмент достойны профессионального приключенца. Короткий клинок удобно осмотреть по заточке, гарде и следам ржавчины.",244200,Стилет придворного мастера клинков — из тайного набора придворного дуэлянта,"Сталь скрывает безупречную закалку и происхождение из личного арсенала мастера. Дорогой предмет оказался личным заказом, выполненным без обычных компромиссов. Состояние почти идеальное, а происхождение подтверждено.",720000,"dagger,equipment,tier-14"
I1077,14,Воронёный меч королевского гвардейца,"Очень хорошее оружие, защита или инструмент достойны профессионального приключенца. Длинный клинок оценивается по балансу, прямизне и состоянию ножен.",178200,Воронёный меч королевского гвардейца — с подписью мастера легендарных клинков,"После очистки открылись подпись оружейника и выдающийся узор закалки. Дорогой предмет оказался личным заказом, выполненным без обычных компромиссов. Знаток заплатит за такую редкость намного больше обычного.",712800,"sword,equipment,tier-14"
I1078,14,Рунная секира подгорного ярла,"Очень хорошее оружие, защита или инструмент достойны профессионального приключенца. Рабочая кромка и посадка топорища показывают характер прежней службы.",145200,Рунная секира подгорного ярла — выкованное для наследника подгорного трона,"Редкий металл держит заточку, а клеймо связывает топор с прославленным походом. Дорогой предмет оказался личным заказом, выполненным без обычных компромиссов. Скрытая деталь делает находку одновременно полезной и коллекционной.",720000,"axe,equipment,tier-14"
I1079,14,Эльфийский длинный лук лунного дерева,"Очень хорошее оружие, защита или инструмент достойны профессионального приключенца. Плечи, тетива и изгиб сохраняют память о множестве выстрелов.",90750,Эльфийский длинный лук лунного дерева — из тисовой рощи первого лучника,"Точная работа даёт исключительную плавность и принадлежит знаменитому стрелку. Дорогой предмет оказался личным заказом, выполненным без обычных компромиссов. Редкая особенность раскрывается только при внимательном осмотре.",544500,"bow,equipment,tier-14"
I1080,14,Колчан стрел для охоты на дракона,"Очень хорошее оружие, защита или инструмент достойны профессионального приключенца. Оперение и наконечник подсказывают назначение боеприпаса.",194700,Колчан стрел для охоты на дракона — с наконечником из упавшей звезды,"Редкая балансировка и особый наконечник делают единственный выстрел чрезвычайно ценным. Дорогой предмет оказался личным заказом, выполненным без обычных компромиссов. Даже неприметный вид не способен скрыть выдающееся качество.",720000,"projectile,equipment,tier-14"
I1081,14,Посох верховного церемониймейстера,"Очень хорошее оружие, защита или инструмент достойны профессионального приключенца. Следы ладоней и дорожные зарубки покрывают посох почти целиком.",158400,Посох верховного церемониймейстера — выросшее из ветви мирового древа,"Внутри древесины обнаружена тонкая сердцевина с полезным необычным свойством. Дорогой предмет оказался личным заказом, выполненным без обычных компромиссов. Вещь сохранилась вопреки возрасту и явно переживёт нового хозяина.",720000,"staff,equipment,tier-14"
I1082,14,Платиновая сбруя императорского скакуна,"Очень хорошее оружие, защита или инструмент достойны профессионального приключенца. Ремни и пряжки подогнаны под конкретного зверя и долгую дорогу.",112200,Платиновая сбруя императорского скакуна — из церемониальной упряжи единорога,"Материалы достойны королевской конюшни и необычно удобны для животного. Дорогой предмет оказался личным заказом, выполненным без обычных компромиссов. История владельца повышает цену не меньше, чем материалы.",673200,"animal,equipment,tier-14"
I1083,14,"Зеркальце, показывающее истинный цвет металла","Очень хорошее оружие, защита или инструмент достойны профессионального приключенца. Едва заметная странность отличает вещицу от совершенно обычного хлама.",217800,"Зеркальце, показывающее истинный цвет металла — с устойчивым малым чудом внутри","Малое чудо оказалось стабильным, полезным и работой известного чародея. Дорогой предмет оказался личным заказом, выполненным без обычных компромиссов. Работа мастера узнаваема и имеет подтверждённую ценность.",720000,"magic,equipment,tier-14"
I1084,14,Гоблинская машина для бесшумного бурения,"Очень хорошее оружие, защита или инструмент достойны профессионального приключенца. Гоблинская практичность смешана здесь с самоуверенным украшательством.",165000,Гоблинская машина для бесшумного бурения — из трофейной кладовой великого вождя,"Вещь принадлежала знаменитому гоблинскому вождю и содержит хитрый секрет. Дорогой предмет оказался личным заказом, выполненным без обычных компромиссов. Неожиданное свойство делает эту версию особенно желанной.",720000,"goblin,equipment,tier-14"
I1085,14,Дварфский набор для огранки адамантина,"Очень хорошее оружие, защита или инструмент достойны профессионального приключенца. Дворфская манера видна по тяжести, рунам и упрямой прочности.",128700,Дварфский набор для огранки адамантина — с рунами прародителя клана,"Руны называют древний клан, а качество достойно наследственной сокровищницы. Дорогой предмет оказался личным заказом, выполненным без обычных компромиссов. На рынке редкостей за неё наверняка начнётся спор.",720000,"dwarf,equipment,tier-14"
I1086,14,Эльфийский венок из серебряных листьев,"Очень хорошее оружие, защита или инструмент достойны профессионального приключенца. Эльфийская работа узнаётся по лёгким линиям и вниманию к мелочам.",244200,Эльфийский венок из серебряных листьев — с подписью мастера Лунного Двора,"Подлинная подпись мастера и редкий материал делают изделие музейным. Дорогой предмет оказался личным заказом, выполненным без обычных компромиссов. Подлинная метка превращает случайную находку в событие.",720000,"elf,equipment,tier-14"
I1087,14,Парадный мундир героя королевства,"Очень хорошее оружие, защита или инструмент достойны профессионального приключенца. Человеческая вещь хранит понятные следы службы, ремонта и дороги.",178200,Парадный мундир героя королевства — из багажа основателя столицы,"Монограмма связывает её с важным историческим лицом, а состояние удивительно хорошо. Дорогой предмет оказался личным заказом, выполненным без обычных компромиссов. Состояние почти идеальное, а происхождение подтверждено.",720000,"human,equipment,tier-14"
I1088,14,Экспедиционный сундук с холодным отделением,"Очень хорошее оружие, защита или инструмент достойны профессионального приключенца. Каждая царапина отмечает новый участок долгого маршрута.",145200,Экспедиционный сундук с холодным отделением — из комплекта Последней Экспедиции,"Эта версия создавалась для великой экспедиции и продумана до последней застёжки. Дорогой предмет оказался личным заказом, выполненным без обычных компромиссов. Знаток заплатит за такую редкость намного больше обычного.",720000,"travel,equipment,tier-14"
I1089,14,Весы для оценки драгоценных камней,"Очень хорошее оружие, защита или инструмент достойны профессионального приключенца. Бирки и упаковка выдают товар, который когда-то ждал покупателя.",90750,Весы для оценки драгоценных камней — из опечатанного товара Гильдии Чудес,"Происхождение и редкость позволяют продать находку серьёзному коллекционеру. Дорогой предмет оказался личным заказом, выполненным без обычных компромиссов. Скрытая деталь делает находку одновременно полезной и коллекционной.",363000,"merchant,equipment,tier-14"
I1090,14,Инструменты мастера витражей великого собора,"Очень хорошее оружие, защита или инструмент достойны профессионального приключенца. Следы краски, глины или клея точно называют ремесло владельца.",194700,Инструменты мастера витражей великого собора — из наследия великого ремесленника,"Инструмент принадлежал признанному мастеру и сам по себе считается произведением искусства. Дорогой предмет оказался личным заказом, выполненным без обычных компромиссов. Редкая особенность раскрывается только при внимательном осмотре.",720000,"artisan,equipment,tier-14"
I1091,14,Императорский фарфоровый сервиз,"Очень хорошее оружие, защита или инструмент достойны профессионального приключенца. Бытовая вещь честно показывает привычки и достаток прежнего дома.",158400,Императорский фарфоровый сервиз — из сервиза посольского дворца,"Незаметная деталь выдаёт заказ для дворца и исключительное качество изготовления. Дорогой предмет оказался личным заказом, выполненным без обычных компромиссов. Даже неприметный вид не способен скрыть выдающееся качество.",720000,"household,equipment,tier-14"
I1092,14,Ключ от внутренней сокровищницы дворца,"Очень хорошее оружие, защита или инструмент достойны профессионального приключенца. Форма бородки обещает замок, который, возможно, ещё существует.",112200,Ключ от внутренней сокровищницы дворца — открывающее хранилище Тайного Совета,"Знак на стержне указывает на особо важную дверь и дорогой секрет за ней. Дорогой предмет оказался личным заказом, выполненным без обычных компромиссов. Вещь сохранилась вопреки возрасту и явно переживёт нового хозяина.",448800,"key,equipment,tier-14"
I1093,14,Карта морского пути сквозь вечный шторм,"Очень хорошее оружие, защита или инструмент достойны профессионального приключенца. Линии маршрута, пятна и исправления оставлены разными путешественниками.",217800,Карта морского пути сквозь вечный шторм — с дорогой к сокровищнице на полях,"Скрытый слой показывает неизвестный путь к месту большой ценности. Дорогой предмет оказался личным заказом, выполненным без обычных компромиссов. История владельца повышает цену не меньше, чем материалы.",720000,"map,equipment,tier-14"
I1094,14,Крупный огранённый александрит,"Очень хорошее оружие, защита или инструмент достойны профессионального приключенца. Свет на гранях помогает отличить камень, стекло и удачную подделку.",165000,Крупный огранённый александрит — огранённое слепым мастером провидцев,"После очистки проявились редкая чистота, огранка и подтверждённое происхождение. Дорогой предмет оказался личным заказом, выполненным без обычных компромиссов. Работа мастера узнаваема и имеет подтверждённую ценность.",720000,"gem,equipment,tier-14"
I1095,14,Механический соловей с сотней песен,"Очень хорошее оружие, защита или инструмент достойны профессионального приключенца. Назначение странности неочевидно, но детали явно сложились не случайно.",128700,Механический соловей с сотней песен — из кабинета придворного исследователя,"Специалист распознает в ней редкость, смысл которой намного дороже внешнего вида. Дорогой предмет оказался личным заказом, выполненным без обычных компромиссов. Неожиданное свойство делает эту версию особенно желанной.",514800,"oddity,equipment,tier-14"
I1096,14,Длинный меч знаменитой столичной кузницы,"Очень хорошее оружие, защита или инструмент достойны профессионального приключенца. Оружие сбалансировано для надёжной службы без громкого имени.",244200,Длинный меч знаменитой столичной кузницы — с удерживающей заточку кромкой,"Лезвие не ржавеет и заметно дольше сохраняет рабочую заточку. Дорогой предмет оказался личным заказом, выполненным без обычных компромиссов. На рынке редкостей за неё наверняка начнётся спор.",720000,"weapon,equipment,tier-14"
I1097,14,Рекурсивный лук из рога и тиса,"Очень хорошее оружие, защита или инструмент достойны профессионального приключенца. Дистанционное оружие собрано ровно и предсказуемо.",178200,Рекурсивный лук из рога и тиса — спокойного прицела,"Небольшое зачарование гасит дрожь рук перед выстрелом по видимой цели. Дорогой предмет оказался личным заказом, выполненным без обычных компромиссов. Подлинная метка превращает случайную находку в событие.",720000,"ranged,equipment,tier-14"
I1098,14,Лёгкий латный доспех турнирного качества,"Очень хорошее оружие, защита или инструмент достойны профессионального приключенца. Защита подогнана для долгого ношения в дороге.",145200,Лёгкий латный доспех турнирного качества — облегчённой посадки,"Вес ощущается меньше во время обычного перехода, но защита не усиливается сверх меры. Дорогой предмет оказался личным заказом, выполненным без обычных компромиссов. Состояние почти идеальное, а происхождение подтверждено.",580800,"armor,equipment,tier-14"
I1099,14,Мифриловый баклер с кожаной рукоятью,"Очень хорошее оружие, защита или инструмент достойны профессионального приключенца. Крепления и кромка рассчитаны на настоящую полевую службу.",90750,Мифриловый баклер с кожаной рукоятью — верного заслона,"Щит сам доворачивается на ладонь против одного неожиданного слабого удара в день. Дорогой предмет оказался личным заказом, выполненным без обычных компромиссов. Знаток заплатит за такую редкость намного больше обычного.",453750,"shield,equipment,tier-14"
I1100,14,Кофр королевского картографа,"Очень хорошее оружие, защита или инструмент достойны профессионального приключенца. Сумка распределяет груз и оставляет важное под рукой.",194700,Кофр королевского картографа — разумной укладки,"Внутренние ремни сами удерживают вещи в выбранном порядке. Дорогой предмет оказался личным заказом, выполненным без обычных компромиссов. Скрытая деталь делает находку одновременно полезной и коллекционной.",720000,"pack,equipment,tier-14"
I1101,14,Набор для штурма отвесных крепостных стен,"Очень хорошее оружие, защита или инструмент достойны профессионального приключенца. Комплект выдерживает вес с разумным запасом прочности.",158400,Набор для штурма отвесных крепостных стен — цепкого подъёма,"Крюки чуть увереннее держатся за естественные трещины камня. Дорогой предмет оказался личным заказом, выполненным без обычных компромиссов. Редкая особенность раскрывается только при внимательном осмотре.",633600,"climbing,equipment,tier-14"
I1102,14,Канат из шёлка гигантского паука,"Очень хорошее оружие, защита или инструмент достойны профессионального приключенца. Верёвка подходит для переправ, страховки и лагерных работ.",112200,Канат из шёлка гигантского паука — послушного узла,"По команде она затягивает или отпускает заранее завязанный узел. Дорогой предмет оказался личным заказом, выполненным без обычных компромиссов. Даже неприметный вид не способен скрыть выдающееся качество.",561000,"rope,equipment,tier-14"
I1103,14,Фонарь с кристаллическим отражателем,"Очень хорошее оружие, защита или инструмент достойны профессионального приключенца. Фонарь защищён от дождя и случайных ударов.",217800,Фонарь с кристаллическим отражателем — ровного света,"Пламя не коптит, а масла хватает примерно вдвое дольше. Дорогой предмет оказался личным заказом, выполненным без обычных компромиссов. Вещь сохранилась вопреки возрасту и явно переживёт нового хозяина.",720000,"light,equipment,tier-14"
I1104,14,Платиновая астролябия экспедиции,"Очень хорошее оружие, защита или инструмент достойны профессионального приключенца. Прибор откалиброван и защищён прочным корпусом.",165000,Платиновая астролябия экспедиции — верного курса,"Стрелка замечает сильные магические помехи и начинает мерцать. Дорогой предмет оказался личным заказом, выполненным без обычных компромиссов. История владельца повышает цену не меньше, чем материалы.",660000,"navigation,equipment,tier-14"
I1105,14,Комплект главного полевого хирурга,"Очень хорошее оружие, защита или инструмент достойны профессионального приключенца. Набор содержит чистые инструменты и понятный запас перевязки.",128700,Комплект главного полевого хирурга — бережного лекаря,"Инструменты сами очищаются после обычной обработки кипятком. Дорогой предмет оказался личным заказом, выполненным без обычных компромиссов. Работа мастера узнаваема и имеет подтверждённую ценность.",643500,"medicine,equipment,tier-14"
I1106,14,Аппарат дистилляции редких эссенций,"Очень хорошее оружие, защита или инструмент достойны профессионального приключенца. Реактивы разложены по защищённым подписанным ёмкостям.",244200,Аппарат дистилляции редких эссенций — чистой реакции,"Посуда меняет оттенок при опасном загрязнении смеси. Дорогой предмет оказался личным заказом, выполненным без обычных компромиссов. Неожиданное свойство делает эту версию особенно желанной.",720000,"alchemy,equipment,tier-14"
I1107,14,Инструменты придворного мастера тайных дверей,"Очень хорошее оружие, защита или инструмент достойны профессионального приключенца. Тонкие инструменты рассчитаны на сложные, но обычные механизмы.",178200,Инструменты придворного мастера тайных дверей — тихого механизма,"Металл приглушает собственный звон и подчёркивает неверно выбранный щуп. Дорогой предмет оказался личным заказом, выполненным без обычных компромиссов. На рынке редкостей за неё наверняка начнётся спор.",712800,"thieves,equipment,tier-14"
I1108,14,Тяжёлое копьё охотника на виверн,"Очень хорошее оружие, защита или инструмент достойны профессионального приключенца. Снаряжение подходит для следопыта и промысловика.",145200,Тяжёлое копьё охотника на виверн — ясного следа,"На короткое время делает свежие следы заметнее владельцу. Дорогой предмет оказался личным заказом, выполненным без обычных компромиссов. Подлинная метка превращает случайную находку в событие.",720000,"hunting,equipment,tier-14"
I1109,14,Гарпун с катушкой из белой бронзы,"Очень хорошее оружие, защита или инструмент достойны профессионального приключенца. Снасть выдержит крупную речную или морскую добычу.",90750,Гарпун с катушкой из белой бронзы — чувствующей лески,"Владелец безошибочно отличает поклёвку от течения и коряг. Дорогой предмет оказался личным заказом, выполненным без обычных компромиссов. Состояние почти идеальное, а происхождение подтверждено.",544500,"fishing,equipment,tier-14"
I1110,14,Павильон командующего экспедицией,"Очень хорошее оружие, защита или инструмент достойны профессионального приключенца. Комплект собран для непогоды и трудной местности.",194700,Павильон командующего экспедицией — надёжного привала,"Вещь помогает сохранить небольшой участок лагеря сухим и тёплым. Дорогой предмет оказался личным заказом, выполненным без обычных компромиссов. Знаток заплатит за такую редкость намного больше обычного.",720000,"survival,equipment,tier-14"
I1111,14,Сапоги из кожи полярного хищника,"Очень хорошее оружие, защита или инструмент достойны профессионального приключенца. Подошва и швы рассчитаны на многие лиги пути.",158400,Сапоги из кожи полярного хищника — уверенного шага,"Обувь лучше держится на обычном льду, грязи и мокром камне. Дорогой предмет оказался личным заказом, выполненным без обычных компромиссов. Скрытая деталь делает находку одновременно полезной и коллекционной.",720000,"footwear,equipment,tier-14"
I1112,14,Перчатки из тонкой драконьей кожи,"Очень хорошее оружие, защита или инструмент достойны профессионального приключенца. Перчатки защищают ладони, не мешая точной работе.",112200,Перчатки из тонкой драконьей кожи — твёрдой хватки,"Рукояти инструментов реже выскальзывают из рук владельца. Дорогой предмет оказался личным заказом, выполненным без обычных компромиссов. Редкая особенность раскрывается только при внимательном осмотре.",673200,"gloves,equipment,tier-14"
I1113,14,Маскировочный плащ королевского егеря,"Очень хорошее оружие, защита или инструмент достойны профессионального приключенца. Плотная ткань закрывает от ветра и дорожной пыли.",217800,Маскировочный плащ королевского егеря — тихой непогоды,"Дождь скатывается с плаща, а ткань не хлопает на ветру. Дорогой предмет оказался личным заказом, выполненным без обычных компромиссов. Даже неприметный вид не способен скрыть выдающееся качество.",720000,"cloak,equipment,tier-14"
I1114,14,Перевязь капитана дворцовой стражи,"Очень хорошее оружие, защита или инструмент достойны профессионального приключенца. Пояс несёт подсумки и распределяет их вес.",165000,Перевязь капитана дворцовой стражи — готового снаряжения,"Нужный закреплённый предмет слегка подаётся к руке владельца. Дорогой предмет оказался личным заказом, выполненным без обычных компромиссов. Вещь сохранилась вопреки возрасту и явно переживёт нового хозяина.",720000,"belt,equipment,tier-14"
I1115,14,Колчан идеально выверенных стрел,"Очень хорошее оружие, защита или инструмент достойны профессионального приключенца. Боеприпасы защищены от сырости и выпадения.",128700,Колчан идеально выверенных стрел — бережного стрелка,"Оперение внутри не мнётся, а наконечники не звенят друг о друга. Дорогой предмет оказался личным заказом, выполненным без обычных компромиссов. История владельца повышает цену не меньше, чем материалы.",720000,"quiver,equipment,tier-14"
I1116,14,Набор для ремонта дорогих доспехов,"Очень хорошее оружие, защита или инструмент достойны профессионального приключенца. Инструменты позволяют чинить снаряжение в полевых условиях.",244200,Набор для ремонта дорогих доспехов — быстрой починки,"Один мелкий ремонт в день получается особенно аккуратным и прочным. Дорогой предмет оказался личным заказом, выполненным без обычных компромиссов. Работа мастера узнаваема и имеет подтверждённую ценность.",720000,"repair,equipment,tier-14"
I1117,14,Складная кузня оружейного мастера,"Очень хорошее оружие, защита или инструмент достойны профессионального приключенца. Набор годится для обслуживания оружия и металлической оснастки.",178200,Складная кузня оружейного мастера — ровной закалки,"Металл под инструментом нагревается равномернее и реже коробится. Дорогой предмет оказался личным заказом, выполненным без обычных компромиссов. Неожиданное свойство делает эту версию особенно желанной.",720000,"smithing,equipment,tier-14"
I1118,14,Военный атлас приграничных крепостей,"Очень хорошее оружие, защита или инструмент достойны профессионального приключенца. Карта содержит практические маршруты и ориентиры.",145200,Военный атлас приграничных крепостей — живых пометок,"Сделанные владельцем отметки не смываются дождём и бледнеют после исполнения. Дорогой предмет оказался личным заказом, выполненным без обычных компромиссов. На рынке редкостей за неё наверняка начнётся спор.",720000,"map,equipment,tier-14"
I1119,14,Парадное седло тяжёлой кавалерии,"Очень хорошее оружие, защита или инструмент достойны профессионального приключенца. Сбруя или уходовый комплект рассчитаны на походное животное.",90750,Парадное седло тяжёлой кавалерии — спокойного скакуна,"Животное быстрее привыкает к владельцу и шуму обычной дороги. Дорогой предмет оказался личным заказом, выполненным без обычных компромиссов. Подлинная метка превращает случайную находку в событие.",363000,"animal,equipment,tier-14"
I1120,14,Боевой рог с серебряным раструбом,"Очень хорошее оружие, защита или инструмент достойны профессионального приключенца. Средство связи хорошо слышно или видно в полевых условиях.",194700,Боевой рог с серебряным раструбом — далёкого сигнала,"Сигнал различают союзники владельца даже среди ветра и обычного шума. Дорогой предмет оказался личным заказом, выполненным без обычных компромиссов. Состояние почти идеальное, а происхождение подтверждено.",720000,"signal,equipment,tier-14"
I1121,15,Диадема последнего князя Сапфирового берега,Редкое мастерское снаряжение сразу ощущается настоящей ценной находкой. Форма и следы носки сразу выдают историю головного убора.,260000,Диадема последнего князя Сапфирового берега — из гардероба лунной княгини,"Материал оказался редким, а внутренняя метка связывает вещь с известным владельцем. Очень редкая вещь сохранила документированную связь с событием большой истории. Знаток заплатит за такую редкость намного больше обычного.",780000,"headwear,equipment,tier-15"
I1122,15,Сапоги из мягкой шкуры небесного ската,"Редкое мастерское снаряжение сразу ощущается настоящей ценной находкой. Подошва, застёжки и размер делают эту обувь вполне узнаваемой находкой.",202800,Сапоги из мягкой шкуры небесного ската — с парной печатью королевского сапожника,Под неприметным верхом скрылись работа прославленного сапожника и дорогая подкладка. Очень редкая вещь сохранила документированную связь с событием большой истории. Скрытая деталь делает находку одновременно полезной и коллекционной.,800000,"footwear,equipment,tier-15"
I1123,15,Мантия посла Летнего Двора,"Редкое мастерское снаряжение сразу ощущается настоящей ценной находкой. Ткань сохранила запах дороги, мастерской или прежнего хозяина.",384800,Мантия посла Летнего Двора — из дорожного сундука архимага,"Швы выполнены драгоценной нитью, а покрой имеет коллекционное происхождение. Очень редкая вещь сохранила документированную связь с событием большой истории. Редкая особенность раскрывается только при внимательном осмотре.",800000,"clothes,equipment,tier-15"
I1124,15,Столовый набор из цельного лунного серебра,Редкое мастерское снаряжение сразу ощущается настоящей ценной находкой. На поверхности остались царапины от долгого и не всегда бережного использования.,280800,Столовый набор из цельного лунного серебра — с клеймом коронационного мастера,Клеймо мастера подтверждает редкий сплав и важную историю этой утвари. Очень редкая вещь сохранила документированную связь с событием большой истории. Даже неприметный вид не способен скрыть выдающееся качество.,800000,"utensil,equipment,tier-15"
I1125,15,"Жаровня, вырезанная из цельного рубина",Редкое мастерское снаряжение сразу ощущается настоящей ценной находкой. Копоть и вмятины рассказывают о множестве походных ужинов.,228800,"Жаровня, вырезанная из цельного рубина — из кухни исчезнувшей династии",Под слоем нагара обнаружилась безупречная работа знаменитой дворцовой кухни. Очень редкая вещь сохранила документированную связь с событием большой истории. Вещь сохранилась вопреки возрасту и явно переживёт нового хозяина.,800000,"cookware,equipment,tier-15"
I1126,15,Запечатанный десерт со стола короля-фея,"Редкое мастерское снаряжение сразу ощущается настоящей ценной находкой. Запах, корочка и упаковка позволяют оценить свежесть без рискованной дегустации.",143000,Запечатанный десерт со стола короля-фея — по рецепту небесного кондитера,"Редкий рецепт и идеально сохранившиеся ингредиенты превращают еду в дорогой деликатес. Очень редкая вещь сохранила документированную связь с событием большой истории. История владельца повышает цену не меньше, чем материалы.",715000,"food,equipment,tier-15"
I1127,15,Кувшин вина первого урожая древней лозы,"Редкое мастерское снаряжение сразу ощущается настоящей ценной находкой. Содержимое тихо плещется и пахнет ровно так, как обещает его вид.",306800,Кувшин вина первого урожая древней лозы — из последней бочки императорского погреба,Печать на сосуде указывает на исключительную выдержку и знаменитую партию. Очень редкая вещь сохранила документированную связь с событием большой истории. Работа мастера узнаваема и имеет подтверждённую ценность.,800000,"drink,equipment,tier-15"
I1128,15,Игральные кости оракула Девяти Дорог,"Редкое мастерское снаряжение сразу ощущается настоящей ценной находкой. На кости заметны насечки, следы зубов или попытка придать ей смысл.",249600,Игральные кости оракула Девяти Дорог — с летописью древнего чудовища,"Знаки оказались исторической записью, а сама кость принадлежала необычному существу. Очень редкая вещь сохранила документированную связь с событием большой истории. Неожиданное свойство делает эту версию особенно желанной.",800000,"bones,equipment,tier-15"
I1129,15,"Молот мастера, ковавшего королевские регалии","Редкое мастерское снаряжение сразу ощущается настоящей ценной находкой. Баланс рукояти показывает, годится ли находка для настоящей работы.",176800,"Молот мастера, ковавшего королевские регалии — работы кузнеца Семи Башен",Скрытое клеймо подтверждает происхождение из мастерской великого кузнеца. Очень редкая вещь сохранила документированную связь с событием большой истории. На рынке редкостей за неё наверняка начнётся спор.,800000,"hammer,equipment,tier-15"
I1130,15,Катушка нити из гривы единорога,Редкое мастерское снаряжение сразу ощущается настоящей ценной находкой. Тонкий инструмент пережил владельца и сохранил следы его ремесла.,343200,Катушка нити из гривы единорога — из набора швеи при дворе фей,Игла сделана из необычного металла и выполняет тонкую работу почти без усилий. Очень редкая вещь сохранила документированную связь с событием большой истории. Подлинная метка превращает случайную находку в событие.,800000,"needle,equipment,tier-15"
I1131,15,"Трос, сплетённый морскими великанами","Редкое мастерское снаряжение сразу ощущается настоящей ценной находкой. Волокна, узлы и влажность честно показывают остаток прочности.",260000,"Трос, сплетённый морскими великанами — сплетённая хранителями маяка","Плетение не боится огня и воды, хотя с виду верёвка остаётся совершенно обычной. Очень редкая вещь сохранила документированную связь с событием большой истории. Состояние почти идеальное, а происхождение подтверждено.",800000,"rope,equipment,tier-15"
I1132,15,Ларец княжеских договоров с живым замком,Редкое мастерское снаряжение сразу ощущается настоящей ценной находкой. Внутри сохранился запах прежнего содержимого и немного дорожной пыли.,202800,Ларец княжеских договоров с живым замком — с тайным отделением королевского курьера,Потайной шов открыл ценную работу и надёжное внутреннее отделение. Очень редкая вещь сохранила документированную связь с событием большой истории. Знаток заплатит за такую редкость намного больше обычного.,800000,"container,equipment,tier-15"
I1133,15,Перо последнего летописца драконов,Редкое мастерское снаряжение сразу ощущается настоящей ценной находкой. Пятна чернил и состояние наконечника говорят о последнем писавшем.,384800,Перо последнего летописца драконов — принадлежавшее великому летописцу,"Инструмент узнаёт руку владельца и оставляет особенно стойкие, красивые линии. Очень редкая вещь сохранила документированную связь с событием большой истории. Скрытая деталь делает находку одновременно полезной и коллекционной.",800000,"writing,equipment,tier-15"
I1134,15,Уцелевший том библиотеки затонувшего города,"Редкое мастерское снаряжение сразу ощущается настоящей ценной находкой. Переплёт, поля и закладки выдают, насколько часто текстом пользовались.",280800,Уцелевший том библиотеки затонувшего города — с авторскими пометами первого издания,"Между страницами обнаружены авторские пометы, резко повышающие ценность тома. Очень редкая вещь сохранила документированную связь с событием большой истории. Редкая особенность раскрывается только при внимательном осмотре.",800000,"book,equipment,tier-15"
I1135,15,Грамота о владении островом-призраком,"Редкое мастерское снаряжение сразу ощущается настоящей ценной находкой. Печати и подписи можно изучить, хотя назначение бумаги не всегда радует.",228800,Грамота о владении островом-призраком — скреплённое печатью забытого престола,"Подлинность подтверждена редкой печатью, а содержание имеет историческую цену. Очень редкая вещь сохранила документированную связь с событием большой истории. Даже неприметный вид не способен скрыть выдающееся качество.",800000,"document,equipment,tier-15"
I1136,15,Набор монет исчезнувшей империи,Редкое мастерское снаряжение сразу ощущается настоящей ценной находкой. Находка связана с мелкой торговлей и хранит следы множества рук.,143000,Набор монет исчезнувшей империи — из закрытой коллекции монетного двора,Незаметная отметка превращает торговую мелочь в редкий нумизматический объект. Очень редкая вещь сохранила документированную связь с событием большой истории. Вещь сохранилась вопреки возрасту и явно переживёт нового хозяина.,429000,"trade,equipment,tier-15"
I1137,15,Ожерелье из чёрных звёздных сапфиров,Редкое мастерское снаряжение сразу ощущается настоящей ценной находкой. Даже при беглом осмотре видны качество оправы и состояние металла.,306800,Ожерелье из чёрных звёздных сапфиров — из сокровищницы звёздного ювелира,"Камни и металл подтвердили происхождение из известной ювелирной школы. Очень редкая вещь сохранила документированную связь с событием большой истории. История владельца повышает цену не меньше, чем материалы.",800000,"jewelry,equipment,tier-15"
I1138,15,Миниатюрный механический планетарий,Редкое мастерское снаряжение сразу ощущается настоящей ценной находкой. Игрушка пережила шумные игры и несколько неумелых починок.,249600,Миниатюрный механический планетарий — первой серии великого игрушечника,"Это ранняя работа знаменитого мастера, сохранившая редкий механизм. Очень редкая вещь сохранила документированную связь с событием большой истории. Работа мастера узнаваема и имеет подтверждённую ценность.",800000,"toy,equipment,tier-15"
I1139,15,Сердце-дарохранительница древнего собора,"Редкое мастерское снаряжение сразу ощущается настоящей ценной находкой. Символы нанесены старательно, хотя их смысл понятен не каждому жрецу.",176800,Сердце-дарохранительница древнего собора — признанная храмовой реликвией,Реликвия признана храмом и несёт след подлинного благословения. Очень редкая вещь сохранила документированную связь с событием большой истории. Неожиданное свойство делает эту версию особенно желанной.,530400,"religion,equipment,tier-15"
I1140,15,"Скрипка, принадлежавшая бессмертному виртуозу","Редкое мастерское снаряжение сразу ощущается настоящей ценной находкой. Звук зависит от состояния дерева, металла и терпения исполнителя.",343200,"Скрипка, принадлежавшая бессмертному виртуозу — из личного оркестра серебряного дракона",Редкий тембр и подпись мастера делают инструмент желанным для коллекционера. Очень редкая вещь сохранила документированную связь с событием большой истории. На рынке редкостей за неё наверняка начнётся спор.,800000,"music,equipment,tier-15"
I1141,15,Копьё победителя Великой охоты,"Редкое мастерское снаряжение сразу ощущается настоящей ценной находкой. Потёртости показывают, на какую добычу и как часто с вещью ходили.",260000,Копьё победителя Великой охоты — из арсенала королевского ловчего,Точная подгонка и необычный материал заметно улучшают охотничьи свойства. Очень редкая вещь сохранила документированную связь с событием большой истории. Подлинная метка превращает случайную находку в событие.,800000,"hunting,equipment,tier-15"
I1142,15,Гарпун из кости морского исполина,"Редкое мастерское снаряжение сразу ощущается настоящей ценной находкой. Соль, леска и чешуя оставили на снасти честную биографию.",202800,Гарпун из кости морского исполина — снасть легендарного речного следопыта,"Снасть принадлежала знаменитому ловцу и безошибочно чувствует крупную добычу. Очень редкая вещь сохранила документированную связь с событием большой истории. Состояние почти идеальное, а происхождение подтверждено.",608400,"fishing,equipment,tier-15"
I1143,15,Хронометр кругосветного плавания,Редкое мастерское снаряжение сразу ощущается настоящей ценной находкой. Запах смолы и соли выдаёт долгую службу рядом с водой.,384800,Хронометр кругосветного плавания — с флагмана пропавшей экспедиции,Корабельная метка связывает находку с легендарным плаванием. Очень редкая вещь сохранила документированную связь с событием большой истории. Знаток заплатит за такую редкость намного больше обычного.,800000,"nautical,equipment,tier-15"
I1144,15,Серп жреца богини жатвы,Редкое мастерское снаряжение сразу ощущается настоящей ценной находкой. Земля в щелях и затёртая рукоять говорят о привычной работе.,280800,Серп жреца богини жатвы — награда победителю Праздника Урожая,Инструмент идеально сбалансирован и когда-то был наградой лучшему земледельцу. Очень редкая вещь сохранила документированную связь с событием большой истории. Скрытая деталь делает находку одновременно полезной и коллекционной.,800000,"farming,equipment,tier-15"
I1145,15,Кирка первооткрывателя мифриловой жилы,Редкое мастерское снаряжение сразу ощущается настоящей ценной находкой. Каменная пыль забилась в каждую выемку этой шахтёрской вещи.,228800,Кирка первооткрывателя мифриловой жилы — настроенное на жилу звёздного серебра,Находка откликается на ценные жилы едва заметным теплом. Очень редкая вещь сохранила документированную связь с событием большой истории. Редкая особенность раскрывается только при внимательном осмотре.,686400,"mining,equipment,tier-15"
I1146,15,Резцы создателя говорящих статуй,Редкое мастерское снаряжение сразу ощущается настоящей ценной находкой. Смола и тонкая стружка сохранились возле рабочих кромок.,143000,Резцы создателя говорящих статуй — из мастерской говорящего дерева,Работа принадлежит именитому резчику и удивительно бережно обращается с деревом. Очень редкая вещь сохранила документированную связь с событием большой истории. Даже неприметный вид не способен скрыть выдающееся качество.,572000,"woodcraft,equipment,tier-15"
I1147,15,Горн для плавки звёздного металла,Редкое мастерское снаряжение сразу ощущается настоящей ценной находкой. Окалина и следы жара не оставляют сомнений в кузнечном прошлом.,306800,Горн для плавки звёздного металла — закалённое в огне Великой Кузни,Сплав и закалка соответствуют утраченной технике большой мастерской. Очень редкая вещь сохранила документированную связь с событием большой истории. Вещь сохранилась вопреки возрасту и явно переживёт нового хозяина.,800000,"smithing,equipment,tier-15"
I1148,15,Набор ключей короля воров,"Редкое мастерское снаряжение сразу ощущается настоящей ценной находкой. Размер и гибкость намекают на задачи, о которых не пишут в накладных.",249600,Набор ключей короля воров — из комплекта королевской разведки,"Набор создан для королевского разведчика и почти не оставляет следов применения. Очень редкая вещь сохранила документированную связь с событием большой истории. История владельца повышает цену не меньше, чем материалы.",748800,"thieves,equipment,tier-15"
I1149,15,Эликсирный аппарат школы бессмертия,"Редкое мастерское снаряжение сразу ощущается настоящей ценной находкой. Осадок и цвет позволяют строить догадки, но не советуют пробовать содержимое.",176800,Эликсирный аппарат школы бессмертия — из лаборатории первого трансмутатора,Состав сохранил чистоту и относится к редкой работе признанного алхимика. Очень редкая вещь сохранила документированную связь с событием большой истории. Работа мастера узнаваема и имеет подтверждённую ценность.,707200,"alchemy,equipment,tier-15"
I1150,15,"Сумка хирурга, спасшего династию",Редкое мастерское снаряжение сразу ощущается настоящей ценной находкой. Запах трав и аккуратность упаковки показывают уровень прежнего лекаря.,343200,"Сумка хирурга, спасшего династию — из сумки святого полевого лекаря",Внутри обнаружены дорогие средства полевого хирурга и безупречные инструменты. Очень редкая вещь сохранила документированную связь с событием большой истории. Неожиданное свойство делает эту версию особенно желанной.,800000,"medicine,equipment,tier-15"
I1151,15,Павильон пустынного шаха,Редкое мастерское снаряжение сразу ощущается настоящей ценной находкой. Пыль дорог и следы дождя видны сильнее любой торговой марки.,260000,Павильон пустынного шаха — из снаряжения похода за край карты,"Снаряжение необычно лёгкое, прочное и рассчитано на самые тяжёлые переходы. Очень редкая вещь сохранила документированную связь с событием большой истории. На рынке редкостей за неё наверняка начнётся спор.",780000,"camping,equipment,tier-15"
I1152,15,Светильник из осколка северного сияния,"Редкое мастерское снаряжение сразу ощущается настоящей ценной находкой. Копоть вокруг огня рассказывает, насколько ровно он когда-то горел.",202800,Светильник из осколка северного сияния — с негасимым огнём хранителей рассвета,Источник света расходует топливо почти незаметно и не гаснет от обычного ветра. Очень редкая вещь сохранила документированную связь с событием большой истории. Подлинная метка превращает случайную находку в событие.,800000,"light,equipment,tier-15"
I1153,15,Навигационная сфера небесного флота,"Редкое мастерское снаряжение сразу ощущается настоящей ценной находкой. Стрелки, шкалы и потёртый корпус ещё могут подсказать направление.",384800,Навигационная сфера небесного флота — из обсерватории забытого мореплавателя,"Прибор изготовлен для дальней экспедиции и замечает даже магические искажения пути. Очень редкая вещь сохранила документированную связь с событием большой истории. Состояние почти идеальное, а происхождение подтверждено.",800000,"navigation,equipment,tier-15"
I1154,15,Доспех из пластин молодого дракона,"Редкое мастерское снаряжение сразу ощущается настоящей ценной находкой. Вмятины и ремни показывают, какую защиту предмет способен дать сейчас.",280800,Доспех из пластин молодого дракона — из личной оружейной палаты героя,Под поздними заплатами обнаружена работа оружейника исторического значения. Очень редкая вещь сохранила документированную связь с событием большой истории. Знаток заплатит за такую редкость намного больше обычного.,800000,"armor,equipment,tier-15"
I1155,15,Щит основателя ордена Рассвета,"Редкое мастерское снаряжение сразу ощущается настоящей ценной находкой. Кромка и крепления хранят следы ударов, которые принял прежний владелец.",228800,Щит основателя ордена Рассвета — с гербом спасённого королевства,Геральдика и редкий сердечник превращают защиту в ценную реликвию. Очень редкая вещь сохранила документированную связь с событием большой истории. Скрытая деталь делает находку одновременно полезной и коллекционной.,800000,"shield,equipment,tier-15"
I1156,15,Кинжал с рукоятью из цельного изумруда,"Редкое мастерское снаряжение сразу ощущается настоящей ценной находкой. Короткий клинок удобно осмотреть по заточке, гарде и следам ржавчины.",143000,Кинжал с рукоятью из цельного изумруда — из тайного набора придворного дуэлянта,Сталь скрывает безупречную закалку и происхождение из личного арсенала мастера. Очень редкая вещь сохранила документированную связь с событием большой истории. Редкая особенность раскрывается только при внимательном осмотре.,715000,"dagger,equipment,tier-15"
I1157,15,Меч победителя Семи Дуэлей,"Редкое мастерское снаряжение сразу ощущается настоящей ценной находкой. Длинный клинок оценивается по балансу, прямизне и состоянию ножен.",306800,Меч победителя Семи Дуэлей — с подписью мастера легендарных клинков,После очистки открылись подпись оружейника и выдающийся узор закалки. Очень редкая вещь сохранила документированную связь с событием большой истории. Даже неприметный вид не способен скрыть выдающееся качество.,800000,"sword,equipment,tier-15"
I1158,15,"Секира, расколовшая врата великанов",Редкое мастерское снаряжение сразу ощущается настоящей ценной находкой. Рабочая кромка и посадка топорища показывают характер прежней службы.,249600,"Секира, расколовшая врата великанов — выкованное для наследника подгорного трона","Редкий металл держит заточку, а клеймо связывает топор с прославленным походом. Очень редкая вещь сохранила документированную связь с событием большой истории. Вещь сохранилась вопреки возрасту и явно переживёт нового хозяина.",800000,"axe,equipment,tier-15"
I1159,15,Лук хранителя Золотой рощи,"Редкое мастерское снаряжение сразу ощущается настоящей ценной находкой. Плечи, тетива и изгиб сохраняют память о множестве выстрелов.",176800,Лук хранителя Золотой рощи — из тисовой рощи первого лучника,"Точная работа даёт исключительную плавность и принадлежит знаменитому стрелку. Очень редкая вещь сохранила документированную связь с событием большой истории. История владельца повышает цену не меньше, чем материалы.",800000,"bow,equipment,tier-15"
I1160,15,"Стрела, предназначенная для короля чудовищ",Редкое мастерское снаряжение сразу ощущается настоящей ценной находкой. Оперение и наконечник подсказывают назначение боеприпаса.,343200,"Стрела, предназначенная для короля чудовищ — с наконечником из упавшей звезды",Редкая балансировка и особый наконечник делают единственный выстрел чрезвычайно ценным. Очень редкая вещь сохранила документированную связь с событием большой истории. Работа мастера узнаваема и имеет подтверждённую ценность.,800000,"projectile,equipment,tier-15"
I1161,15,Посох первого придворного астролога,Редкое мастерское снаряжение сразу ощущается настоящей ценной находкой. Следы ладоней и дорожные зарубки покрывают посох почти целиком.,260000,Посох первого придворного астролога — выросшее из ветви мирового древа,Внутри древесины обнаружена тонкая сердцевина с полезным необычным свойством. Очень редкая вещь сохранила документированную связь с событием большой истории. Неожиданное свойство делает эту версию особенно желанной.,800000,"staff,equipment,tier-15"
I1162,15,Седло укротителя королевских пегасов,Редкое мастерское снаряжение сразу ощущается настоящей ценной находкой. Ремни и пряжки подогнаны под конкретного зверя и долгую дорогу.,202800,Седло укротителя королевских пегасов — из церемониальной упряжи единорога,Материалы достойны королевской конюшни и необычно удобны для животного. Очень редкая вещь сохранила документированную связь с событием большой истории. На рынке редкостей за неё наверняка начнётся спор.,800000,"animal,equipment,tier-15"
I1163,15,"Часы, показывающие время в родном доме",Редкое мастерское снаряжение сразу ощущается настоящей ценной находкой. Едва заметная странность отличает вещицу от совершенно обычного хлама.,384800,"Часы, показывающие время в родном доме — с устойчивым малым чудом внутри","Малое чудо оказалось стабильным, полезным и работой известного чародея. Очень редкая вещь сохранила документированную связь с событием большой истории. Подлинная метка превращает случайную находку в событие.",800000,"magic,equipment,tier-15"
I1164,15,Гоблинский автомат королевского сапёра,Редкое мастерское снаряжение сразу ощущается настоящей ценной находкой. Гоблинская практичность смешана здесь с самоуверенным украшательством.,280800,Гоблинский автомат королевского сапёра — из трофейной кладовой великого вождя,"Вещь принадлежала знаменитому гоблинскому вождю и содержит хитрый секрет. Очень редкая вещь сохранила документированную связь с событием большой истории. Состояние почти идеальное, а происхождение подтверждено.",800000,"goblin,equipment,tier-15"
I1165,15,Дварфский эталонный резец Великой Кузни,"Редкое мастерское снаряжение сразу ощущается настоящей ценной находкой. Дворфская манера видна по тяжести, рунам и упрямой прочности.",228800,Дварфский эталонный резец Великой Кузни — с рунами прародителя клана,"Руны называют древний клан, а качество достойно наследственной сокровищницы. Очень редкая вещь сохранила документированную связь с событием большой истории. Знаток заплатит за такую редкость намного больше обычного.",800000,"dwarf,equipment,tier-15"
I1166,15,Эльфийская накидка из ткани утреннего тумана,Редкое мастерское снаряжение сразу ощущается настоящей ценной находкой. Эльфийская работа узнаётся по лёгким линиям и вниманию к мелочам.,143000,Эльфийская накидка из ткани утреннего тумана — с подписью мастера Лунного Двора,Подлинная подпись мастера и редкий материал делают изделие музейным. Очень редкая вещь сохранила документированную связь с событием большой истории. Скрытая деталь делает находку одновременно полезной и коллекционной.,429000,"elf,equipment,tier-15"
I1167,15,Коронационный перевязь полководца,"Редкое мастерское снаряжение сразу ощущается настоящей ценной находкой. Человеческая вещь хранит понятные следы службы, ремонта и дороги.",306800,Коронационный перевязь полководца — из багажа основателя столицы,"Монограмма связывает её с важным историческим лицом, а состояние удивительно хорошо. Очень редкая вещь сохранила документированную связь с событием большой истории. Редкая особенность раскрывается только при внимательном осмотре.",800000,"human,equipment,tier-15"
I1168,15,Сундук с гербами всех великих экспедиций,Редкое мастерское снаряжение сразу ощущается настоящей ценной находкой. Каждая царапина отмечает новый участок долгого маршрута.,249600,Сундук с гербами всех великих экспедиций — из комплекта Последней Экспедиции,Эта версия создавалась для великой экспедиции и продумана до последней застёжки. Очень редкая вещь сохранила документированную связь с событием большой истории. Даже неприметный вид не способен скрыть выдающееся качество.,800000,"travel,equipment,tier-15"
I1169,15,Купеческая печать Дороги Шёлка,"Редкое мастерское снаряжение сразу ощущается настоящей ценной находкой. Бирки и упаковка выдают товар, который когда-то ждал покупателя.",176800,Купеческая печать Дороги Шёлка — из опечатанного товара Гильдии Чудес,Происхождение и редкость позволяют продать находку серьёзному коллекционеру. Очень редкая вещь сохранила документированную связь с событием большой истории. Вещь сохранилась вопреки возрасту и явно переживёт нового хозяина.,530400,"merchant,equipment,tier-15"
I1170,15,Инструменты архитектора Хрустального дворца,"Редкое мастерское снаряжение сразу ощущается настоящей ценной находкой. Следы краски, глины или клея точно называют ремесло владельца.",343200,Инструменты архитектора Хрустального дворца — из наследия великого ремесленника,"Инструмент принадлежал признанному мастеру и сам по себе считается произведением искусства. Очень редкая вещь сохранила документированную связь с событием большой истории. История владельца повышает цену не меньше, чем материалы.",800000,"artisan,equipment,tier-15"
I1171,15,Чайный сервиз императрицы журавлей,Редкое мастерское снаряжение сразу ощущается настоящей ценной находкой. Бытовая вещь честно показывает привычки и достаток прежнего дома.,260000,Чайный сервиз императрицы журавлей — из сервиза посольского дворца,Незаметная деталь выдаёт заказ для дворца и исключительное качество изготовления. Очень редкая вещь сохранила документированную связь с событием большой истории. Работа мастера узнаваема и имеет подтверждённую ценность.,800000,"household,equipment,tier-15"
I1172,15,Ключ от запечатанного дворца под горой,"Редкое мастерское снаряжение сразу ощущается настоящей ценной находкой. Форма бородки обещает замок, который, возможно, ещё существует.",202800,Ключ от запечатанного дворца под горой — открывающее хранилище Тайного Совета,Знак на стержне указывает на особо важную дверь и дорогой секрет за ней. Очень редкая вещь сохранила документированную связь с событием большой истории. Неожиданное свойство делает эту версию особенно желанной.,608400,"key,equipment,tier-15"
I1173,15,Карта берегов до Великого Потопа,"Редкое мастерское снаряжение сразу ощущается настоящей ценной находкой. Линии маршрута, пятна и исправления оставлены разными путешественниками.",384800,Карта берегов до Великого Потопа — с дорогой к сокровищнице на полях,Скрытый слой показывает неизвестный путь к месту большой ценности. Очень редкая вещь сохранила документированную связь с событием большой истории. На рынке редкостей за неё наверняка начнётся спор.,800000,"map,equipment,tier-15"
I1174,15,Безупречный императорский алмаз,"Редкое мастерское снаряжение сразу ощущается настоящей ценной находкой. Свет на гранях помогает отличить камень, стекло и удачную подделку.",280800,Безупречный императорский алмаз — огранённое слепым мастером провидцев,"После очистки проявились редкая чистота, огранка и подтверждённое происхождение. Очень редкая вещь сохранила документированную связь с событием большой истории. Подлинная метка превращает случайную находку в событие.",800000,"gem,equipment,tier-15"
I1175,15,Хрустальный куб с голосами древних послов,"Редкое мастерское снаряжение сразу ощущается настоящей ценной находкой. Назначение странности неочевидно, но детали явно сложились не случайно.",228800,Хрустальный куб с голосами древних послов — из кабинета придворного исследователя,"Специалист распознает в ней редкость, смысл которой намного дороже внешнего вида. Очень редкая вещь сохранила документированную связь с событием большой истории. Состояние почти идеальное, а происхождение подтверждено.",686400,"oddity,equipment,tier-15"
I1176,15,Заказной клинок мастера Белой наковальни,Редкое мастерское снаряжение сразу ощущается настоящей ценной находкой. Оружие сбалансировано для надёжной службы без громкого имени.,143000,Заказной клинок мастера Белой наковальни — с удерживающей заточку кромкой,Лезвие не ржавеет и заметно дольше сохраняет рабочую заточку. Очень редкая вещь сохранила документированную связь с событием большой истории. Знаток заплатит за такую редкость намного больше обычного.,572000,"weapon,equipment,tier-15"
I1177,15,Длинный лук старшего мастера Лесной гильдии,Редкое мастерское снаряжение сразу ощущается настоящей ценной находкой. Дистанционное оружие собрано ровно и предсказуемо.,306800,Длинный лук старшего мастера Лесной гильдии — спокойного прицела,Небольшое зачарование гасит дрожь рук перед выстрелом по видимой цели. Очень редкая вещь сохранила документированную связь с событием большой истории. Скрытая деталь делает находку одновременно полезной и коллекционной.,800000,"ranged,equipment,tier-15"
I1178,15,Парадно-боевой доспех княжеской гвардии,Редкое мастерское снаряжение сразу ощущается настоящей ценной находкой. Защита подогнана для долгого ношения в дороге.,249600,Парадно-боевой доспех княжеской гвардии — облегчённой посадки,"Вес ощущается меньше во время обычного перехода, но защита не усиливается сверх меры. Очень редкая вещь сохранила документированную связь с событием большой истории. Редкая особенность раскрывается только при внимательном осмотре.",748800,"armor,equipment,tier-15"
I1179,15,Щит чемпиона столичного турнира,Редкое мастерское снаряжение сразу ощущается настоящей ценной находкой. Крепления и кромка рассчитаны на настоящую полевую службу.,176800,Щит чемпиона столичного турнира — верного заслона,Щит сам доворачивается на ладонь против одного неожиданного слабого удара в день. Очень редкая вещь сохранила документированную связь с событием большой истории. Даже неприметный вид не способен скрыть выдающееся качество.,707200,"shield,equipment,tier-15"
I1180,15,Экспедиционный кофр знаменитого первопроходца,Редкое мастерское снаряжение сразу ощущается настоящей ценной находкой. Сумка распределяет груз и оставляет важное под рукой.,343200,Экспедиционный кофр знаменитого первопроходца — разумной укладки,Внутренние ремни сами удерживают вещи в выбранном порядке. Очень редкая вещь сохранила документированную связь с событием большой истории. Вещь сохранилась вопреки возрасту и явно переживёт нового хозяина.,800000,"pack,equipment,tier-15"
I1181,15,Альпинистский комплект для ледяных великанов,Редкое мастерское снаряжение сразу ощущается настоящей ценной находкой. Комплект выдерживает вес с разумным запасом прочности.,260000,Альпинистский комплект для ледяных великанов — цепкого подъёма,"Крюки чуть увереннее держатся за естественные трещины камня. Очень редкая вещь сохранила документированную связь с событием большой истории. История владельца повышает цену не меньше, чем материалы.",780000,"climbing,equipment,tier-15"
I1182,15,Канат из волоса подземного шёлкопряда,"Редкое мастерское снаряжение сразу ощущается настоящей ценной находкой. Верёвка подходит для переправ, страховки и лагерных работ.",202800,Канат из волоса подземного шёлкопряда — послушного узла,По команде она затягивает или отпускает заранее завязанный узел. Очень редкая вещь сохранила документированную связь с событием большой истории. Работа мастера узнаваема и имеет подтверждённую ценность.,800000,"rope,equipment,tier-15"
I1183,15,Фонарь разведчика Короны с набором линз,Редкое мастерское снаряжение сразу ощущается настоящей ценной находкой. Фонарь защищён от дождя и случайных ударов.,384800,Фонарь разведчика Короны с набором линз — ровного света,"Пламя не коптит, а масла хватает примерно вдвое дольше. Очень редкая вещь сохранила документированную связь с событием большой истории. Неожиданное свойство делает эту версию особенно желанной.",800000,"light,equipment,tier-15"
I1184,15,Навигационная сфера Королевского флота,Редкое мастерское снаряжение сразу ощущается настоящей ценной находкой. Прибор откалиброван и защищён прочным корпусом.,280800,Навигационная сфера Королевского флота — верного курса,Стрелка замечает сильные магические помехи и начинает мерцать. Очень редкая вещь сохранила документированную связь с событием большой истории. На рынке редкостей за неё наверняка начнётся спор.,800000,"navigation,equipment,tier-15"
I1185,15,"Набор хирурга, спасшего наследника престола",Редкое мастерское снаряжение сразу ощущается настоящей ценной находкой. Набор содержит чистые инструменты и понятный запас перевязки.,228800,"Набор хирурга, спасшего наследника престола — бережного лекаря",Инструменты сами очищаются после обычной обработки кипятком. Очень редкая вещь сохранила документированную связь с событием большой истории. Подлинная метка превращает случайную находку в событие.,800000,"medicine,equipment,tier-15"
I1186,15,Алхимический аппарат мастерской Золотой соли,Редкое мастерское снаряжение сразу ощущается настоящей ценной находкой. Реактивы разложены по защищённым подписанным ёмкостям.,143000,Алхимический аппарат мастерской Золотой соли — чистой реакции,"Посуда меняет оттенок при опасном загрязнении смеси. Очень редкая вещь сохранила документированную связь с событием большой истории. Состояние почти идеальное, а происхождение подтверждено.",715000,"alchemy,equipment,tier-15"
I1187,15,Инструменты главы Гильдии замочников,"Редкое мастерское снаряжение сразу ощущается настоящей ценной находкой. Тонкие инструменты рассчитаны на сложные, но обычные механизмы.",306800,Инструменты главы Гильдии замочников — тихого механизма,Металл приглушает собственный звон и подчёркивает неверно выбранный щуп. Очень редкая вещь сохранила документированную связь с событием большой истории. Знаток заплатит за такую редкость намного больше обычного.,800000,"thieves,equipment,tier-15"
I1188,15,Пика премиального егеря Великой охоты,Редкое мастерское снаряжение сразу ощущается настоящей ценной находкой. Снаряжение подходит для следопыта и промысловика.,249600,Пика премиального егеря Великой охоты — ясного следа,На короткое время делает свежие следы заметнее владельцу. Очень редкая вещь сохранила документированную связь с событием большой истории. Скрытая деталь делает находку одновременно полезной и коллекционной.,800000,"hunting,equipment,tier-15"
I1189,15,Морской гарпун из кости исполина,Редкое мастерское снаряжение сразу ощущается настоящей ценной находкой. Снасть выдержит крупную речную или морскую добычу.,176800,Морской гарпун из кости исполина — чувствующей лески,Владелец безошибочно отличает поклёвку от течения и коряг. Очень редкая вещь сохранила документированную связь с событием большой истории. Редкая особенность раскрывается только при внимательном осмотре.,800000,"fishing,equipment,tier-15"
I1190,15,Шатёр посольской экспедиции,Редкое мастерское снаряжение сразу ощущается настоящей ценной находкой. Комплект собран для непогоды и трудной местности.,343200,Шатёр посольской экспедиции — надёжного привала,Вещь помогает сохранить небольшой участок лагеря сухим и тёплым. Очень редкая вещь сохранила документированную связь с событием большой истории. Даже неприметный вид не способен скрыть выдающееся качество.,800000,"survival,equipment,tier-15"
I1191,15,Сапоги лучшего столичного сапожника,Редкое мастерское снаряжение сразу ощущается настоящей ценной находкой. Подошва и швы рассчитаны на многие лиги пути.,260000,Сапоги лучшего столичного сапожника — уверенного шага,"Обувь лучше держится на обычном льду, грязи и мокром камне. Очень редкая вещь сохранила документированную связь с событием большой истории. Вещь сохранилась вопреки возрасту и явно переживёт нового хозяина.",800000,"footwear,equipment,tier-15"
I1192,15,Перчатки мастера по звёздному металлу,"Редкое мастерское снаряжение сразу ощущается настоящей ценной находкой. Перчатки защищают ладони, не мешая точной работе.",202800,Перчатки мастера по звёздному металлу — твёрдой хватки,"Рукояти инструментов реже выскальзывают из рук владельца. Очень редкая вещь сохранила документированную связь с событием большой истории. История владельца повышает цену не меньше, чем материалы.",800000,"gloves,equipment,tier-15"
I1193,15,Плащ старшего разведчика пограничья,Редкое мастерское снаряжение сразу ощущается настоящей ценной находкой. Плотная ткань закрывает от ветра и дорожной пыли.,384800,Плащ старшего разведчика пограничья — тихой непогоды,"Дождь скатывается с плаща, а ткань не хлопает на ветру. Очень редкая вещь сохранила документированную связь с событием большой истории. Работа мастера узнаваема и имеет подтверждённую ценность.",800000,"cloak,equipment,tier-15"
I1194,15,Пояс капитана Серебряной дружины,Редкое мастерское снаряжение сразу ощущается настоящей ценной находкой. Пояс несёт подсумки и распределяет их вес.,280800,Пояс капитана Серебряной дружины — готового снаряжения,Нужный закреплённый предмет слегка подаётся к руке владельца. Очень редкая вещь сохранила документированную связь с событием большой истории. Неожиданное свойство делает эту версию особенно желанной.,800000,"belt,equipment,tier-15"
I1195,15,Колчан победителя королевских состязаний,Редкое мастерское снаряжение сразу ощущается настоящей ценной находкой. Боеприпасы защищены от сырости и выпадения.,228800,Колчан победителя королевских состязаний — бережного стрелка,"Оперение внутри не мнётся, а наконечники не звенят друг о друга. Очень редкая вещь сохранила документированную связь с событием большой истории. На рынке редкостей за неё наверняка начнётся спор.",800000,"quiver,equipment,tier-15"
I1196,15,Ремонтный набор великого оружейника,Редкое мастерское снаряжение сразу ощущается настоящей ценной находкой. Инструменты позволяют чинить снаряжение в полевых условиях.,143000,Ремонтный набор великого оружейника — быстрой починки,Один мелкий ремонт в день получается особенно аккуратным и прочным. Очень редкая вещь сохранила документированную связь с событием большой истории. Подлинная метка превращает случайную находку в событие.,429000,"repair,equipment,tier-15"
I1197,15,Малый горн кузницы Чёрного базальта,Редкое мастерское снаряжение сразу ощущается настоящей ценной находкой. Набор годится для обслуживания оружия и металлической оснастки.,306800,Малый горн кузницы Чёрного базальта — ровной закалки,"Металл под инструментом нагревается равномернее и реже коробится. Очень редкая вещь сохранила документированную связь с событием большой истории. Состояние почти идеальное, а происхождение подтверждено.",800000,"smithing,equipment,tier-15"
I1198,15,Карта закрытых перевалов Северной стены,Редкое мастерское снаряжение сразу ощущается настоящей ценной находкой. Карта содержит практические маршруты и ориентиры.,249600,Карта закрытых перевалов Северной стены — живых пометок,Сделанные владельцем отметки не смываются дождём и бледнеют после исполнения. Очень редкая вещь сохранила документированную связь с событием большой истории. Знаток заплатит за такую редкость намного больше обычного.,800000,"map,equipment,tier-15"
I1199,15,Седло укротителя королевских грифонов,Редкое мастерское снаряжение сразу ощущается настоящей ценной находкой. Сбруя или уходовый комплект рассчитаны на походное животное.,176800,Седло укротителя королевских грифонов — спокойного скакуна,Животное быстрее привыкает к владельцу и шуму обычной дороги. Очень редкая вещь сохранила документированную связь с событием большой истории. Скрытая деталь делает находку одновременно полезной и коллекционной.,530400,"animal,equipment,tier-15"
I1200,15,Труба прославленного полкового музыканта,Редкое мастерское снаряжение сразу ощущается настоящей ценной находкой. Средство связи хорошо слышно или видно в полевых условиях.,343200,Труба прославленного полкового музыканта — далёкого сигнала,Сигнал различают союзники владельца даже среди ветра и обычного шума. Очень редкая вещь сохранила документированную связь с событием большой истории. Редкая особенность раскрывается только при внимательном осмотре.,800000,"signal,equipment,tier-15"
I1201,16,"Шляпа, стряхивающая дождевые капли","Необычная магия ощущается слабо, но действует устойчиво. Форма и следы носки сразу выдают историю головного убора.",388800,"Шляпа, стряхивающая дождевые капли — из гардероба лунной княгини","Материал оказался редким, а внутренняя метка связывает вещь с известным владельцем. Слабое чудо проявилось в чистой и необычайно устойчивой форме. Даже неприметный вид не способен скрыть выдающееся качество.",1166400,"headwear,transition-magic,tier-16"
I1202,16,Сапоги тихого шага по сухим листьям,"Необычная магия ощущается слабо, но действует устойчиво. Подошва, застёжки и размер делают эту обувь вполне узнаваемой находкой.",316800,Сапоги тихого шага по сухим листьям — с парной печатью королевского сапожника,Под неприметным верхом скрылись работа прославленного сапожника и дорогая подкладка. Слабое чудо проявилось в чистой и необычайно устойчивой форме. Вещь сохранилась вопреки возрасту и явно переживёт нового хозяина.,1200000,"footwear,transition-magic,tier-16"
I1203,16,"Рубаха, всегда пахнущая свежим бельём","Необычная магия ощущается слабо, но действует устойчиво. Ткань сохранила запах дороги, мастерской или прежнего хозяина.",198000,"Рубаха, всегда пахнущая свежим бельём — из дорожного сундука архимага","Швы выполнены драгоценной нитью, а покрой имеет коллекционное происхождение. Слабое чудо проявилось в чистой и необычайно устойчивой форме. История владельца повышает цену не меньше, чем материалы.",990000,"clothes,transition-magic,tier-16"
I1204,16,"Ложка, охлаждающая горячую похлёбку","Необычная магия ощущается слабо, но действует устойчиво. На поверхности остались царапины от долгого и не всегда бережного использования.",424800,"Ложка, охлаждающая горячую похлёбку — с клеймом коронационного мастера",Клеймо мастера подтверждает редкий сплав и важную историю этой утвари. Слабое чудо проявилось в чистой и необычайно устойчивой форме. Работа мастера узнаваема и имеет подтверждённую ценность.,1200000,"utensil,transition-magic,tier-16"
I1205,16,"Котелок, не позволяющий каше пригорать","Необычная магия ощущается слабо, но действует устойчиво. Копоть и вмятины рассказывают о множестве походных ужинов.",345600,"Котелок, не позволяющий каше пригорать — из кухни исчезнувшей династии",Под слоем нагара обнаружилась безупречная работа знаменитой дворцовой кухни. Слабое чудо проявилось в чистой и необычайно устойчивой форме. Неожиданное свойство делает эту версию особенно желанной.,1200000,"cookware,transition-magic,tier-16"
I1206,16,"Пряник, восстанавливающий вкус на рассвете","Необычная магия ощущается слабо, но действует устойчиво. Запах, корочка и упаковка позволяют оценить свежесть без рискованной дегустации.",244800,"Пряник, восстанавливающий вкус на рассвете — по рецепту небесного кондитера",Редкий рецепт и идеально сохранившиеся ингредиенты превращают еду в дорогой деликатес. Слабое чудо проявилось в чистой и необычайно устойчивой форме. На рынке редкостей за неё наверняка начнётся спор.,1200000,"food,transition-magic,tier-16"
I1207,16,"Фляга, наполняющаяся утренней росой","Необычная магия ощущается слабо, но действует устойчиво. Содержимое тихо плещется и пахнет ровно так, как обещает его вид.",475200,"Фляга, наполняющаяся утренней росой — из последней бочки императорского погреба",Печать на сосуде указывает на исключительную выдержку и знаменитую партию. Слабое чудо проявилось в чистой и необычайно устойчивой форме. Подлинная метка превращает случайную находку в событие.,1200000,"drink,transition-magic,tier-16"
I1208,16,"Кости, изредка светящиеся перед дождём","Необычная магия ощущается слабо, но действует устойчиво. На кости заметны насечки, следы зубов или попытка придать ей смысл.",360000,"Кости, изредка светящиеся перед дождём — с летописью древнего чудовища","Знаки оказались исторической записью, а сама кость принадлежала необычному существу. Слабое чудо проявилось в чистой и необычайно устойчивой форме. Состояние почти идеальное, а происхождение подтверждено.",1200000,"bones,transition-magic,tier-16"
I1209,16,"Молоток, сам находящий расшатанный гвоздь","Необычная магия ощущается слабо, но действует устойчиво. Баланс рукояти показывает, годится ли находка для настоящей работы.",280800,"Молоток, сам находящий расшатанный гвоздь — работы кузнеца Семи Башен",Скрытое клеймо подтверждает происхождение из мастерской великого кузнеца. Слабое чудо проявилось в чистой и необычайно устойчивой форме. Знаток заплатит за такую редкость намного больше обычного.,1200000,"hammer,transition-magic,tier-16"
I1210,16,"Игла, не колющая пальцы владельца","Необычная магия ощущается слабо, но действует устойчиво. Тонкий инструмент пережил владельца и сохранил следы его ремесла.",532800,"Игла, не колющая пальцы владельца — из набора швеи при дворе фей",Игла сделана из необычного металла и выполняет тонкую работу почти без усилий. Слабое чудо проявилось в чистой и необычайно устойчивой форме. Скрытая деталь делает находку одновременно полезной и коллекционной.,1200000,"needle,transition-magic,tier-16"
I1211,16,"Верёвка, запоминающая последний узел","Необычная магия ощущается слабо, но действует устойчиво. Волокна, узлы и влажность честно показывают остаток прочности.",388800,"Верёвка, запоминающая последний узел — сплетённая хранителями маяка","Плетение не боится огня и воды, хотя с виду верёвка остаётся совершенно обычной. Слабое чудо проявилось в чистой и необычайно устойчивой форме. Редкая особенность раскрывается только при внимательном осмотре.",1200000,"rope,transition-magic,tier-16"
I1212,16,"Сумка, сохраняющая хлеб свежим неделю","Необычная магия ощущается слабо, но действует устойчиво. Внутри сохранился запах прежнего содержимого и немного дорожной пыли.",316800,"Сумка, сохраняющая хлеб свежим неделю — с тайным отделением королевского курьера",Потайной шов открыл ценную работу и надёжное внутреннее отделение. Слабое чудо проявилось в чистой и необычайно устойчивой форме. Даже неприметный вид не способен скрыть выдающееся качество.,1200000,"container,transition-magic,tier-16"
I1213,16,"Перо, исправляющее случайные кляксы","Необычная магия ощущается слабо, но действует устойчиво. Пятна чернил и состояние наконечника говорят о последнем писавшем.",198000,"Перо, исправляющее случайные кляксы — принадлежавшее великому летописцу","Инструмент узнаёт руку владельца и оставляет особенно стойкие, красивые линии. Слабое чудо проявилось в чистой и необычайно устойчивой форме. Вещь сохранилась вопреки возрасту и явно переживёт нового хозяина.",594000,"writing,transition-magic,tier-16"
I1214,16,"Книга с оглавлением, отвечающим на шёпот","Необычная магия ощущается слабо, но действует устойчиво. Переплёт, поля и закладки выдают, насколько часто текстом пользовались.",424800,"Книга с оглавлением, отвечающим на шёпот — с авторскими пометами первого издания","Между страницами обнаружены авторские пометы, резко повышающие ценность тома. Слабое чудо проявилось в чистой и необычайно устойчивой форме. История владельца повышает цену не меньше, чем материалы.",1200000,"book,transition-magic,tier-16"
I1215,16,"Грамота, читаемая при любом освещении","Необычная магия ощущается слабо, но действует устойчиво. Печати и подписи можно изучить, хотя назначение бумаги не всегда радует.",345600,"Грамота, читаемая при любом освещении — скреплённое печатью забытого престола","Подлинность подтверждена редкой печатью, а содержание имеет историческую цену. Слабое чудо проявилось в чистой и необычайно устойчивой форме. Работа мастера узнаваема и имеет подтверждённую ценность.",1200000,"document,transition-magic,tier-16"
I1216,16,"Монета, возвращающаяся в кошель к вечеру","Необычная магия ощущается слабо, но действует устойчиво. Находка связана с мелкой торговлей и хранит следы множества рук.",244800,"Монета, возвращающаяся в кошель к вечеру — из закрытой коллекции монетного двора",Незаметная отметка превращает торговую мелочь в редкий нумизматический объект. Слабое чудо проявилось в чистой и необычайно устойчивой форме. Неожиданное свойство делает эту версию особенно желанной.,734400,"trade,transition-magic,tier-16"
I1217,16,Брошь тёплого зимнего света,"Необычная магия ощущается слабо, но действует устойчиво. Даже при беглом осмотре видны качество оправы и состояние металла.",475200,Брошь тёплого зимнего света — из сокровищницы звёздного ювелира,Камни и металл подтвердили происхождение из известной ювелирной школы. Слабое чудо проявилось в чистой и необычайно устойчивой форме. На рынке редкостей за неё наверняка начнётся спор.,1200000,"jewelry,transition-magic,tier-16"
I1218,16,"Игрушечный солдатик, стоящий на страже","Необычная магия ощущается слабо, но действует устойчиво. Игрушка пережила шумные игры и несколько неумелых починок.",360000,"Игрушечный солдатик, стоящий на страже — первой серии великого игрушечника","Это ранняя работа знаменитого мастера, сохранившая редкий механизм. Слабое чудо проявилось в чистой и необычайно устойчивой форме. Подлинная метка превращает случайную находку в событие.",1200000,"toy,transition-magic,tier-16"
I1219,16,Чётки спокойного сна,"Необычная магия ощущается слабо, но действует устойчиво. Символы нанесены старательно, хотя их смысл понятен не каждому жрецу.",280800,Чётки спокойного сна — признанная храмовой реликвией,"Реликвия признана храмом и несёт след подлинного благословения. Слабое чудо проявилось в чистой и необычайно устойчивой форме. Состояние почти идеальное, а происхождение подтверждено.",842400,"religion,transition-magic,tier-16"
I1220,16,Флейта для призыва певчих птиц,"Необычная магия ощущается слабо, но действует устойчиво. Звук зависит от состояния дерева, металла и терпения исполнителя.",532800,Флейта для призыва певчих птиц — из личного оркестра серебряного дракона,Редкий тембр и подпись мастера делают инструмент желанным для коллекционера. Слабое чудо проявилось в чистой и необычайно устойчивой форме. Знаток заплатит за такую редкость намного больше обычного.,1200000,"music,transition-magic,tier-16"
I1221,16,"Силки, предупреждающие о разумной добыче","Необычная магия ощущается слабо, но действует устойчиво. Потёртости показывают, на какую добычу и как часто с вещью ходили.",388800,"Силки, предупреждающие о разумной добыче — из арсенала королевского ловчего",Точная подгонка и необычный материал заметно улучшают охотничьи свойства. Слабое чудо проявилось в чистой и необычайно устойчивой форме. Скрытая деталь делает находку одновременно полезной и коллекционной.,1200000,"hunting,transition-magic,tier-16"
I1222,16,"Поплавок, различающий рыбу и корягу","Необычная магия ощущается слабо, но действует устойчиво. Соль, леска и чешуя оставили на снасти честную биографию.",316800,"Поплавок, различающий рыбу и корягу — снасть легендарного речного следопыта",Снасть принадлежала знаменитому ловцу и безошибочно чувствует крупную добычу. Слабое чудо проявилось в чистой и необычайно устойчивой форме. Редкая особенность раскрывается только при внимательном осмотре.,950400,"fishing,transition-magic,tier-16"
I1223,16,"Канат, не обрастающий морскими ракушками","Необычная магия ощущается слабо, но действует устойчиво. Запах смолы и соли выдаёт долгую службу рядом с водой.",198000,"Канат, не обрастающий морскими ракушками — с флагмана пропавшей экспедиции",Корабельная метка связывает находку с легендарным плаванием. Слабое чудо проявилось в чистой и необычайно устойчивой форме. Даже неприметный вид не способен скрыть выдающееся качество.,792000,"nautical,transition-magic,tier-16"
I1224,16,"Лопатка, сама очищающаяся от земли","Необычная магия ощущается слабо, но действует устойчиво. Земля в щелях и затёртая рукоять говорят о привычной работе.",424800,"Лопатка, сама очищающаяся от земли — награда победителю Праздника Урожая",Инструмент идеально сбалансирован и когда-то был наградой лучшему земледельцу. Слабое чудо проявилось в чистой и необычайно устойчивой форме. Вещь сохранилась вопреки возрасту и явно переживёт нового хозяина.,1200000,"farming,transition-magic,tier-16"
I1225,16,"Кирка, звенящая рядом с пустотами","Необычная магия ощущается слабо, но действует устойчиво. Каменная пыль забилась в каждую выемку этой шахтёрской вещи.",345600,"Кирка, звенящая рядом с пустотами — настроенное на жилу звёздного серебра","Находка откликается на ценные жилы едва заметным теплом. Слабое чудо проявилось в чистой и необычайно устойчивой форме. История владельца повышает цену не меньше, чем материалы.",1036800,"mining,transition-magic,tier-16"
I1226,16,Рубанок без древесной стружки,"Необычная магия ощущается слабо, но действует устойчиво. Смола и тонкая стружка сохранились возле рабочих кромок.",244800,Рубанок без древесной стружки — из мастерской говорящего дерева,Работа принадлежит именитому резчику и удивительно бережно обращается с деревом. Слабое чудо проявилось в чистой и необычайно устойчивой форме. Работа мастера узнаваема и имеет подтверждённую ценность.,979200,"woodcraft,transition-magic,tier-16"
I1227,16,"Клещи, безопасно держащие горячий металл","Необычная магия ощущается слабо, но действует устойчиво. Окалина и следы жара не оставляют сомнений в кузнечном прошлом.",475200,"Клещи, безопасно держащие горячий металл — закалённое в огне Великой Кузни",Сплав и закалка соответствуют утраченной технике большой мастерской. Слабое чудо проявилось в чистой и необычайно устойчивой форме. Неожиданное свойство делает эту версию особенно желанной.,1200000,"smithing,transition-magic,tier-16"
I1228,16,"Отмычка, меняющая толщину кончика","Необычная магия ощущается слабо, но действует устойчиво. Размер и гибкость намекают на задачи, о которых не пишут в накладных.",360000,"Отмычка, меняющая толщину кончика — из комплекта королевской разведки",Набор создан для королевского разведчика и почти не оставляет следов применения. Слабое чудо проявилось в чистой и необычайно устойчивой форме. На рынке редкостей за неё наверняка начнётся спор.,1080000,"thieves,transition-magic,tier-16"
I1229,16,"Колба, определяющая испорченные зелья","Необычная магия ощущается слабо, но действует устойчиво. Осадок и цвет позволяют строить догадки, но не советуют пробовать содержимое.",280800,"Колба, определяющая испорченные зелья — из лаборатории первого трансмутатора",Состав сохранил чистоту и относится к редкой работе признанного алхимика. Слабое чудо проявилось в чистой и необычайно устойчивой форме. Подлинная метка превращает случайную находку в событие.,1123200,"alchemy,transition-magic,tier-16"
I1230,16,"Бинт, останавливающий небольшое кровотечение","Необычная магия ощущается слабо, но действует устойчиво. Запах трав и аккуратность упаковки показывают уровень прежнего лекаря.",532800,"Бинт, останавливающий небольшое кровотечение — из сумки святого полевого лекаря","Внутри обнаружены дорогие средства полевого хирурга и безупречные инструменты. Слабое чудо проявилось в чистой и необычайно устойчивой форме. Состояние почти идеальное, а происхождение подтверждено.",1200000,"medicine,transition-magic,tier-16"
I1231,16,Палатка с сухим кругом у входа,"Необычная магия ощущается слабо, но действует устойчиво. Пыль дорог и следы дождя видны сильнее любой торговой марки.",388800,Палатка с сухим кругом у входа — из снаряжения похода за край карты,"Снаряжение необычно лёгкое, прочное и рассчитано на самые тяжёлые переходы. Слабое чудо проявилось в чистой и необычайно устойчивой форме. Знаток заплатит за такую редкость намного больше обычного.",1166400,"camping,transition-magic,tier-16"
I1232,16,"Фонарь, не отбрасывающий тени владельца","Необычная магия ощущается слабо, но действует устойчиво. Копоть вокруг огня рассказывает, насколько ровно он когда-то горел.",316800,"Фонарь, не отбрасывающий тени владельца — с негасимым огнём хранителей рассвета",Источник света расходует топливо почти незаметно и не гаснет от обычного ветра. Слабое чудо проявилось в чистой и необычайно устойчивой форме. Скрытая деталь делает находку одновременно полезной и коллекционной.,1200000,"light,transition-magic,tier-16"
I1233,16,"Компас, указывающий на ближайшую дорогу","Необычная магия ощущается слабо, но действует устойчиво. Стрелки, шкалы и потёртый корпус ещё могут подсказать направление.",198000,"Компас, указывающий на ближайшую дорогу — из обсерватории забытого мореплавателя",Прибор изготовлен для дальней экспедиции и замечает даже магические искажения пути. Слабое чудо проявилось в чистой и необычайно устойчивой форме. Редкая особенность раскрывается только при внимательном осмотре.,990000,"navigation,transition-magic,tier-16"
I1234,16,"Кожанка, смягчающая случайные падения","Необычная магия ощущается слабо, но действует устойчиво. Вмятины и ремни показывают, какую защиту предмет способен дать сейчас.",424800,"Кожанка, смягчающая случайные падения — из личной оружейной палаты героя",Под поздними заплатами обнаружена работа оружейника исторического значения. Слабое чудо проявилось в чистой и необычайно устойчивой форме. Даже неприметный вид не способен скрыть выдающееся качество.,1200000,"armor,transition-magic,tier-16"
I1235,16,"Щит, не намокающий под дождём","Необычная магия ощущается слабо, но действует устойчиво. Кромка и крепления хранят следы ударов, которые принял прежний владелец.",345600,"Щит, не намокающий под дождём — с гербом спасённого королевства",Геральдика и редкий сердечник превращают защиту в ценную реликвию. Слабое чудо проявилось в чистой и необычайно устойчивой форме. Вещь сохранилась вопреки возрасту и явно переживёт нового хозяина.,1200000,"shield,transition-magic,tier-16"
I1236,16,"Кинжал, никогда не тупящийся о верёвку","Необычная магия ощущается слабо, но действует устойчиво. Короткий клинок удобно осмотреть по заточке, гарде и следам ржавчины.",244800,"Кинжал, никогда не тупящийся о верёвку — из тайного набора придворного дуэлянта","Сталь скрывает безупречную закалку и происхождение из личного арсенала мастера. Слабое чудо проявилось в чистой и необычайно устойчивой форме. История владельца повышает цену не меньше, чем материалы.",1200000,"dagger,transition-magic,tier-16"
I1237,16,"Меч, светящийся рядом с ржавчиной","Необычная магия ощущается слабо, но действует устойчиво. Длинный клинок оценивается по балансу, прямизне и состоянию ножен.",475200,"Меч, светящийся рядом с ржавчиной — с подписью мастера легендарных клинков",После очистки открылись подпись оружейника и выдающийся узор закалки. Слабое чудо проявилось в чистой и необычайно устойчивой форме. Работа мастера узнаваема и имеет подтверждённую ценность.,1200000,"sword,transition-magic,tier-16"
I1238,16,"Топор, раскалывающий сырые поленья одним ударом","Необычная магия ощущается слабо, но действует устойчиво. Рабочая кромка и посадка топорища показывают характер прежней службы.",360000,"Топор, раскалывающий сырые поленья одним ударом — выкованное для наследника подгорного трона","Редкий металл держит заточку, а клеймо связывает топор с прославленным походом. Слабое чудо проявилось в чистой и необычайно устойчивой форме. Неожиданное свойство делает эту версию особенно желанной.",1200000,"axe,transition-magic,tier-16"
I1239,16,"Лук, не боящийся сырой погоды","Необычная магия ощущается слабо, но действует устойчиво. Плечи, тетива и изгиб сохраняют память о множестве выстрелов.",280800,"Лук, не боящийся сырой погоды — из тисовой рощи первого лучника",Точная работа даёт исключительную плавность и принадлежит знаменитому стрелку. Слабое чудо проявилось в чистой и необычайно устойчивой форме. На рынке редкостей за неё наверняка начнётся спор.,1200000,"bow,transition-magic,tier-16"
I1240,16,"Стрела, возвращающаяся после промаха","Необычная магия ощущается слабо, но действует устойчиво. Оперение и наконечник подсказывают назначение боеприпаса.",532800,"Стрела, возвращающаяся после промаха — с наконечником из упавшей звезды",Редкая балансировка и особый наконечник делают единственный выстрел чрезвычайно ценным. Слабое чудо проявилось в чистой и необычайно устойчивой форме. Подлинная метка превращает случайную находку в событие.,1200000,"projectile,transition-magic,tier-16"
I1241,16,"Посох, оставляющий видимые только владельцу метки","Необычная магия ощущается слабо, но действует устойчиво. Следы ладоней и дорожные зарубки покрывают посох почти целиком.",388800,"Посох, оставляющий видимые только владельцу метки — выросшее из ветви мирового древа","Внутри древесины обнаружена тонкая сердцевина с полезным необычным свойством. Слабое чудо проявилось в чистой и необычайно устойчивой форме. Состояние почти идеальное, а происхождение подтверждено.",1200000,"staff,transition-magic,tier-16"
I1242,16,"Седло, успокаивающее пугливую лошадь","Необычная магия ощущается слабо, но действует устойчиво. Ремни и пряжки подогнаны под конкретного зверя и долгую дорогу.",316800,"Седло, успокаивающее пугливую лошадь — из церемониальной упряжи единорога",Материалы достойны королевской конюшни и необычно удобны для животного. Слабое чудо проявилось в чистой и необычайно устойчивой форме. Знаток заплатит за такую редкость намного больше обычного.,1200000,"animal,transition-magic,tier-16"
I1243,16,"Кулон, переводящий кошачье мурлыканье","Необычная магия ощущается слабо, но действует устойчиво. Едва заметная странность отличает вещицу от совершенно обычного хлама.",198000,"Кулон, переводящий кошачье мурлыканье — с устойчивым малым чудом внутри","Малое чудо оказалось стабильным, полезным и работой известного чародея. Слабое чудо проявилось в чистой и необычайно устойчивой форме. Скрытая деталь делает находку одновременно полезной и коллекционной.",594000,"magic,transition-magic,tier-16"
I1244,16,Гоблинский чайник бесшумного кипения,"Необычная магия ощущается слабо, но действует устойчиво. Гоблинская практичность смешана здесь с самоуверенным украшательством.",424800,Гоблинский чайник бесшумного кипения — из трофейной кладовой великого вождя,Вещь принадлежала знаменитому гоблинскому вождю и содержит хитрый секрет. Слабое чудо проявилось в чистой и необычайно устойчивой форме. Редкая особенность раскрывается только при внимательном осмотре.,1200000,"goblin,transition-magic,tier-16"
I1245,16,"Дварфский уровень, показывающий скрытый наклон","Необычная магия ощущается слабо, но действует устойчиво. Дворфская манера видна по тяжести, рунам и упрямой прочности.",345600,"Дварфский уровень, показывающий скрытый наклон — с рунами прародителя клана","Руны называют древний клан, а качество достойно наследственной сокровищницы. Слабое чудо проявилось в чистой и необычайно устойчивой форме. Даже неприметный вид не способен скрыть выдающееся качество.",1200000,"dwarf,transition-magic,tier-16"
I1246,16,Эльфийская лента незаметного шва,"Необычная магия ощущается слабо, но действует устойчиво. Эльфийская работа узнаётся по лёгким линиям и вниманию к мелочам.",244800,Эльфийская лента незаметного шва — с подписью мастера Лунного Двора,Подлинная подпись мастера и редкий материал делают изделие музейным. Слабое чудо проявилось в чистой и необычайно устойчивой форме. Вещь сохранилась вопреки возрасту и явно переживёт нового хозяина.,734400,"elf,transition-magic,tier-16"
I1247,16,"Плащ, меняющий герб по команде","Необычная магия ощущается слабо, но действует устойчиво. Человеческая вещь хранит понятные следы службы, ремонта и дороги.",475200,"Плащ, меняющий герб по команде — из багажа основателя столицы","Монограмма связывает её с важным историческим лицом, а состояние удивительно хорошо. Слабое чудо проявилось в чистой и необычайно устойчивой форме. История владельца повышает цену не меньше, чем материалы.",1200000,"human,transition-magic,tier-16"
I1248,16,Рюкзак с невесомым внешним карманом,"Необычная магия ощущается слабо, но действует устойчиво. Каждая царапина отмечает новый участок долгого маршрута.",360000,Рюкзак с невесомым внешним карманом — из комплекта Последней Экспедиции,Эта версия создавалась для великой экспедиции и продумана до последней застёжки. Слабое чудо проявилось в чистой и необычайно устойчивой форме. Работа мастера узнаваема и имеет подтверждённую ценность.,1200000,"travel,transition-magic,tier-16"
I1249,16,"Весы, распознающие фальшивое серебро","Необычная магия ощущается слабо, но действует устойчиво. Бирки и упаковка выдают товар, который когда-то ждал покупателя.",280800,"Весы, распознающие фальшивое серебро — из опечатанного товара Гильдии Чудес",Происхождение и редкость позволяют продать находку серьёзному коллекционеру. Слабое чудо проявилось в чистой и необычайно устойчивой форме. Неожиданное свойство делает эту версию особенно желанной.,842400,"merchant,transition-magic,tier-16"
I1250,16,"Резец, повторяющий простой орнамент","Необычная магия ощущается слабо, но действует устойчиво. Следы краски, глины или клея точно называют ремесло владельца.",532800,"Резец, повторяющий простой орнамент — из наследия великого ремесленника",Инструмент принадлежал признанному мастеру и сам по себе считается произведением искусства. Слабое чудо проявилось в чистой и необычайно устойчивой форме. На рынке редкостей за неё наверняка начнётся спор.,1200000,"artisan,transition-magic,tier-16"
I1251,16,"Щётка, собирающая пыль в аккуратный шар","Необычная магия ощущается слабо, но действует устойчиво. Бытовая вещь честно показывает привычки и достаток прежнего дома.",388800,"Щётка, собирающая пыль в аккуратный шар — из сервиза посольского дворца",Незаметная деталь выдаёт заказ для дворца и исключительное качество изготовления. Слабое чудо проявилось в чистой и необычайно устойчивой форме. Подлинная метка превращает случайную находку в событие.,1200000,"household,transition-magic,tier-16"
I1252,16,"Ключ, запоминающий один простой замок","Необычная магия ощущается слабо, но действует устойчиво. Форма бородки обещает замок, который, возможно, ещё существует.",316800,"Ключ, запоминающий один простой замок — открывающее хранилище Тайного Совета","Знак на стержне указывает на особо важную дверь и дорогой секрет за ней. Слабое чудо проявилось в чистой и необычайно устойчивой форме. Состояние почти идеальное, а происхождение подтверждено.",950400,"key,transition-magic,tier-16"
I1253,16,Карта с отмеченным местом последнего ночлега,"Необычная магия ощущается слабо, но действует устойчиво. Линии маршрута, пятна и исправления оставлены разными путешественниками.",198000,Карта с отмеченным местом последнего ночлега — с дорогой к сокровищнице на полях,Скрытый слой показывает неизвестный путь к месту большой ценности. Слабое чудо проявилось в чистой и необычайно устойчивой форме. Знаток заплатит за такую редкость намного больше обычного.,792000,"map,transition-magic,tier-16"
I1254,16,"Камень, мерцающий рядом с ядом","Необычная магия ощущается слабо, но действует устойчиво. Свет на гранях помогает отличить камень, стекло и удачную подделку.",424800,"Камень, мерцающий рядом с ядом — огранённое слепым мастером провидцев","После очистки проявились редкая чистота, огранка и подтверждённое происхождение. Слабое чудо проявилось в чистой и необычайно устойчивой форме. Скрытая деталь делает находку одновременно полезной и коллекционной.",1200000,"gem,transition-magic,tier-16"
I1255,16,"Коробочка, хранящая один запах","Необычная магия ощущается слабо, но действует устойчиво. Назначение странности неочевидно, но детали явно сложились не случайно.",345600,"Коробочка, хранящая один запах — из кабинета придворного исследователя","Специалист распознает в ней редкость, смысл которой намного дороже внешнего вида. Слабое чудо проявилось в чистой и необычайно устойчивой форме. Редкая особенность раскрывается только при внимательном осмотре.",1036800,"oddity,transition-magic,tier-16"
I1256,16,Клинок искрящейся кромки,"Необычная магия ощущается слабо, но действует устойчиво. Зачарование усиливает оружие, не превращая его в реликвию мира.",244800,Клинок искрящейся кромки — точного импульса,Улучшенная версия увереннее проводит собственный ограниченный боевой эффект. Слабое чудо проявилось в чистой и необычайно устойчивой форме. Даже неприметный вид не способен скрыть выдающееся качество.,979200,"weapon,transition-magic,tier-16"
I1257,16,Куртка рассеянного удара,"Необычная магия ощущается слабо, но действует устойчиво. Магия защиты заметна, но имеет ясные пределы.",475200,Куртка рассеянного удара — стойкого контура,Защитное поле дольше сохраняется после первого сильного удара. Слабое чудо проявилось в чистой и необычайно устойчивой форме. Вещь сохранилась вопреки возрасту и явно переживёт нового хозяина.,1200000,"armor,transition-magic,tier-16"
I1258,16,Щит приглушённого грома,"Необычная магия ощущается слабо, но действует устойчиво. Щит удерживает полезное защитное свойство.",360000,Щит приглушённого грома — встречного заслона,"Один раз за отдых чары лучше гасят направленный удар или всплеск энергии. Слабое чудо проявилось в чистой и необычайно устойчивой форме. История владельца повышает цену не меньше, чем материалы.",1080000,"shield,transition-magic,tier-16"
I1259,16,Амулет раннего предупреждения,"Необычная магия ощущается слабо, но действует устойчиво. Амулет помогает владельцу в конкретной опасной ситуации.",280800,Амулет раннего предупреждения — ясного отклика,Талисман раньше предупреждает о подходящей ему угрозе. Слабое чудо проявилось в чистой и необычайно устойчивой форме. Работа мастера узнаваема и имеет подтверждённую ценность.,1123200,"amulet,transition-magic,tier-16"
I1260,16,Кольцо сухого дыхания,"Необычная магия ощущается слабо, но действует устойчиво. Кольцо несёт практичное и устойчивое волшебство.",532800,Кольцо сухого дыхания — чистого узора,Эффект действует увереннее и оставляет меньше неприятных побочных ощущений. Слабое чудо проявилось в чистой и необычайно устойчивой форме. Неожиданное свойство делает эту версию особенно желанной.,1200000,"ring,transition-magic,tier-16"
I1261,16,Плащ меняющегося узора,"Необычная магия ощущается слабо, но действует устойчиво. Ткань зачарована для путешествия, защиты или скрытности.",388800,Плащ меняющегося узора — глубокой складки,Магическое свойство плаща работает дольше между отдыхами. Слабое чудо проявилось в чистой и необычайно устойчивой форме. На рынке редкостей за неё наверняка начнётся спор.,1166400,"cloak,transition-magic,tier-16"
I1262,16,Сапоги короткого рывка,"Необычная магия ощущается слабо, но действует устойчиво. Сапоги меняют движение владельца заметным, но ограниченным образом.",316800,Сапоги короткого рывка — верного шага,Чары лучше удерживают равновесие на трудной поверхности. Слабое чудо проявилось в чистой и необычайно устойчивой форме. Подлинная метка превращает случайную находку в событие.,1200000,"boots,transition-magic,tier-16"
I1263,16,Перчатки точного ремесла,"Необычная магия ощущается слабо, но действует устойчиво. Перчатки усиливают точность рук и работу с предметами.",198000,Перчатки точного ремесла — мастерской хватки,"Они надёжнее передают волю владельца инструменту или оружию. Слабое чудо проявилось в чистой и необычайно устойчивой форме. Состояние почти идеальное, а происхождение подтверждено.",990000,"gloves,transition-magic,tier-16"
I1264,16,Шлем ночного слуха,"Необычная магия ощущается слабо, но действует устойчиво. Головной убор обостряет одно чувство или защищает разум.",424800,Шлем ночного слуха — ясного восприятия,Чары быстрее отделяют настоящую опасность от помех. Слабое чудо проявилось в чистой и необычайно устойчивой форме. Знаток заплатит за такую редкость намного больше обычного.,1200000,"helm,transition-magic,tier-16"
I1265,16,Пояс запасённого усилия,"Необычная магия ощущается слабо, но действует устойчиво. Пояс накапливает ограниченный запас полезной силы.",345600,Пояс запасённого усилия — ровного усилия,Энергия распределяется мягче и не утомляет владельца после применения. Слабое чудо проявилось в чистой и необычайно устойчивой форме. Скрытая деталь делает находку одновременно полезной и коллекционной.,1200000,"belt,transition-magic,tier-16"
I1266,16,Посох тёплого ветра,"Необычная магия ощущается слабо, но действует устойчиво. Посох проводит заклинания или управляет одной стихией.",244800,Посох тёплого ветра — чистого проводника,Он экономнее расходует заключённые заряды. Слабое чудо проявилось в чистой и необычайно устойчивой форме. Редкая особенность раскрывается только при внимательном осмотре.,1200000,"staff,transition-magic,tier-16"
I1267,16,Жезл медленного холода,"Необычная магия ощущается слабо, но действует устойчиво. Жезл хранит несколько применений конкретного эффекта.",475200,Жезл медленного холода — точной фокусировки,Заключённая магия реже отклоняется от выбранной цели. Слабое чудо проявилось в чистой и необычайно устойчивой форме. Даже неприметный вид не способен скрыть выдающееся качество.,1200000,"wand,transition-magic,tier-16"
I1268,16,"Резец, находящий скрытую трещину","Необычная магия ощущается слабо, но действует устойчиво. Инструмент сочетает ремесло и устойчивое зачарование.",360000,"Резец, находящий скрытую трещину — видящий изъян",Он яснее показывает скрытую ошибку в подходящем материале. Слабое чудо проявилось в чистой и необычайно устойчивой форме. Вещь сохранилась вопреки возрасту и явно переживёт нового хозяина.,1200000,"magic-tool,transition-magic,tier-16"
I1269,16,Фонарь следов недавней магии,"Необычная магия ощущается слабо, но действует устойчиво. Источник света проявляет необычные свойства окружения.",280800,Фонарь следов недавней магии — проницательного света,"Луч охватывает больше пространства, не становясь ослепительным. Слабое чудо проявилось в чистой и необычайно устойчивой форме. История владельца повышает цену не меньше, чем материалы.",1200000,"magic-light,transition-magic,tier-16"
I1270,16,Компас ближайшего безопасного брода,"Необычная магия ощущается слабо, но действует устойчиво. Прибор находит путь там, где обычный компас бесполезен.",532800,Компас ближайшего безопасного брода — непотерянного курса,Он быстрее восстанавливает направление после магической помехи. Слабое чудо проявилось в чистой и необычайно устойчивой форме. Работа мастера узнаваема и имеет подтверждённую ценность.,1200000,"magic-navigation,transition-magic,tier-16"
I1271,16,Сумка невесомого верхнего кармана,"Необычная магия ощущается слабо, но действует устойчиво. Вместилище меняет вес, объём или сохранность груза.",388800,Сумка невесомого верхнего кармана — бережного пространства,Вещи внутри меньше сталкиваются и легче находятся владельцем. Слабое чудо проявилось в чистой и необычайно устойчивой форме. Неожиданное свойство делает эту версию особенно желанной.,1200000,"magic-container,transition-magic,tier-16"
I1272,16,Настойка ясного зрения в сумерках,"Необычная магия ощущается слабо, но действует устойчиво. Редкое зелье даёт сильный, но ограниченный эффект.",316800,Настойка ясного зрения в сумерках — чистой формулы,Состав действует ровнее и реже вызывает неприятный остаточный эффект. Слабое чудо проявилось в чистой и необычайно устойчивой форме. На рынке редкостей за неё наверняка начнётся спор.,1200000,"potion,transition-magic,tier-16"
I1273,16,Порошок временной огнестойкости,"Необычная магия ощущается слабо, но действует устойчиво. Вещество усиливает подходящее ремесло или заклинание.",198000,Порошок временной огнестойкости — высшей очистки,Небольшой порции хватает на более точную и устойчивую работу. Слабое чудо проявилось в чистой и необычайно устойчивой форме. Подлинная метка превращает случайную находку в событие.,594000,"reagent,transition-magic,tier-16"
I1274,16,Справочник малых защитных кругов,"Необычная магия ощущается слабо, но действует устойчиво. Том хранит применимые магические знания, но не меняет судьбу мира.",424800,Справочник малых защитных кругов — ясных полей,"Авторские заметки упрощают безопасное использование главной техники книги. Слабое чудо проявилось в чистой и необычайно устойчивой форме. Состояние почти идеальное, а происхождение подтверждено.",1200000,"magic-book,transition-magic,tier-16"
I1275,16,Камертон успокаивающей ноты,"Необычная магия ощущается слабо, но действует устойчиво. Музыка инструмента вызывает один выраженный волшебный эффект.",345600,Камертон успокаивающей ноты — чистого резонанса,Эффект достигает слушателей яснее и держится немного дольше. Слабое чудо проявилось в чистой и необычайно устойчивой форме. Знаток заплатит за такую редкость намного больше обычного.,1200000,"instrument,transition-magic,tier-16"
I1276,16,Кварц сохранённого тепла,"Необычная магия ощущается слабо, но действует устойчиво. Камень хранит заряд энергии или полезное чувство.",244800,Кварц сохранённого тепла — глубокой огранки,Самоцвет удерживает больше силы без риска разрушения. Слабое чудо проявилось в чистой и необычайно устойчивой форме. Скрытая деталь делает находку одновременно полезной и коллекционной.,734400,"magic-gem,transition-magic,tier-16"
I1277,16,Талисман против дорожной лихорадки,"Необычная магия ощущается слабо, но действует устойчиво. Талисман противостоит одной категории опасностей.",475200,Талисман против дорожной лихорадки — надёжной печати,Защита восстанавливается быстрее после срабатывания. Слабое чудо проявилось в чистой и необычайно устойчивой форме. Редкая особенность раскрывается только при внимательном осмотре.,1200000,"talisman,transition-magic,tier-16"
I1278,16,Верёвка одного послушного узла,"Необычная магия ощущается слабо, но действует устойчиво. Верёвка движется или держится благодаря чарам.",360000,Верёвка одного послушного узла — послушного плетения,Она точнее выполняет короткие команды владельца. Слабое чудо проявилось в чистой и необычайно устойчивой форме. Даже неприметный вид не способен скрыть выдающееся качество.,1200000,"magic-rope,transition-magic,tier-16"
I1279,16,Полог сухого ночлега,"Необычная магия ощущается слабо, но действует устойчиво. Предмет создаёт безопасные условия для короткого отдыха.",280800,Полог сухого ночлега — тихого убежища,Защитная область становится устойчивее к обычной непогоде и шуму. Слабое чудо проявилось в чистой и необычайно устойчивой форме. Вещь сохранилась вопреки возрасту и явно переживёт нового хозяина.,842400,"magic-camp,transition-magic,tier-16"
I1280,16,Медная стрекоза поиска сквозняка,"Необычная магия ощущается слабо, но действует устойчиво. Устройство имеет редкое, полезное и понятное назначение.",532800,Медная стрекоза поиска сквозняка — стабильного чуда,"Его необычный эффект срабатывает надёжнее и предсказуемее. Слабое чудо проявилось в чистой и необычайно устойчивой форме. История владельца повышает цену не меньше, чем материалы.",1200000,"magic-oddity,transition-magic,tier-16"
I1281,17,Венец ясной памяти,Сильное волшебство заключено в тщательно созданном предмете. Форма и следы носки сразу выдают историю головного убора.,554600,Венец ясной памяти — из гардероба лунной княгини,"Материал оказался редким, а внутренняя метка связывает вещь с известным владельцем. Сильные чары дополнены редким свойством, которого нет у известных копий. Работа мастера узнаваема и имеет подтверждённую ценность.",1500000,"headwear,good-magic,tier-17"
I1282,17,Сапоги семимильного привала,"Сильное волшебство заключено в тщательно созданном предмете. Подошва, застёжки и размер делают эту обувь вполне узнаваемой находкой.",451200,Сапоги семимильного привала — с парной печатью королевского сапожника,"Под неприметным верхом скрылись работа прославленного сапожника и дорогая подкладка. Сильные чары дополнены редким свойством, которого нет у известных копий. Неожиданное свойство делает эту версию особенно желанной.",1500000,"footwear,good-magic,tier-17"
I1283,17,Плащ рассеянной стрелы,"Сильное волшебство заключено в тщательно созданном предмете. Ткань сохранила запах дороги, мастерской или прежнего хозяина.",319600,Плащ рассеянной стрелы — из дорожного сундука архимага,"Швы выполнены драгоценной нитью, а покрой имеет коллекционное происхождение. Сильные чары дополнены редким свойством, которого нет у известных копий. На рынке редкостей за неё наверняка начнётся спор.",1500000,"clothes,good-magic,tier-17"
I1284,17,Серебряная ложка вкуса правды,Сильное волшебство заключено в тщательно созданном предмете. На поверхности остались царапины от долгого и не всегда бережного использования.,620400,Серебряная ложка вкуса правды — с клеймом коронационного мастера,"Клеймо мастера подтверждает редкий сплав и важную историю этой утвари. Сильные чары дополнены редким свойством, которого нет у известных копий. Подлинная метка превращает случайную находку в событие.",1500000,"utensil,good-magic,tier-17"
I1285,17,Казан гостеприимного очага,Сильное волшебство заключено в тщательно созданном предмете. Копоть и вмятины рассказывают о множестве походных ужинов.,470000,Казан гостеприимного очага — из кухни исчезнувшей династии,"Под слоем нагара обнаружилась безупречная работа знаменитой дворцовой кухни. Сильные чары дополнены редким свойством, которого нет у известных копий. Состояние почти идеальное, а происхождение подтверждено.",1500000,"cookware,good-magic,tier-17"
I1286,17,Хлебец возвращённых сил,"Сильное волшебство заключено в тщательно созданном предмете. Запах, корочка и упаковка позволяют оценить свежесть без рискованной дегустации.",366600,Хлебец возвращённых сил — по рецепту небесного кондитера,"Редкий рецепт и идеально сохранившиеся ингредиенты превращают еду в дорогой деликатес. Сильные чары дополнены редким свойством, которого нет у известных копий. Знаток заплатит за такую редкость намного больше обычного.",1500000,"food,good-magic,tier-17"
I1287,17,Графин чистой живой воды,"Сильное волшебство заключено в тщательно созданном предмете. Содержимое тихо плещется и пахнет ровно так, как обещает его вид.",695600,Графин чистой живой воды — из последней бочки императорского погреба,"Печать на сосуде указывает на исключительную выдержку и знаменитую партию. Сильные чары дополнены редким свойством, которого нет у известных копий. Скрытая деталь делает находку одновременно полезной и коллекционной.",1500000,"drink,good-magic,tier-17"
I1288,17,Кости благосклонного случая,"Сильное волшебство заключено в тщательно созданном предмете. На кости заметны насечки, следы зубов или попытка придать ей смысл.",507600,Кости благосклонного случая — с летописью древнего чудовища,"Знаки оказались исторической записью, а сама кость принадлежала необычному существу. Сильные чары дополнены редким свойством, которого нет у известных копий. Редкая особенность раскрывается только при внимательном осмотре.",1500000,"bones,good-magic,tier-17"
I1289,17,Молот громового подмастерья,"Сильное волшебство заключено в тщательно созданном предмете. Баланс рукояти показывает, годится ли находка для настоящей работы.",413600,Молот громового подмастерья — работы кузнеца Семи Башен,"Скрытое клеймо подтверждает происхождение из мастерской великого кузнеца. Сильные чары дополнены редким свойством, которого нет у известных копий. Даже неприметный вид не способен скрыть выдающееся качество.",1500000,"hammer,good-magic,tier-17"
I1290,17,Игла быстрого зачарованного шва,Сильное волшебство заключено в тщательно созданном предмете. Тонкий инструмент пережил владельца и сохранил следы его ремесла.,258500,Игла быстрого зачарованного шва — из набора швеи при дворе фей,"Игла сделана из необычного металла и выполняет тонкую работу почти без усилий. Сильные чары дополнены редким свойством, которого нет у известных копий. Вещь сохранилась вопреки возрасту и явно переживёт нового хозяина.",775500,"needle,good-magic,tier-17"
I1291,17,Верёвка послушного подъёма,"Сильное волшебство заключено в тщательно созданном предмете. Волокна, узлы и влажность честно показывают остаток прочности.",554600,Верёвка послушного подъёма — сплетённая хранителями маяка,"Плетение не боится огня и воды, хотя с виду верёвка остаётся совершенно обычной. Сильные чары дополнены редким свойством, которого нет у известных копий. История владельца повышает цену не меньше, чем материалы.",1500000,"rope,good-magic,tier-17"
I1292,17,Сумка сохранённого груза,Сильное волшебство заключено в тщательно созданном предмете. Внутри сохранился запах прежнего содержимого и немного дорожной пыли.,451200,Сумка сохранённого груза — с тайным отделением королевского курьера,"Потайной шов открыл ценную работу и надёжное внутреннее отделение. Сильные чары дополнены редким свойством, которого нет у известных копий. Работа мастера узнаваема и имеет подтверждённую ценность.",1500000,"container,good-magic,tier-17"
I1293,17,Перо безошибочного переводчика,Сильное волшебство заключено в тщательно созданном предмете. Пятна чернил и состояние наконечника говорят о последнем писавшем.,319600,Перо безошибочного переводчика — принадлежавшее великому летописцу,"Инструмент узнаёт руку владельца и оставляет особенно стойкие, красивые линии. Сильные чары дополнены редким свойством, которого нет у известных копий. Неожиданное свойство делает эту версию особенно желанной.",958800,"writing,good-magic,tier-17"
I1294,17,Книга дверей между библиотеками,"Сильное волшебство заключено в тщательно созданном предмете. Переплёт, поля и закладки выдают, насколько часто текстом пользовались.",620400,Книга дверей между библиотеками — с авторскими пометами первого издания,"Между страницами обнаружены авторские пометы, резко повышающие ценность тома. Сильные чары дополнены редким свойством, которого нет у известных копий. На рынке редкостей за неё наверняка начнётся спор.",1500000,"book,good-magic,tier-17"
I1295,17,Свиток нерушимой подписи,"Сильное волшебство заключено в тщательно созданном предмете. Печати и подписи можно изучить, хотя назначение бумаги не всегда радует.",470000,Свиток нерушимой подписи — скреплённое печатью забытого престола,"Подлинность подтверждена редкой печатью, а содержание имеет историческую цену. Сильные чары дополнены редким свойством, которого нет у известных копий. Подлинная метка превращает случайную находку в событие.",1500000,"document,good-magic,tier-17"
I1296,17,Кошель честной сдачи,Сильное волшебство заключено в тщательно созданном предмете. Находка связана с мелкой торговлей и хранит следы множества рук.,366600,Кошель честной сдачи — из закрытой коллекции монетного двора,"Незаметная отметка превращает торговую мелочь в редкий нумизматический объект. Сильные чары дополнены редким свойством, которого нет у известных копий. Состояние почти идеальное, а происхождение подтверждено.",1099800,"trade,good-magic,tier-17"
I1297,17,Ожерелье серебряного дыхания,Сильное волшебство заключено в тщательно созданном предмете. Даже при беглом осмотре видны качество оправы и состояние металла.,695600,Ожерелье серебряного дыхания — из сокровищницы звёздного ювелира,"Камни и металл подтвердили происхождение из известной ювелирной школы. Сильные чары дополнены редким свойством, которого нет у известных копий. Знаток заплатит за такую редкость намного больше обычного.",1500000,"jewelry,good-magic,tier-17"
I1298,17,Шахматные фигуры призрачного соперника,Сильное волшебство заключено в тщательно созданном предмете. Игрушка пережила шумные игры и несколько неумелых починок.,507600,Шахматные фигуры призрачного соперника — первой серии великого игрушечника,"Это ранняя работа знаменитого мастера, сохранившая редкий механизм. Сильные чары дополнены редким свойством, которого нет у известных копий. Скрытая деталь делает находку одновременно полезной и коллекционной.",1500000,"toy,good-magic,tier-17"
I1299,17,Кадило защитного круга,"Сильное волшебство заключено в тщательно созданном предмете. Символы нанесены старательно, хотя их смысл понятен не каждому жрецу.",413600,Кадило защитного круга — признанная храмовой реликвией,"Реликвия признана храмом и несёт след подлинного благословения. Сильные чары дополнены редким свойством, которого нет у известных копий. Редкая особенность раскрывается только при внимательном осмотре.",1240800,"religion,good-magic,tier-17"
I1300,17,Рог далёкого сигнала,"Сильное волшебство заключено в тщательно созданном предмете. Звук зависит от состояния дерева, металла и терпения исполнителя.",258500,Рог далёкого сигнала — из личного оркестра серебряного дракона,"Редкий тембр и подпись мастера делают инструмент желанным для коллекционера. Сильные чары дополнены редким свойством, которого нет у известных копий. Даже неприметный вид не способен скрыть выдающееся качество.",1034000,"music,good-magic,tier-17"
I1301,17,Капкан удерживающей тени,"Сильное волшебство заключено в тщательно созданном предмете. Потёртости показывают, на какую добычу и как часто с вещью ходили.",554600,Капкан удерживающей тени — из арсенала королевского ловчего,"Точная подгонка и необычный материал заметно улучшают охотничьи свойства. Сильные чары дополнены редким свойством, которого нет у известных копий. Вещь сохранилась вопреки возрасту и явно переживёт нового хозяина.",1500000,"hunting,good-magic,tier-17"
I1302,17,Удочка речного повелителя,"Сильное волшебство заключено в тщательно созданном предмете. Соль, леска и чешуя оставили на снасти честную биографию.",451200,Удочка речного повелителя — снасть легендарного речного следопыта,"Снасть принадлежала знаменитому ловцу и безошибочно чувствует крупную добычу. Сильные чары дополнены редким свойством, которого нет у известных копий. История владельца повышает цену не меньше, чем материалы.",1353600,"fishing,good-magic,tier-17"
I1303,17,Якорный талисман тихой гавани,Сильное волшебство заключено в тщательно созданном предмете. Запах смолы и соли выдаёт долгую службу рядом с водой.,319600,Якорный талисман тихой гавани — с флагмана пропавшей экспедиции,"Корабельная метка связывает находку с легендарным плаванием. Сильные чары дополнены редким свойством, которого нет у известных копий. Работа мастера узнаваема и имеет подтверждённую ценность.",1278400,"nautical,good-magic,tier-17"
I1304,17,Мотыга щедрой борозды,Сильное волшебство заключено в тщательно созданном предмете. Земля в щелях и затёртая рукоять говорят о привычной работе.,620400,Мотыга щедрой борозды — награда победителю Праздника Урожая,"Инструмент идеально сбалансирован и когда-то был наградой лучшему земледельцу. Сильные чары дополнены редким свойством, которого нет у известных копий. Неожиданное свойство делает эту версию особенно желанной.",1500000,"farming,good-magic,tier-17"
I1305,17,Кирка искателя самоцветов,Сильное волшебство заключено в тщательно созданном предмете. Каменная пыль забилась в каждую выемку этой шахтёрской вещи.,470000,Кирка искателя самоцветов — настроенное на жилу звёздного серебра,"Находка откликается на ценные жилы едва заметным теплом. Сильные чары дополнены редким свойством, которого нет у известных копий. На рынке редкостей за неё наверняка начнётся спор.",1410000,"mining,good-magic,tier-17"
I1306,17,Резец оживающего барельефа,Сильное волшебство заключено в тщательно созданном предмете. Смола и тонкая стружка сохранились возле рабочих кромок.,366600,Резец оживающего барельефа — из мастерской говорящего дерева,"Работа принадлежит именитому резчику и удивительно бережно обращается с деревом. Сильные чары дополнены редким свойством, которого нет у известных копий. Подлинная метка превращает случайную находку в событие.",1466400,"woodcraft,good-magic,tier-17"
I1307,17,Кузнечные клещи белого жара,Сильное волшебство заключено в тщательно созданном предмете. Окалина и следы жара не оставляют сомнений в кузнечном прошлом.,695600,Кузнечные клещи белого жара — закалённое в огне Великой Кузни,"Сплав и закалка соответствуют утраченной технике большой мастерской. Сильные чары дополнены редким свойством, которого нет у известных копий. Состояние почти идеальное, а происхождение подтверждено.",1500000,"smithing,good-magic,tier-17"
I1308,17,Набор отмычек проходящей руки,"Сильное волшебство заключено в тщательно созданном предмете. Размер и гибкость намекают на задачи, о которых не пишут в накладных.",507600,Набор отмычек проходящей руки — из комплекта королевской разведки,"Набор создан для королевского разведчика и почти не оставляет следов применения. Сильные чары дополнены редким свойством, которого нет у известных копий. Знаток заплатит за такую редкость намного больше обычного.",1500000,"thieves,good-magic,tier-17"
I1309,17,Реторта совершенного растворителя,"Сильное волшебство заключено в тщательно созданном предмете. Осадок и цвет позволяют строить догадки, но не советуют пробовать содержимое.",413600,Реторта совершенного растворителя — из лаборатории первого трансмутатора,"Состав сохранил чистоту и относится к редкой работе признанного алхимика. Сильные чары дополнены редким свойством, которого нет у известных копий. Скрытая деталь делает находку одновременно полезной и коллекционной.",1500000,"alchemy,good-magic,tier-17"
I1310,17,Чемодан ускоренного исцеления,Сильное волшебство заключено в тщательно созданном предмете. Запах трав и аккуратность упаковки показывают уровень прежнего лекаря.,258500,Чемодан ускоренного исцеления — из сумки святого полевого лекаря,"Внутри обнаружены дорогие средства полевого хирурга и безупречные инструменты. Сильные чары дополнены редким свойством, которого нет у известных копий. Редкая особенность раскрывается только при внимательном осмотре.",1292500,"medicine,good-magic,tier-17"
I1311,17,Шатёр безопасной ночи,Сильное волшебство заключено в тщательно созданном предмете. Пыль дорог и следы дождя видны сильнее любой торговой марки.,554600,Шатёр безопасной ночи — из снаряжения похода за край карты,"Снаряжение необычно лёгкое, прочное и рассчитано на самые тяжёлые переходы. Сильные чары дополнены редким свойством, которого нет у известных копий. Даже неприметный вид не способен скрыть выдающееся качество.",1500000,"camping,good-magic,tier-17"
I1312,17,Фонарь разоблачённой невидимости,"Сильное волшебство заключено в тщательно созданном предмете. Копоть вокруг огня рассказывает, насколько ровно он когда-то горел.",451200,Фонарь разоблачённой невидимости — с негасимым огнём хранителей рассвета,"Источник света расходует топливо почти незаметно и не гаснет от обычного ветра. Сильные чары дополнены редким свойством, которого нет у известных копий. Вещь сохранилась вопреки возрасту и явно переживёт нового хозяина.",1500000,"light,good-magic,tier-17"
I1313,17,Компас выбранной цели,"Сильное волшебство заключено в тщательно созданном предмете. Стрелки, шкалы и потёртый корпус ещё могут подсказать направление.",319600,Компас выбранной цели — из обсерватории забытого мореплавателя,"Прибор изготовлен для дальней экспедиции и замечает даже магические искажения пути. Сильные чары дополнены редким свойством, которого нет у известных копий. История владельца повышает цену не меньше, чем материалы.",1500000,"navigation,good-magic,tier-17"
I1314,17,Кольчуга отводящего удара,"Сильное волшебство заключено в тщательно созданном предмете. Вмятины и ремни показывают, какую защиту предмет способен дать сейчас.",620400,Кольчуга отводящего удара — из личной оружейной палаты героя,"Под поздними заплатами обнаружена работа оружейника исторического значения. Сильные чары дополнены редким свойством, которого нет у известных копий. Работа мастера узнаваема и имеет подтверждённую ценность.",1500000,"armor,good-magic,tier-17"
I1315,17,Щит отражённого проклятия,"Сильное волшебство заключено в тщательно созданном предмете. Кромка и крепления хранят следы ударов, которые принял прежний владелец.",470000,Щит отражённого проклятия — с гербом спасённого королевства,"Геральдика и редкий сердечник превращают защиту в ценную реликвию. Сильные чары дополнены редким свойством, которого нет у известных копий. Неожиданное свойство делает эту версию особенно желанной.",1500000,"shield,good-magic,tier-17"
I1316,17,Кинжал беззвучного разреза,"Сильное волшебство заключено в тщательно созданном предмете. Короткий клинок удобно осмотреть по заточке, гарде и следам ржавчины.",366600,Кинжал беззвучного разреза — из тайного набора придворного дуэлянта,"Сталь скрывает безупречную закалку и происхождение из личного арсенала мастера. Сильные чары дополнены редким свойством, которого нет у известных копий. На рынке редкостей за неё наверняка начнётся спор.",1500000,"dagger,good-magic,tier-17"
I1317,17,Клинок призрачного караула,"Сильное волшебство заключено в тщательно созданном предмете. Длинный клинок оценивается по балансу, прямизне и состоянию ножен.",695600,Клинок призрачного караула — с подписью мастера легендарных клинков,"После очистки открылись подпись оружейника и выдающийся узор закалки. Сильные чары дополнены редким свойством, которого нет у известных копий. Подлинная метка превращает случайную находку в событие.",1500000,"sword,good-magic,tier-17"
I1318,17,Секира каменного грома,Сильное волшебство заключено в тщательно созданном предмете. Рабочая кромка и посадка топорища показывают характер прежней службы.,507600,Секира каменного грома — выкованное для наследника подгорного трона,"Редкий металл держит заточку, а клеймо связывает топор с прославленным походом. Сильные чары дополнены редким свойством, которого нет у известных копий. Состояние почти идеальное, а происхождение подтверждено.",1500000,"axe,good-magic,tier-17"
I1319,17,Лук охотника сквозь туман,"Сильное волшебство заключено в тщательно созданном предмете. Плечи, тетива и изгиб сохраняют память о множестве выстрелов.",413600,Лук охотника сквозь туман — из тисовой рощи первого лучника,"Точная работа даёт исключительную плавность и принадлежит знаменитому стрелку. Сильные чары дополнены редким свойством, которого нет у известных копий. Знаток заплатит за такую редкость намного больше обычного.",1500000,"bow,good-magic,tier-17"
I1320,17,Колчан неистощимых стрел,Сильное волшебство заключено в тщательно созданном предмете. Оперение и наконечник подсказывают назначение боеприпаса.,258500,Колчан неистощимых стрел — с наконечником из упавшей звезды,"Редкая балансировка и особый наконечник делают единственный выстрел чрезвычайно ценным. Сильные чары дополнены редким свойством, которого нет у известных копий. Скрытая деталь делает находку одновременно полезной и коллекционной.",775500,"projectile,good-magic,tier-17"
I1321,17,Посох короткого воздушного шага,Сильное волшебство заключено в тщательно созданном предмете. Следы ладоней и дорожные зарубки покрывают посох почти целиком.,554600,Посох короткого воздушного шага — выросшее из ветви мирового древа,"Внутри древесины обнаружена тонкая сердцевина с полезным необычным свойством. Сильные чары дополнены редким свойством, которого нет у известных копий. Редкая особенность раскрывается только при внимательном осмотре.",1500000,"staff,good-magic,tier-17"
I1322,17,Седло стремительного скакуна,Сильное волшебство заключено в тщательно созданном предмете. Ремни и пряжки подогнаны под конкретного зверя и долгую дорогу.,451200,Седло стремительного скакуна — из церемониальной упряжи единорога,"Материалы достойны королевской конюшни и необычно удобны для животного. Сильные чары дополнены редким свойством, которого нет у известных копий. Даже неприметный вид не способен скрыть выдающееся качество.",1500000,"animal,good-magic,tier-17"
I1323,17,Амулет речи малых зверей,Сильное волшебство заключено в тщательно созданном предмете. Едва заметная странность отличает вещицу от совершенно обычного хлама.,319600,Амулет речи малых зверей — с устойчивым малым чудом внутри,"Малое чудо оказалось стабильным, полезным и работой известного чародея. Сильные чары дополнены редким свойством, которого нет у известных копий. Вещь сохранилась вопреки возрасту и явно переживёт нового хозяина.",958800,"magic,good-magic,tier-17"
I1324,17,Гоблинский ранец бесконечных пружин,Сильное волшебство заключено в тщательно созданном предмете. Гоблинская практичность смешана здесь с самоуверенным украшательством.,620400,Гоблинский ранец бесконечных пружин — из трофейной кладовой великого вождя,"Вещь принадлежала знаменитому гоблинскому вождю и содержит хитрый секрет. Сильные чары дополнены редким свойством, которого нет у известных копий. История владельца повышает цену не меньше, чем материалы.",1500000,"goblin,good-magic,tier-17"
I1325,17,Дварфский молот пробуждения рун,"Сильное волшебство заключено в тщательно созданном предмете. Дворфская манера видна по тяжести, рунам и упрямой прочности.",470000,Дварфский молот пробуждения рун — с рунами прародителя клана,"Руны называют древний клан, а качество достойно наследственной сокровищницы. Сильные чары дополнены редким свойством, которого нет у известных копий. Работа мастера узнаваема и имеет подтверждённую ценность.",1500000,"dwarf,good-magic,tier-17"
I1326,17,Эльфийский шарф лесной тропы,Сильное волшебство заключено в тщательно созданном предмете. Эльфийская работа узнаётся по лёгким линиям и вниманию к мелочам.,366600,Эльфийский шарф лесной тропы — с подписью мастера Лунного Двора,"Подлинная подпись мастера и редкий материал делают изделие музейным. Сильные чары дополнены редким свойством, которого нет у известных копий. Неожиданное свойство делает эту версию особенно желанной.",1099800,"elf,good-magic,tier-17"
I1327,17,Мундир убедительного приказа,"Сильное волшебство заключено в тщательно созданном предмете. Человеческая вещь хранит понятные следы службы, ремонта и дороги.",695600,Мундир убедительного приказа — из багажа основателя столицы,"Монограмма связывает её с важным историческим лицом, а состояние удивительно хорошо. Сильные чары дополнены редким свойством, которого нет у известных копий. На рынке редкостей за неё наверняка начнётся спор.",1500000,"human,good-magic,tier-17"
I1328,17,Сундук малого скрытого помещения,Сильное волшебство заключено в тщательно созданном предмете. Каждая царапина отмечает новый участок долгого маршрута.,507600,Сундук малого скрытого помещения — из комплекта Последней Экспедиции,"Эта версия создавалась для великой экспедиции и продумана до последней застёжки. Сильные чары дополнены редким свойством, которого нет у известных копий. Подлинная метка превращает случайную находку в событие.",1500000,"travel,good-magic,tier-17"
I1329,17,Весы безошибочной оценки,"Сильное волшебство заключено в тщательно созданном предмете. Бирки и упаковка выдают товар, который когда-то ждал покупателя.",413600,Весы безошибочной оценки — из опечатанного товара Гильдии Чудес,"Происхождение и редкость позволяют продать находку серьёзному коллекционеру. Сильные чары дополнены редким свойством, которого нет у известных копий. Состояние почти идеальное, а происхождение подтверждено.",1240800,"merchant,good-magic,tier-17"
I1330,17,Инструменты мгновенной починки,"Сильное волшебство заключено в тщательно созданном предмете. Следы краски, глины или клея точно называют ремесло владельца.",258500,Инструменты мгновенной починки — из наследия великого ремесленника,"Инструмент принадлежал признанному мастеру и сам по себе считается произведением искусства. Сильные чары дополнены редким свойством, которого нет у известных копий. Знаток заплатит за такую редкость намного больше обычного.",1034000,"artisan,good-magic,tier-17"
I1331,17,Сервиз мирной беседы,Сильное волшебство заключено в тщательно созданном предмете. Бытовая вещь честно показывает привычки и достаток прежнего дома.,554600,Сервиз мирной беседы — из сервиза посольского дворца,"Незаметная деталь выдаёт заказ для дворца и исключительное качество изготовления. Сильные чары дополнены редким свойством, которого нет у известных копий. Скрытая деталь делает находку одновременно полезной и коллекционной.",1500000,"household,good-magic,tier-17"
I1332,17,Ключ прохода через одну стену,"Сильное волшебство заключено в тщательно созданном предмете. Форма бородки обещает замок, который, возможно, ещё существует.",451200,Ключ прохода через одну стену — открывающее хранилище Тайного Совета,"Знак на стержне указывает на особо важную дверь и дорогой секрет за ней. Сильные чары дополнены редким свойством, которого нет у известных копий. Редкая особенность раскрывается только при внимательном осмотре.",1353600,"key,good-magic,tier-17"
I1333,17,Карта живых окрестностей,"Сильное волшебство заключено в тщательно созданном предмете. Линии маршрута, пятна и исправления оставлены разными путешественниками.",319600,Карта живых окрестностей — с дорогой к сокровищнице на полях,"Скрытый слой показывает неизвестный путь к месту большой ценности. Сильные чары дополнены редким свойством, которого нет у известных копий. Даже неприметный вид не способен скрыть выдающееся качество.",1278400,"map,good-magic,tier-17"
I1334,17,Рубин огненного предупреждения,"Сильное волшебство заключено в тщательно созданном предмете. Свет на гранях помогает отличить камень, стекло и удачную подделку.",620400,Рубин огненного предупреждения — огранённое слепым мастером провидцев,"После очистки проявились редкая чистота, огранка и подтверждённое происхождение. Сильные чары дополнены редким свойством, которого нет у известных копий. Вещь сохранилась вопреки возрасту и явно переживёт нового хозяина.",1500000,"gem,good-magic,tier-17"
I1335,17,Сфера сохранённого сообщения,"Сильное волшебство заключено в тщательно созданном предмете. Назначение странности неочевидно, но детали явно сложились не случайно.",470000,Сфера сохранённого сообщения — из кабинета придворного исследователя,"Специалист распознает в ней редкость, смысл которой намного дороже внешнего вида. Сильные чары дополнены редким свойством, которого нет у известных копий. История владельца повышает цену не меньше, чем материалы.",1410000,"oddity,good-magic,tier-17"
I1336,17,Меч грозового отклика,"Сильное волшебство заключено в тщательно созданном предмете. Зачарование усиливает оружие, не превращая его в реликвию мира.",366600,Меч грозового отклика — точного импульса,"Улучшенная версия увереннее проводит собственный ограниченный боевой эффект. Сильные чары дополнены редким свойством, которого нет у известных копий. Работа мастера узнаваема и имеет подтверждённую ценность.",1466400,"weapon,good-magic,tier-17"
I1337,17,Панцирь преломлённого удара,"Сильное волшебство заключено в тщательно созданном предмете. Магия защиты заметна, но имеет ясные пределы.",695600,Панцирь преломлённого удара — стойкого контура,"Защитное поле дольше сохраняется после первого сильного удара. Сильные чары дополнены редким свойством, которого нет у известных копий. Неожиданное свойство делает эту версию особенно желанной.",1500000,"armor,good-magic,tier-17"
I1338,17,Щит серебряной волны,Сильное волшебство заключено в тщательно созданном предмете. Щит удерживает полезное защитное свойство.,507600,Щит серебряной волны — встречного заслона,"Один раз за отдых чары лучше гасят направленный удар или всплеск энергии. Сильные чары дополнены редким свойством, которого нет у известных копий. На рынке редкостей за неё наверняка начнётся спор.",1500000,"shield,good-magic,tier-17"
I1339,17,Амулет зоркого дозора,Сильное волшебство заключено в тщательно созданном предмете. Амулет помогает владельцу в конкретной опасной ситуации.,413600,Амулет зоркого дозора — ясного отклика,"Талисман раньше предупреждает о подходящей ему угрозе. Сильные чары дополнены редким свойством, которого нет у известных копий. Подлинная метка превращает случайную находку в событие.",1500000,"amulet,good-magic,tier-17"
I1340,17,Кольцо свободного дыхания,Сильное волшебство заключено в тщательно созданном предмете. Кольцо несёт практичное и устойчивое волшебство.,258500,Кольцо свободного дыхания — чистого узора,"Эффект действует увереннее и оставляет меньше неприятных побочных ощущений. Сильные чары дополнены редким свойством, которого нет у известных копий. Состояние почти идеальное, а происхождение подтверждено.",1292500,"ring,good-magic,tier-17"
I1341,17,Плащ скользящей тени,"Сильное волшебство заключено в тщательно созданном предмете. Ткань зачарована для путешествия, защиты или скрытности.",554600,Плащ скользящей тени — глубокой складки,"Магическое свойство плаща работает дольше между отдыхами. Сильные чары дополнены редким свойством, которого нет у известных копий. Знаток заплатит за такую редкость намного больше обычного.",1500000,"cloak,good-magic,tier-17"
I1342,17,Сапоги ветрового шага,"Сильное волшебство заключено в тщательно созданном предмете. Сапоги меняют движение владельца заметным, но ограниченным образом.",451200,Сапоги ветрового шага — верного шага,"Чары лучше удерживают равновесие на трудной поверхности. Сильные чары дополнены редким свойством, которого нет у известных копий. Скрытая деталь делает находку одновременно полезной и коллекционной.",1500000,"boots,good-magic,tier-17"
I1343,17,Перчатки мастера стихий,Сильное волшебство заключено в тщательно созданном предмете. Перчатки усиливают точность рук и работу с предметами.,319600,Перчатки мастера стихий — мастерской хватки,"Они надёжнее передают волю владельца инструменту или оружию. Сильные чары дополнены редким свойством, которого нет у известных копий. Редкая особенность раскрывается только при внимательном осмотре.",1500000,"gloves,good-magic,tier-17"
I1344,17,Шлем истинного эха,Сильное волшебство заключено в тщательно созданном предмете. Головной убор обостряет одно чувство или защищает разум.,620400,Шлем истинного эха — ясного восприятия,"Чары быстрее отделяют настоящую опасность от помех. Сильные чары дополнены редким свойством, которого нет у известных копий. Даже неприметный вид не способен скрыть выдающееся качество.",1500000,"helm,good-magic,tier-17"
I1345,17,Пояс каменной выносливости,Сильное волшебство заключено в тщательно созданном предмете. Пояс накапливает ограниченный запас полезной силы.,470000,Пояс каменной выносливости — ровного усилия,"Энергия распределяется мягче и не утомляет владельца после применения. Сильные чары дополнены редким свойством, которого нет у известных копий. Вещь сохранилась вопреки возрасту и явно переживёт нового хозяина.",1500000,"belt,good-magic,tier-17"
I1346,17,Посох управляемого пламени,Сильное волшебство заключено в тщательно созданном предмете. Посох проводит заклинания или управляет одной стихией.,366600,Посох управляемого пламени — чистого проводника,"Он экономнее расходует заключённые заряды. Сильные чары дополнены редким свойством, которого нет у известных копий. История владельца повышает цену не меньше, чем материалы.",1500000,"staff,good-magic,tier-17"
I1347,17,Жезл ледяной преграды,Сильное волшебство заключено в тщательно созданном предмете. Жезл хранит несколько применений конкретного эффекта.,695600,Жезл ледяной преграды — точной фокусировки,"Заключённая магия реже отклоняется от выбранной цели. Сильные чары дополнены редким свойством, которого нет у известных копий. Работа мастера узнаваема и имеет подтверждённую ценность.",1500000,"wand,good-magic,tier-17"
I1348,17,Инструмент безошибочной огранки,Сильное волшебство заключено в тщательно созданном предмете. Инструмент сочетает ремесло и устойчивое зачарование.,507600,Инструмент безошибочной огранки — видящий изъян,"Он яснее показывает скрытую ошибку в подходящем материале. Сильные чары дополнены редким свойством, которого нет у известных копий. Неожиданное свойство делает эту версию особенно желанной.",1500000,"magic-tool,good-magic,tier-17"
I1349,17,Фонарь проявленных чар,Сильное волшебство заключено в тщательно созданном предмете. Источник света проявляет необычные свойства окружения.,413600,Фонарь проявленных чар — проницательного света,"Луч охватывает больше пространства, не становясь ослепительным. Сильные чары дополнены редким свойством, которого нет у известных копий. На рынке редкостей за неё наверняка начнётся спор.",1500000,"magic-light,good-magic,tier-17"
I1350,17,Компас выбранной вершины,"Сильное волшебство заключено в тщательно созданном предмете. Прибор находит путь там, где обычный компас бесполезен.",258500,Компас выбранной вершины — непотерянного курса,"Он быстрее восстанавливает направление после магической помехи. Сильные чары дополнены редким свойством, которого нет у известных копий. Подлинная метка превращает случайную находку в событие.",775500,"magic-navigation,good-magic,tier-17"
I1351,17,Сумка облегчённого груза,"Сильное волшебство заключено в тщательно созданном предмете. Вместилище меняет вес, объём или сохранность груза.",554600,Сумка облегчённого груза — бережного пространства,"Вещи внутри меньше сталкиваются и легче находятся владельцем. Сильные чары дополнены редким свойством, которого нет у известных копий. Состояние почти идеальное, а происхождение подтверждено.",1500000,"magic-container,good-magic,tier-17"
I1352,17,Эликсир быстрого восстановления,"Сильное волшебство заключено в тщательно созданном предмете. Редкое зелье даёт сильный, но ограниченный эффект.",451200,Эликсир быстрого восстановления — чистой формулы,"Состав действует ровнее и реже вызывает неприятный остаточный эффект. Сильные чары дополнены редким свойством, которого нет у известных копий. Знаток заплатит за такую редкость намного больше обычного.",1500000,"potion,good-magic,tier-17"
I1353,17,Соль разрушения слабых чар,Сильное волшебство заключено в тщательно созданном предмете. Вещество усиливает подходящее ремесло или заклинание.,319600,Соль разрушения слабых чар — высшей очистки,"Небольшой порции хватает на более точную и устойчивую работу. Сильные чары дополнены редким свойством, которого нет у известных копий. Скрытая деталь делает находку одновременно полезной и коллекционной.",958800,"reagent,good-magic,tier-17"
I1354,17,Гримуар безопасного рассеивания,"Сильное волшебство заключено в тщательно созданном предмете. Том хранит применимые магические знания, но не меняет судьбу мира.",620400,Гримуар безопасного рассеивания — ясных полей,"Авторские заметки упрощают безопасное использование главной техники книги. Сильные чары дополнены редким свойством, которого нет у известных копий. Редкая особенность раскрывается только при внимательном осмотре.",1500000,"magic-book,good-magic,tier-17"
I1355,17,Лира ободряющего марша,Сильное волшебство заключено в тщательно созданном предмете. Музыка инструмента вызывает один выраженный волшебный эффект.,470000,Лира ободряющего марша — чистого резонанса,"Эффект достигает слушателей яснее и держится немного дольше. Сильные чары дополнены редким свойством, которого нет у известных копий. Даже неприметный вид не способен скрыть выдающееся качество.",1500000,"instrument,good-magic,tier-17"
I1356,17,Сапфир запаса чистой воды,Сильное волшебство заключено в тщательно созданном предмете. Камень хранит заряд энергии или полезное чувство.,366600,Сапфир запаса чистой воды — глубокой огранки,"Самоцвет удерживает больше силы без риска разрушения. Сильные чары дополнены редким свойством, которого нет у известных копий. Вещь сохранилась вопреки возрасту и явно переживёт нового хозяина.",1099800,"magic-gem,good-magic,tier-17"
I1357,17,Оберег от ядовитого тумана,Сильное волшебство заключено в тщательно созданном предмете. Талисман противостоит одной категории опасностей.,695600,Оберег от ядовитого тумана — надёжной печати,"Защита восстанавливается быстрее после срабатывания. Сильные чары дополнены редким свойством, которого нет у известных копий. История владельца повышает цену не меньше, чем материалы.",1500000,"talisman,good-magic,tier-17"
I1358,17,Верёвка самостоятельного подъёма,Сильное волшебство заключено в тщательно созданном предмете. Верёвка движется или держится благодаря чарам.,507600,Верёвка самостоятельного подъёма — послушного плетения,"Она точнее выполняет короткие команды владельца. Сильные чары дополнены редким свойством, которого нет у известных копий. Работа мастера узнаваема и имеет подтверждённую ценность.",1500000,"magic-rope,good-magic,tier-17"
I1359,17,Шатёр сторожевого круга,Сильное волшебство заключено в тщательно созданном предмете. Предмет создаёт безопасные условия для короткого отдыха.,413600,Шатёр сторожевого круга — тихого убежища,"Защитная область становится устойчивее к обычной непогоде и шуму. Сильные чары дополнены редким свойством, которого нет у известных копий. Неожиданное свойство делает эту версию особенно желанной.",1240800,"magic-camp,good-magic,tier-17"
I1360,17,Бронзовая сова дальнего наблюдения,"Сильное волшебство заключено в тщательно созданном предмете. Устройство имеет редкое, полезное и понятное назначение.",258500,Бронзовая сова дальнего наблюдения — стабильного чуда,"Его необычный эффект срабатывает надёжнее и предсказуемее. Сильные чары дополнены редким свойством, которого нет у известных копий. На рынке редкостей за неё наверняка начнётся спор.",1034000,"magic-oddity,good-magic,tier-17"
I1361,18,Венец сосредоточенного восприятия,Сильный магический предмет способен заметно изменить исход опасного приключения. Форма и следы носки сразу выдают историю головного убора.,891000,Венец сосредоточенного восприятия — из гардероба лунной княгини,"Материал оказался редким, а внутренняя метка связывает вещь с известным владельцем. Могущественная магия раскрыла скрытый слой, достойный сокровищницы правителя. Подлинная метка превращает случайную находку в событие.",2000000,"headwear,strong-magic,tier-18"
I1362,18,Сапоги непрерывной тропы,"Сильный магический предмет способен заметно изменить исход опасного приключения. Подошва, застёжки и размер делают эту обувь вполне узнаваемой находкой.",675000,Сапоги непрерывной тропы — с парной печатью королевского сапожника,"Под неприметным верхом скрылись работа прославленного сапожника и дорогая подкладка. Могущественная магия раскрыла скрытый слой, достойный сокровищницы правителя. Состояние почти идеальное, а происхождение подтверждено.",2000000,"footwear,strong-magic,tier-18"
I1363,18,Мантия тройного отражения,"Сильный магический предмет способен заметно изменить исход опасного приключения. Ткань сохранила запах дороги, мастерской или прежнего хозяина.",526500,Мантия тройного отражения — из дорожного сундука архимага,"Швы выполнены драгоценной нитью, а покрой имеет коллекционное происхождение. Могущественная магия раскрыла скрытый слой, достойный сокровищницы правителя. Знаток заплатит за такую редкость намного больше обычного.",2000000,"clothes,strong-magic,tier-18"
I1364,18,Серебряный прибор очищенной пищи,Сильный магический предмет способен заметно изменить исход опасного приключения. На поверхности остались царапины от долгого и не всегда бережного использования.,999000,Серебряный прибор очищенной пищи — с клеймом коронационного мастера,"Клеймо мастера подтверждает редкий сплав и важную историю этой утвари. Могущественная магия раскрыла скрытый слой, достойный сокровищницы правителя. Скрытая деталь делает находку одновременно полезной и коллекционной.",2000000,"utensil,strong-magic,tier-18"
I1365,18,Котёл точного превращения вещества,Сильный магический предмет способен заметно изменить исход опасного приключения. Копоть и вмятины рассказывают о множестве походных ужинов.,729000,Котёл точного превращения вещества — из кухни исчезнувшей династии,"Под слоем нагара обнаружилась безупречная работа знаменитой дворцовой кухни. Могущественная магия раскрыла скрытый слой, достойный сокровищницы правителя. Редкая особенность раскрывается только при внимательном осмотре.",2000000,"cookware,strong-magic,tier-18"
I1366,18,Паёк полного дневного восстановления,"Сильный магический предмет способен заметно изменить исход опасного приключения. Запах, корочка и упаковка позволяют оценить свежесть без рискованной дегустации.",594000,Паёк полного дневного восстановления — по рецепту небесного кондитера,"Редкий рецепт и идеально сохранившиеся ингредиенты превращают еду в дорогой деликатес. Могущественная магия раскрыла скрытый слой, достойный сокровищницы правителя. Даже неприметный вид не способен скрыть выдающееся качество.",2000000,"food,strong-magic,tier-18"
I1367,18,Кубок сильного противоядия,"Сильный магический предмет способен заметно изменить исход опасного приключения. Содержимое тихо плещется и пахнет ровно так, как обещает его вид.",371250,Кубок сильного противоядия — из последней бочки императорского погреба,"Печать на сосуде указывает на исключительную выдержку и знаменитую партию. Могущественная магия раскрыла скрытый слой, достойный сокровищницы правителя. Вещь сохранилась вопреки возрасту и явно переживёт нового хозяина.",1113750,"drink,strong-magic,tier-18"
I1368,18,Кости тактического предчувствия,"Сильный магический предмет способен заметно изменить исход опасного приключения. На кости заметны насечки, следы зубов или попытка придать ей смысл.",796500,Кости тактического предчувствия — с летописью древнего чудовища,"Знаки оказались исторической записью, а сама кость принадлежала необычному существу. Могущественная магия раскрыла скрытый слой, достойный сокровищницы правителя. История владельца повышает цену не меньше, чем материалы.",2000000,"bones,strong-magic,tier-18"
I1369,18,Молот направленной ударной волны,"Сильный магический предмет способен заметно изменить исход опасного приключения. Баланс рукояти показывает, годится ли находка для настоящей работы.",648000,Молот направленной ударной волны — работы кузнеца Семи Башен,"Скрытое клеймо подтверждает происхождение из мастерской великого кузнеца. Могущественная магия раскрыла скрытый слой, достойный сокровищницы правителя. Работа мастера узнаваема и имеет подтверждённую ценность.",2000000,"hammer,strong-magic,tier-18"
I1370,18,Игла быстрого закрытия раны,Сильный магический предмет способен заметно изменить исход опасного приключения. Тонкий инструмент пережил владельца и сохранил следы его ремесла.,459000,Игла быстрого закрытия раны — из набора швеи при дворе фей,"Игла сделана из необычного металла и выполняет тонкую работу почти без усилий. Могущественная магия раскрыла скрытый слой, достойный сокровищницы правителя. Неожиданное свойство делает эту версию особенно желанной.",1377000,"needle,strong-magic,tier-18"
I1371,18,Канат уверенного воздушного подъёма,"Сильный магический предмет способен заметно изменить исход опасного приключения. Волокна, узлы и влажность честно показывают остаток прочности.",891000,Канат уверенного воздушного подъёма — сплетённая хранителями маяка,"Плетение не боится огня и воды, хотя с виду верёвка остаётся совершенно обычной. Могущественная магия раскрыла скрытый слой, достойный сокровищницы правителя. На рынке редкостей за неё наверняка начнётся спор.",2000000,"rope,strong-magic,tier-18"
I1372,18,Сумка остановленной порчи припасов,Сильный магический предмет способен заметно изменить исход опасного приключения. Внутри сохранился запах прежнего содержимого и немного дорожной пыли.,675000,Сумка остановленной порчи припасов — с тайным отделением королевского курьера,"Потайной шов открыл ценную работу и надёжное внутреннее отделение. Могущественная магия раскрыла скрытый слой, достойный сокровищницы правителя. Подлинная метка превращает случайную находку в событие.",2000000,"container,strong-magic,tier-18"
I1373,18,Перо договора без двусмысленностей,Сильный магический предмет способен заметно изменить исход опасного приключения. Пятна чернил и состояние наконечника говорят о последнем писавшем.,526500,Перо договора без двусмысленностей — принадлежавшее великому летописцу,"Инструмент узнаёт руку владельца и оставляет особенно стойкие, красивые линии. Могущественная магия раскрыла скрытый слой, достойный сокровищницы правителя. Состояние почти идеальное, а происхождение подтверждено.",1579500,"writing,strong-magic,tier-18"
I1374,18,Том поиска краткого безопасного пути,"Сильный магический предмет способен заметно изменить исход опасного приключения. Переплёт, поля и закладки выдают, насколько часто текстом пользовались.",999000,Том поиска краткого безопасного пути — с авторскими пометами первого издания,"Между страницами обнаружены авторские пометы, резко повышающие ценность тома. Могущественная магия раскрыла скрытый слой, достойный сокровищницы правителя. Знаток заплатит за такую редкость намного больше обычного.",2000000,"book,strong-magic,tier-18"
I1375,18,Хартия защитной клятвы,"Сильный магический предмет способен заметно изменить исход опасного приключения. Печати и подписи можно изучить, хотя назначение бумаги не всегда радует.",729000,Хартия защитной клятвы — скреплённое печатью забытого престола,"Подлинность подтверждена редкой печатью, а содержание имеет историческую цену. Могущественная магия раскрыла скрытый слой, достойный сокровищницы правителя. Скрытая деталь делает находку одновременно полезной и коллекционной.",2000000,"document,strong-magic,tier-18"
I1376,18,Монета одного удачного решения,Сильный магический предмет способен заметно изменить исход опасного приключения. Находка связана с мелкой торговлей и хранит следы множества рук.,594000,Монета одного удачного решения — из закрытой коллекции монетного двора,"Незаметная отметка превращает торговую мелочь в редкий нумизматический объект. Могущественная магия раскрыла скрытый слой, достойный сокровищницы правителя. Редкая особенность раскрывается только при внимательном осмотре.",1782000,"trade,strong-magic,tier-18"
I1377,18,Диадема свободного дыхания,Сильный магический предмет способен заметно изменить исход опасного приключения. Даже при беглом осмотре видны качество оправы и состояние металла.,371250,Диадема свободного дыхания — из сокровищницы звёздного ювелира,"Камни и металл подтвердили происхождение из известной ювелирной школы. Могущественная магия раскрыла скрытый слой, достойный сокровищницы правителя. Даже неприметный вид не способен скрыть выдающееся качество.",1485000,"jewelry,strong-magic,tier-18"
I1378,18,Игровая доска призванного советника,Сильный магический предмет способен заметно изменить исход опасного приключения. Игрушка пережила шумные игры и несколько неумелых починок.,796500,Игровая доска призванного советника — первой серии великого игрушечника,"Это ранняя работа знаменитого мастера, сохранившая редкий механизм. Могущественная магия раскрыла скрытый слой, достойный сокровищницы правителя. Вещь сохранилась вопреки возрасту и явно переживёт нового хозяина.",2000000,"toy,strong-magic,tier-18"
I1379,18,Реликварий широкого круга света,"Сильный магический предмет способен заметно изменить исход опасного приключения. Символы нанесены старательно, хотя их смысл понятен не каждому жрецу.",648000,Реликварий широкого круга света — признанная храмовой реликвией,"Реликвия признана храмом и несёт след подлинного благословения. Могущественная магия раскрыла скрытый слой, достойный сокровищницы правителя. История владельца повышает цену не меньше, чем материалы.",1944000,"religion,strong-magic,tier-18"
I1380,18,Арфа ослабления сильного ветра,"Сильный магический предмет способен заметно изменить исход опасного приключения. Звук зависит от состояния дерева, металла и терпения исполнителя.",459000,Арфа ослабления сильного ветра — из личного оркестра серебряного дракона,"Редкий тембр и подпись мастера делают инструмент желанным для коллекционера. Могущественная магия раскрыла скрытый слой, достойный сокровищницы правителя. Работа мастера узнаваема и имеет подтверждённую ценность.",1836000,"music,strong-magic,tier-18"
I1381,18,Копьё охотника на великанов,"Сильный магический предмет способен заметно изменить исход опасного приключения. Потёртости показывают, на какую добычу и как часто с вещью ходили.",891000,Копьё охотника на великанов — из арсенала королевского ловчего,"Точная подгонка и необычный материал заметно улучшают охотничьи свойства. Могущественная магия раскрыла скрытый слой, достойный сокровищницы правителя. Неожиданное свойство делает эту версию особенно желанной.",2000000,"hunting,strong-magic,tier-18"
I1382,18,Сеть удержания морского чудовища,"Сильный магический предмет способен заметно изменить исход опасного приключения. Соль, леска и чешуя оставили на снасти честную биографию.",675000,Сеть удержания морского чудовища — снасть легендарного речного следопыта,"Снасть принадлежала знаменитому ловцу и безошибочно чувствует крупную добычу. Могущественная магия раскрыла скрытый слой, достойный сокровищницы правителя. На рынке редкостей за неё наверняка начнётся спор.",2000000,"fishing,strong-magic,tier-18"
I1383,18,Штурманский диск скрытых течений,Сильный магический предмет способен заметно изменить исход опасного приключения. Запах смолы и соли выдаёт долгую службу рядом с водой.,526500,Штурманский диск скрытых течений — с флагмана пропавшей экспедиции,"Корабельная метка связывает находку с легендарным плаванием. Могущественная магия раскрыла скрытый слой, достойный сокровищницы правителя. Подлинная метка превращает случайную находку в событие.",2000000,"nautical,strong-magic,tier-18"
I1384,18,Плуг быстрого восстановления почвы,Сильный магический предмет способен заметно изменить исход опасного приключения. Земля в щелях и затёртая рукоять говорят о привычной работе.,999000,Плуг быстрого восстановления почвы — награда победителю Праздника Урожая,"Инструмент идеально сбалансирован и когда-то был наградой лучшему земледельцу. Могущественная магия раскрыла скрытый слой, достойный сокровищницы правителя. Состояние почти идеальное, а происхождение подтверждено.",2000000,"farming,strong-magic,tier-18"
I1385,18,Кирка глубокого каменного резонанса,Сильный магический предмет способен заметно изменить исход опасного приключения. Каменная пыль забилась в каждую выемку этой шахтёрской вещи.,729000,Кирка глубокого каменного резонанса — настроенное на жилу звёздного серебра,"Находка откликается на ценные жилы едва заметным теплом. Могущественная магия раскрыла скрытый слой, достойный сокровищницы правителя. Знаток заплатит за такую редкость намного больше обычного.",2000000,"mining,strong-magic,tier-18"
I1386,18,Стамеска движущегося барельефа,Сильный магический предмет способен заметно изменить исход опасного приключения. Смола и тонкая стружка сохранились возле рабочих кромок.,594000,Стамеска движущегося барельефа — из мастерской говорящего дерева,"Работа принадлежит именитому резчику и удивительно бережно обращается с деревом. Могущественная магия раскрыла скрытый слой, достойный сокровищницы правителя. Скрытая деталь делает находку одновременно полезной и коллекционной.",2000000,"woodcraft,strong-magic,tier-18"
I1387,18,Наковальня укрепления зачарованной стали,Сильный магический предмет способен заметно изменить исход опасного приключения. Окалина и следы жара не оставляют сомнений в кузнечном прошлом.,371250,Наковальня укрепления зачарованной стали — закалённое в огне Великой Кузни,"Сплав и закалка соответствуют утраченной технике большой мастерской. Могущественная магия раскрыла скрытый слой, достойный сокровищницы правителя. Редкая особенность раскрывается только при внимательном осмотре.",1856250,"smithing,strong-magic,tier-18"
I1388,18,Комплект ключей сквозного механизма,"Сильный магический предмет способен заметно изменить исход опасного приключения. Размер и гибкость намекают на задачи, о которых не пишут в накладных.",796500,Комплект ключей сквозного механизма — из комплекта королевской разведки,"Набор создан для королевского разведчика и почти не оставляет следов применения. Могущественная магия раскрыла скрытый слой, достойный сокровищницы правителя. Даже неприметный вид не способен скрыть выдающееся качество.",2000000,"thieves,strong-magic,tier-18"
I1389,18,Алхимический круг устойчивого превращения,"Сильный магический предмет способен заметно изменить исход опасного приключения. Осадок и цвет позволяют строить догадки, но не советуют пробовать содержимое.",648000,Алхимический круг устойчивого превращения — из лаборатории первого трансмутатора,"Состав сохранил чистоту и относится к редкой работе признанного алхимика. Могущественная магия раскрыла скрытый слой, достойный сокровищницы правителя. Вещь сохранилась вопреки возрасту и явно переживёт нового хозяина.",2000000,"alchemy,strong-magic,tier-18"
I1390,18,Набор спасения смертельно раненого,Сильный магический предмет способен заметно изменить исход опасного приключения. Запах трав и аккуратность упаковки показывают уровень прежнего лекаря.,459000,Набор спасения смертельно раненого — из сумки святого полевого лекаря,"Внутри обнаружены дорогие средства полевого хирурга и безупречные инструменты. Могущественная магия раскрыла скрытый слой, достойный сокровищницы правителя. История владельца повышает цену не меньше, чем материалы.",2000000,"medicine,strong-magic,tier-18"
I1391,18,Павильон защищённого лагеря,Сильный магический предмет способен заметно изменить исход опасного приключения. Пыль дорог и следы дождя видны сильнее любой торговой марки.,891000,Павильон защищённого лагеря — из снаряжения похода за край карты,"Снаряжение необычно лёгкое, прочное и рассчитано на самые тяжёлые переходы. Могущественная магия раскрыла скрытый слой, достойный сокровищницы правителя. Работа мастера узнаваема и имеет подтверждённую ценность.",2000000,"camping,strong-magic,tier-18"
I1392,18,Маяк различения истинного облика,"Сильный магический предмет способен заметно изменить исход опасного приключения. Копоть вокруг огня рассказывает, насколько ровно он когда-то горел.",675000,Маяк различения истинного облика — с негасимым огнём хранителей рассвета,"Источник света расходует топливо почти незаметно и не гаснет от обычного ветра. Могущественная магия раскрыла скрытый слой, достойный сокровищницы правителя. Неожиданное свойство делает эту версию особенно желанной.",2000000,"light,strong-magic,tier-18"
I1393,18,Астролябия пути между знакомыми землями,"Сильный магический предмет способен заметно изменить исход опасного приключения. Стрелки, шкалы и потёртый корпус ещё могут подсказать направление.",526500,Астролябия пути между знакомыми землями — из обсерватории забытого мореплавателя,"Прибор изготовлен для дальней экспедиции и замечает даже магические искажения пути. Могущественная магия раскрыла скрытый слой, достойный сокровищницы правителя. На рынке редкостей за неё наверняка начнётся спор.",2000000,"navigation,strong-magic,tier-18"
I1394,18,Панцирь сопротивления сильному жару,"Сильный магический предмет способен заметно изменить исход опасного приключения. Вмятины и ремни показывают, какую защиту предмет способен дать сейчас.",999000,Панцирь сопротивления сильному жару — из личной оружейной палаты героя,"Под поздними заплатами обнаружена работа оружейника исторического значения. Могущественная магия раскрыла скрытый слой, достойный сокровищницы правителя. Подлинная метка превращает случайную находку в событие.",2000000,"armor,strong-magic,tier-18"
I1395,18,Щит замедленного удара,"Сильный магический предмет способен заметно изменить исход опасного приключения. Кромка и крепления хранят следы ударов, которые принял прежний владелец.",729000,Щит замедленного удара — с гербом спасённого королевства,"Геральдика и редкий сердечник превращают защиту в ценную реликвию. Могущественная магия раскрыла скрытый слой, достойный сокровищницы правителя. Состояние почти идеальное, а происхождение подтверждено.",2000000,"shield,strong-magic,tier-18"
I1396,18,Кинжал рассечения магической преграды,"Сильный магический предмет способен заметно изменить исход опасного приключения. Короткий клинок удобно осмотреть по заточке, гарде и следам ржавчины.",594000,Кинжал рассечения магической преграды — из тайного набора придворного дуэлянта,"Сталь скрывает безупречную закалку и происхождение из личного арсенала мастера. Могущественная магия раскрыла скрытый слой, достойный сокровищницы правителя. Знаток заплатит за такую редкость намного больше обычного.",2000000,"dagger,strong-magic,tier-18"
I1397,18,Меч управляемого северного ветра,"Сильный магический предмет способен заметно изменить исход опасного приключения. Длинный клинок оценивается по балансу, прямизне и состоянию ножен.",371250,Меч управляемого северного ветра — с подписью мастера легендарных клинков,"После очистки открылись подпись оружейника и выдающийся узор закалки. Могущественная магия раскрыла скрытый слой, достойный сокровищницы правителя. Скрытая деталь делает находку одновременно полезной и коллекционной.",1113750,"sword,strong-magic,tier-18"
I1398,18,Топор пробития крепких ворот,Сильный магический предмет способен заметно изменить исход опасного приключения. Рабочая кромка и посадка топорища показывают характер прежней службы.,796500,Топор пробития крепких ворот — выкованное для наследника подгорного трона,"Редкий металл держит заточку, а клеймо связывает топор с прославленным походом. Могущественная магия раскрыла скрытый слой, достойный сокровищницы правителя. Редкая особенность раскрывается только при внимательном осмотре.",2000000,"axe,strong-magic,tier-18"
I1399,18,Лук дальней точности,"Сильный магический предмет способен заметно изменить исход опасного приключения. Плечи, тетива и изгиб сохраняют память о множестве выстрелов.",648000,Лук дальней точности — из тисовой рощи первого лучника,"Точная работа даёт исключительную плавность и принадлежит знаменитому стрелку. Могущественная магия раскрыла скрытый слой, достойный сокровищницы правителя. Даже неприметный вид не способен скрыть выдающееся качество.",2000000,"bow,strong-magic,tier-18"
I1400,18,Болт поражения крупного чудовища,Сильный магический предмет способен заметно изменить исход опасного приключения. Оперение и наконечник подсказывают назначение боеприпаса.,459000,Болт поражения крупного чудовища — с наконечником из упавшей звезды,"Редкая балансировка и особый наконечник делают единственный выстрел чрезвычайно ценным. Могущественная магия раскрыла скрытый слой, достойный сокровищницы правителя. Вещь сохранилась вопреки возрасту и явно переживёт нового хозяина.",1377000,"projectile,strong-magic,tier-18"
I1401,18,Посох управления каменным стражем,Сильный магический предмет способен заметно изменить исход опасного приключения. Следы ладоней и дорожные зарубки покрывают посох почти целиком.,891000,Посох управления каменным стражем — выросшее из ветви мирового древа,"Внутри древесины обнаружена тонкая сердцевина с полезным необычным свойством. Могущественная магия раскрыла скрытый слой, достойный сокровищницы правителя. История владельца повышает цену не меньше, чем материалы.",2000000,"staff,strong-magic,tier-18"
I1402,18,Седло продолжительного воздушного пути,Сильный магический предмет способен заметно изменить исход опасного приключения. Ремни и пряжки подогнаны под конкретного зверя и долгую дорогу.,675000,Седло продолжительного воздушного пути — из церемониальной упряжи единорога,"Материалы достойны королевской конюшни и необычно удобны для животного. Могущественная магия раскрыла скрытый слой, достойный сокровищницы правителя. Работа мастера узнаваема и имеет подтверждённую ценность.",2000000,"animal,strong-magic,tier-18"
I1403,18,Талисман понимания редких языков,Сильный магический предмет способен заметно изменить исход опасного приключения. Едва заметная странность отличает вещицу от совершенно обычного хлама.,526500,Талисман понимания редких языков — с устойчивым малым чудом внутри,"Малое чудо оказалось стабильным, полезным и работой известного чародея. Могущественная магия раскрыла скрытый слой, достойный сокровищницы правителя. Неожиданное свойство делает эту версию особенно желанной.",1579500,"magic,strong-magic,tier-18"
I1404,18,Гоблинская машина быстрого подкопа,Сильный магический предмет способен заметно изменить исход опасного приключения. Гоблинская практичность смешана здесь с самоуверенным украшательством.,999000,Гоблинская машина быстрого подкопа — из трофейной кладовой великого вождя,"Вещь принадлежала знаменитому гоблинскому вождю и содержит хитрый секрет. Могущественная магия раскрыла скрытый слой, достойный сокровищницы правителя. На рынке редкостей за неё наверняка начнётся спор.",2000000,"goblin,strong-magic,tier-18"
I1405,18,Дварфский резонатор укрепления стены,"Сильный магический предмет способен заметно изменить исход опасного приключения. Дворфская манера видна по тяжести, рунам и упрямой прочности.",729000,Дварфский резонатор укрепления стены — с рунами прародителя клана,"Руны называют древний клан, а качество достойно наследственной сокровищницы. Могущественная магия раскрыла скрытый слой, достойный сокровищницы правителя. Подлинная метка превращает случайную находку в событие.",2000000,"dwarf,strong-magic,tier-18"
I1406,18,Эльфийский плащ прохода сквозь дерево,Сильный магический предмет способен заметно изменить исход опасного приключения. Эльфийская работа узнаётся по лёгким линиям и вниманию к мелочам.,594000,Эльфийский плащ прохода сквозь дерево — с подписью мастера Лунного Двора,"Подлинная подпись мастера и редкий материал делают изделие музейным. Могущественная магия раскрыла скрытый слой, достойный сокровищницы правителя. Состояние почти идеальное, а происхождение подтверждено.",1782000,"elf,strong-magic,tier-18"
I1407,18,Перевязь стойкой храбрости,"Сильный магический предмет способен заметно изменить исход опасного приключения. Человеческая вещь хранит понятные следы службы, ремонта и дороги.",371250,Перевязь стойкой храбрости — из багажа основателя столицы,"Монограмма связывает её с важным историческим лицом, а состояние удивительно хорошо. Могущественная магия раскрыла скрытый слой, достойный сокровищницы правителя. Знаток заплатит за такую редкость намного больше обычного.",1485000,"human,strong-magic,tier-18"
I1408,18,Кофр сохранения хрупкого шедевра,Сильный магический предмет способен заметно изменить исход опасного приключения. Каждая царапина отмечает новый участок долгого маршрута.,796500,Кофр сохранения хрупкого шедевра — из комплекта Последней Экспедиции,"Эта версия создавалась для великой экспедиции и продумана до последней застёжки. Могущественная магия раскрыла скрытый слой, достойный сокровищницы правителя. Скрытая деталь делает находку одновременно полезной и коллекционной.",2000000,"travel,strong-magic,tier-18"
I1409,18,Весы распознавания ложной клятвы,"Сильный магический предмет способен заметно изменить исход опасного приключения. Бирки и упаковка выдают товар, который когда-то ждал покупателя.",648000,Весы распознавания ложной клятвы — из опечатанного товара Гильдии Чудес,"Происхождение и редкость позволяют продать находку серьёзному коллекционеру. Могущественная магия раскрыла скрытый слой, достойный сокровищницы правителя. Редкая особенность раскрывается только при внимательном осмотре.",1944000,"merchant,strong-magic,tier-18"
I1410,18,Инструменты ускоренного строительства,"Сильный магический предмет способен заметно изменить исход опасного приключения. Следы краски, глины или клея точно называют ремесло владельца.",459000,Инструменты ускоренного строительства — из наследия великого ремесленника,"Инструмент принадлежал признанному мастеру и сам по себе считается произведением искусства. Могущественная магия раскрыла скрытый слой, достойный сокровищницы правителя. Даже неприметный вид не способен скрыть выдающееся качество.",1836000,"artisan,strong-magic,tier-18"
I1411,18,Чайник разговора с семейными духами,Сильный магический предмет способен заметно изменить исход опасного приключения. Бытовая вещь честно показывает привычки и достаток прежнего дома.,891000,Чайник разговора с семейными духами — из сервиза посольского дворца,"Незаметная деталь выдаёт заказ для дворца и исключительное качество изготовления. Могущественная магия раскрыла скрытый слой, достойный сокровищницы правителя. Вещь сохранилась вопреки возрасту и явно переживёт нового хозяина.",2000000,"household,strong-magic,tier-18"
I1412,18,Ключ запечатывания малого портала,"Сильный магический предмет способен заметно изменить исход опасного приключения. Форма бородки обещает замок, который, возможно, ещё существует.",675000,Ключ запечатывания малого портала — открывающее хранилище Тайного Совета,"Знак на стержне указывает на особо важную дверь и дорогой секрет за ней. Могущественная магия раскрыла скрытый слой, достойный сокровищницы правителя. История владельца повышает цену не меньше, чем материалы.",2000000,"key,strong-magic,tier-18"
I1413,18,Карта троп внутри общего сна,"Сильный магический предмет способен заметно изменить исход опасного приключения. Линии маршрута, пятна и исправления оставлены разными путешественниками.",526500,Карта троп внутри общего сна — с дорогой к сокровищнице на полях,"Скрытый слой показывает неизвестный путь к месту большой ценности. Могущественная магия раскрыла скрытый слой, достойный сокровищницы правителя. Работа мастера узнаваема и имеет подтверждённую ценность.",2000000,"map,strong-magic,tier-18"
I1414,18,Сапфир морозного дыхания,"Сильный магический предмет способен заметно изменить исход опасного приключения. Свет на гранях помогает отличить камень, стекло и удачную подделку.",999000,Сапфир морозного дыхания — огранённое слепым мастером провидцев,"После очистки проявились редкая чистота, огранка и подтверждённое происхождение. Могущественная магия раскрыла скрытый слой, достойный сокровищницы правителя. Неожиданное свойство делает эту версию особенно желанной.",2000000,"gem,strong-magic,tier-18"
I1415,18,Куб удержанной молнии,"Сильный магический предмет способен заметно изменить исход опасного приключения. Назначение странности неочевидно, но детали явно сложились не случайно.",729000,Куб удержанной молнии — из кабинета придворного исследователя,"Специалист распознает в ней редкость, смысл которой намного дороже внешнего вида. Могущественная магия раскрыла скрытый слой, достойный сокровищницы правителя. На рынке редкостей за неё наверняка начнётся спор.",2000000,"oddity,strong-magic,tier-18"
I1416,18,Клинок раскатистого грома,"Сильный магический предмет способен заметно изменить исход опасного приключения. Зачарование усиливает оружие, не превращая его в реликвию мира.",594000,Клинок раскатистого грома — точного импульса,"Улучшенная версия увереннее проводит собственный ограниченный боевой эффект. Могущественная магия раскрыла скрытый слой, достойный сокровищницы правителя. Подлинная метка превращает случайную находку в событие.",2000000,"weapon,strong-magic,tier-18"
I1417,18,Латы устойчивого барьера,"Сильный магический предмет способен заметно изменить исход опасного приключения. Магия защиты заметна, но имеет ясные пределы.",371250,Латы устойчивого барьера — стойкого контура,"Защитное поле дольше сохраняется после первого сильного удара. Могущественная магия раскрыла скрытый слой, достойный сокровищницы правителя. Состояние почти идеальное, а происхождение подтверждено.",1856250,"armor,strong-magic,tier-18"
I1418,18,Щит отражённой стихии,Сильный магический предмет способен заметно изменить исход опасного приключения. Щит удерживает полезное защитное свойство.,796500,Щит отражённой стихии — встречного заслона,"Один раз за отдых чары лучше гасят направленный удар или всплеск энергии. Могущественная магия раскрыла скрытый слой, достойный сокровищницы правителя. Знаток заплатит за такую редкость намного больше обычного.",2000000,"shield,strong-magic,tier-18"
I1419,18,Амулет предчувствия засады,Сильный магический предмет способен заметно изменить исход опасного приключения. Амулет помогает владельцу в конкретной опасной ситуации.,648000,Амулет предчувствия засады — ясного отклика,"Талисман раньше предупреждает о подходящей ему угрозе. Могущественная магия раскрыла скрытый слой, достойный сокровищницы правителя. Скрытая деталь делает находку одновременно полезной и коллекционной.",2000000,"amulet,strong-magic,tier-18"
I1420,18,Кольцо глубинного дыхания,Сильный магический предмет способен заметно изменить исход опасного приключения. Кольцо несёт практичное и устойчивое волшебство.,459000,Кольцо глубинного дыхания — чистого узора,"Эффект действует увереннее и оставляет меньше неприятных побочных ощущений. Могущественная магия раскрыла скрытый слой, достойный сокровищницы правителя. Редкая особенность раскрывается только при внимательном осмотре.",2000000,"ring,strong-magic,tier-18"
I1421,18,Плащ шага через полумрак,"Сильный магический предмет способен заметно изменить исход опасного приключения. Ткань зачарована для путешествия, защиты или скрытности.",891000,Плащ шага через полумрак — глубокой складки,"Магическое свойство плаща работает дольше между отдыхами. Могущественная магия раскрыла скрытый слой, достойный сокровищницы правителя. Даже неприметный вид не способен скрыть выдающееся качество.",2000000,"cloak,strong-magic,tier-18"
I1422,18,Сапоги долгого полёта над землёй,"Сильный магический предмет способен заметно изменить исход опасного приключения. Сапоги меняют движение владельца заметным, но ограниченным образом.",675000,Сапоги долгого полёта над землёй — верного шага,"Чары лучше удерживают равновесие на трудной поверхности. Могущественная магия раскрыла скрытый слой, достойный сокровищницы правителя. Вещь сохранилась вопреки возрасту и явно переживёт нового хозяина.",2000000,"boots,strong-magic,tier-18"
I1423,18,Перчатки телекинетической хватки,Сильный магический предмет способен заметно изменить исход опасного приключения. Перчатки усиливают точность рук и работу с предметами.,526500,Перчатки телекинетической хватки — мастерской хватки,"Они надёжнее передают волю владельца инструменту или оружию. Могущественная магия раскрыла скрытый слой, достойный сокровищницы правителя. История владельца повышает цену не меньше, чем материалы.",2000000,"gloves,strong-magic,tier-18"
I1424,18,Шлем зрения сквозь иллюзию,Сильный магический предмет способен заметно изменить исход опасного приключения. Головной убор обостряет одно чувство или защищает разум.,999000,Шлем зрения сквозь иллюзию — ясного восприятия,"Чары быстрее отделяют настоящую опасность от помех. Могущественная магия раскрыла скрытый слой, достойный сокровищницы правителя. Работа мастера узнаваема и имеет подтверждённую ценность.",2000000,"helm,strong-magic,tier-18"
I1425,18,Пояс могучего подъёма,Сильный магический предмет способен заметно изменить исход опасного приключения. Пояс накапливает ограниченный запас полезной силы.,729000,Пояс могучего подъёма — ровного усилия,"Энергия распределяется мягче и не утомляет владельца после применения. Могущественная магия раскрыла скрытый слой, достойный сокровищницы правителя. Неожиданное свойство делает эту версию особенно желанной.",2000000,"belt,strong-magic,tier-18"
I1426,18,Посох стены пламени,Сильный магический предмет способен заметно изменить исход опасного приключения. Посох проводит заклинания или управляет одной стихией.,594000,Посох стены пламени — чистого проводника,"Он экономнее расходует заключённые заряды. Могущественная магия раскрыла скрытый слой, достойный сокровищницы правителя. На рынке редкостей за неё наверняка начнётся спор.",2000000,"staff,strong-magic,tier-18"
I1427,18,Жезл ледяного купола,Сильный магический предмет способен заметно изменить исход опасного приключения. Жезл хранит несколько применений конкретного эффекта.,371250,Жезл ледяного купола — точной фокусировки,"Заключённая магия реже отклоняется от выбранной цели. Могущественная магия раскрыла скрытый слой, достойный сокровищницы правителя. Подлинная метка превращает случайную находку в событие.",1113750,"wand,strong-magic,tier-18"
I1428,18,Инструменты мгновенной тонкой починки,Сильный магический предмет способен заметно изменить исход опасного приключения. Инструмент сочетает ремесло и устойчивое зачарование.,796500,Инструменты мгновенной тонкой починки — видящий изъян,"Он яснее показывает скрытую ошибку в подходящем материале. Могущественная магия раскрыла скрытый слой, достойный сокровищницы правителя. Состояние почти идеальное, а происхождение подтверждено.",2000000,"magic-tool,strong-magic,tier-18"
I1429,18,Фонарь разоблачения невидимого,Сильный магический предмет способен заметно изменить исход опасного приключения. Источник света проявляет необычные свойства окружения.,648000,Фонарь разоблачения невидимого — проницательного света,"Луч охватывает больше пространства, не становясь ослепительным. Могущественная магия раскрыла скрытый слой, достойный сокровищницы правителя. Знаток заплатит за такую редкость намного больше обычного.",2000000,"magic-light,strong-magic,tier-18"
I1430,18,Компас пути через магический туман,"Сильный магический предмет способен заметно изменить исход опасного приключения. Прибор находит путь там, где обычный компас бесполезен.",459000,Компас пути через магический туман — непотерянного курса,"Он быстрее восстанавливает направление после магической помехи. Могущественная магия раскрыла скрытый слой, достойный сокровищницы правителя. Скрытая деталь делает находку одновременно полезной и коллекционной.",1377000,"magic-navigation,strong-magic,tier-18"
I1431,18,Сумка просторного тайника,"Сильный магический предмет способен заметно изменить исход опасного приключения. Вместилище меняет вес, объём или сохранность груза.",891000,Сумка просторного тайника — бережного пространства,"Вещи внутри меньше сталкиваются и легче находятся владельцем. Могущественная магия раскрыла скрытый слой, достойный сокровищницы правителя. Редкая особенность раскрывается только при внимательном осмотре.",2000000,"magic-container,strong-magic,tier-18"
I1432,18,Эликсир возвращённой бодрости,"Сильный магический предмет способен заметно изменить исход опасного приключения. Редкое зелье даёт сильный, но ограниченный эффект.",675000,Эликсир возвращённой бодрости — чистой формулы,"Состав действует ровнее и реже вызывает неприятный остаточный эффект. Могущественная магия раскрыла скрытый слой, достойный сокровищницы правителя. Даже неприметный вид не способен скрыть выдающееся качество.",2000000,"potion,strong-magic,tier-18"
I1433,18,Кристаллы усиленного зачарования,Сильный магический предмет способен заметно изменить исход опасного приключения. Вещество усиливает подходящее ремесло или заклинание.,526500,Кристаллы усиленного зачарования — высшей очистки,"Небольшой порции хватает на более точную и устойчивую работу. Могущественная магия раскрыла скрытый слой, достойный сокровищницы правителя. Вещь сохранилась вопреки возрасту и явно переживёт нового хозяина.",1579500,"reagent,strong-magic,tier-18"
I1434,18,Том укрепления защитных печатей,"Сильный магический предмет способен заметно изменить исход опасного приключения. Том хранит применимые магические знания, но не меняет судьбу мира.",999000,Том укрепления защитных печатей — ясных полей,"Авторские заметки упрощают безопасное использование главной техники книги. Могущественная магия раскрыла скрытый слой, достойный сокровищницы правителя. История владельца повышает цену не меньше, чем материалы.",2000000,"magic-book,strong-magic,tier-18"
I1435,18,Арфа усмирённой бури,Сильный магический предмет способен заметно изменить исход опасного приключения. Музыка инструмента вызывает один выраженный волшебный эффект.,729000,Арфа усмирённой бури — чистого резонанса,"Эффект достигает слушателей яснее и держится немного дольше. Могущественная магия раскрыла скрытый слой, достойный сокровищницы правителя. Работа мастера узнаваема и имеет подтверждённую ценность.",2000000,"instrument,strong-magic,tier-18"
I1436,18,Рубин накопленного огня,Сильный магический предмет способен заметно изменить исход опасного приключения. Камень хранит заряд энергии или полезное чувство.,594000,Рубин накопленного огня — глубокой огранки,"Самоцвет удерживает больше силы без риска разрушения. Могущественная магия раскрыла скрытый слой, достойный сокровищницы правителя. Неожиданное свойство делает эту версию особенно желанной.",1782000,"magic-gem,strong-magic,tier-18"
I1437,18,Талисман стойкости к проклятиям,Сильный магический предмет способен заметно изменить исход опасного приключения. Талисман противостоит одной категории опасностей.,371250,Талисман стойкости к проклятиям — надёжной печати,"Защита восстанавливается быстрее после срабатывания. Могущественная магия раскрыла скрытый слой, достойный сокровищницы правителя. На рынке редкостей за неё наверняка начнётся спор.",1485000,"talisman,strong-magic,tier-18"
I1438,18,Канат движения по отвесной стене,Сильный магический предмет способен заметно изменить исход опасного приключения. Верёвка движется или держится благодаря чарам.,796500,Канат движения по отвесной стене — послушного плетения,"Она точнее выполняет короткие команды владельца. Могущественная магия раскрыла скрытый слой, достойный сокровищницы правителя. Подлинная метка превращает случайную находку в событие.",2000000,"magic-rope,strong-magic,tier-18"
I1439,18,Павильон защищённого отдыха,Сильный магический предмет способен заметно изменить исход опасного приключения. Предмет создаёт безопасные условия для короткого отдыха.,648000,Павильон защищённого отдыха — тихого убежища,"Защитная область становится устойчивее к обычной непогоде и шуму. Могущественная магия раскрыла скрытый слой, достойный сокровищницы правителя. Состояние почти идеальное, а происхождение подтверждено.",1944000,"magic-camp,strong-magic,tier-18"
I1440,18,Серебряный сокол разведки,"Сильный магический предмет способен заметно изменить исход опасного приключения. Устройство имеет редкое, полезное и понятное назначение.",459000,Серебряный сокол разведки — стабильного чуда,"Его необычный эффект срабатывает надёжнее и предсказуемее. Могущественная магия раскрыла скрытый слой, достойный сокровищницы правителя. Знаток заплатит за такую редкость намного больше обычного.",1836000,"magic-oddity,strong-magic,tier-18"
I1441,19,Венец совершенной концентрации,Очень редкая и сильная вещь может стать центральной частью экипировки героя. Форма и следы носки сразу выдают историю головного убора.,1628000,Венец совершенной концентрации — из гардероба лунной княгини,"Материал оказался редким, а внутренняя метка связывает вещь с известным владельцем. Очень редкое исполнение раскрывает предел возможностей этой вещи, не превращая её в мировой артефакт. Скрытая деталь делает находку одновременно полезной и коллекционной.",3000000,"headwear,very-rare,tier-19"
I1442,19,Сапоги стремительного небесного пути,"Очень редкая и сильная вещь может стать центральной частью экипировки героя. Подошва, застёжки и размер делают эту обувь вполне узнаваемой находкой.",1188000,Сапоги стремительного небесного пути — с парной печатью королевского сапожника,"Под неприметным верхом скрылись работа прославленного сапожника и дорогая подкладка. Очень редкое исполнение раскрывает предел возможностей этой вещи, не превращая её в мировой артефакт. Редкая особенность раскрывается только при внимательном осмотре.",3000000,"footwear,very-rare,tier-19"
I1443,19,Плащ высшего отражающего барьера,"Очень редкая и сильная вещь может стать центральной частью экипировки героя. Ткань сохранила запах дороги, мастерской или прежнего хозяина.",968000,Плащ высшего отражающего барьера — из дорожного сундука архимага,"Швы выполнены драгоценной нитью, а покрой имеет коллекционное происхождение. Очень редкое исполнение раскрывает предел возможностей этой вещи, не превращая её в мировой артефакт. Даже неприметный вид не способен скрыть выдающееся качество.",3000000,"clothes,very-rare,tier-19"
I1444,19,Золотой прибор безупречного восстановления сил,Очень редкая и сильная вещь может стать центральной частью экипировки героя. На поверхности остались царапины от долгого и не всегда бережного использования.,605000,Золотой прибор безупречного восстановления сил — с клеймом коронационного мастера,"Клеймо мастера подтверждает редкий сплав и важную историю этой утвари. Очень редкое исполнение раскрывает предел возможностей этой вещи, не превращая её в мировой артефакт. Вещь сохранилась вопреки возрасту и явно переживёт нового хозяина.",1815000,"utensil,very-rare,tier-19"
I1445,19,Казан большого гостеприимного пира,Очень редкая и сильная вещь может стать центральной частью экипировки героя. Копоть и вмятины рассказывают о множестве походных ужинов.,1298000,Казан большого гостеприимного пира — из кухни исчезнувшей династии,"Под слоем нагара обнаружилась безупречная работа знаменитой дворцовой кухни. Очень редкое исполнение раскрывает предел возможностей этой вещи, не превращая её в мировой артефакт. История владельца повышает цену не меньше, чем материалы.",3000000,"cookware,very-rare,tier-19"
I1446,19,Хлебец возвращения тяжело изнурённых,"Очень редкая и сильная вещь может стать центральной частью экипировки героя. Запах, корочка и упаковка позволяют оценить свежесть без рискованной дегустации.",1056000,Хлебец возвращения тяжело изнурённых — по рецепту небесного кондитера,"Редкий рецепт и идеально сохранившиеся ингредиенты превращают еду в дорогой деликатес. Очень редкое исполнение раскрывает предел возможностей этой вещи, не превращая её в мировой артефакт. Работа мастера узнаваема и имеет подтверждённую ценность.",3000000,"food,very-rare,tier-19"
I1447,19,Чаша очищения сильнейших ядов,"Очень редкая и сильная вещь может стать центральной частью экипировки героя. Содержимое тихо плещется и пахнет ровно так, как обещает его вид.",748000,Чаша очищения сильнейших ядов — из последней бочки императорского погреба,"Печать на сосуде указывает на исключительную выдержку и знаменитую партию. Очень редкое исполнение раскрывает предел возможностей этой вещи, не превращая её в мировой артефакт. Неожиданное свойство делает эту версию особенно желанной.",2244000,"drink,very-rare,tier-19"
I1448,19,Кости расширенного предвидения,"Очень редкая и сильная вещь может стать центральной частью экипировки героя. На кости заметны насечки, следы зубов или попытка придать ей смысл.",1452000,Кости расширенного предвидения — с летописью древнего чудовища,"Знаки оказались исторической записью, а сама кость принадлежала необычному существу. Очень редкое исполнение раскрывает предел возможностей этой вещи, не превращая её в мировой артефакт. На рынке редкостей за неё наверняка начнётся спор.",3000000,"bones,very-rare,tier-19"
I1449,19,Молот сокрушительной направленной волны,"Очень редкая и сильная вещь может стать центральной частью экипировки героя. Баланс рукояти показывает, годится ли находка для настоящей работы.",1100000,Молот сокрушительной направленной волны — работы кузнеца Семи Башен,"Скрытое клеймо подтверждает происхождение из мастерской великого кузнеца. Очень редкое исполнение раскрывает предел возможностей этой вещи, не превращая её в мировой артефакт. Подлинная метка превращает случайную находку в событие.",3000000,"hammer,very-rare,tier-19"
I1450,19,Игла восстановления разорванной плоти,Очень редкая и сильная вещь может стать центральной частью экипировки героя. Тонкий инструмент пережил владельца и сохранил следы его ремесла.,858000,Игла восстановления разорванной плоти — из набора швеи при дворе фей,"Игла сделана из необычного металла и выполняет тонкую работу почти без усилий. Очень редкое исполнение раскрывает предел возможностей этой вещи, не превращая её в мировой артефакт. Состояние почти идеальное, а происхождение подтверждено.",2574000,"needle,very-rare,tier-19"
I1451,19,Канат свободного подъёма в воздухе,"Очень редкая и сильная вещь может стать центральной частью экипировки героя. Волокна, узлы и влажность честно показывают остаток прочности.",1628000,Канат свободного подъёма в воздухе — сплетённая хранителями маяка,"Плетение не боится огня и воды, хотя с виду верёвка остаётся совершенно обычной. Очень редкое исполнение раскрывает предел возможностей этой вещи, не превращая её в мировой артефакт. Знаток заплатит за такую редкость намного больше обычного.",3000000,"rope,very-rare,tier-19"
I1452,19,Сумка безвременного хранения припасов,Очень редкая и сильная вещь может стать центральной частью экипировки героя. Внутри сохранился запах прежнего содержимого и немного дорожной пыли.,1188000,Сумка безвременного хранения припасов — с тайным отделением королевского курьера,"Потайной шов открыл ценную работу и надёжное внутреннее отделение. Очень редкое исполнение раскрывает предел возможностей этой вещи, не превращая её в мировой артефакт. Скрытая деталь делает находку одновременно полезной и коллекционной.",3000000,"container,very-rare,tier-19"
I1453,19,Перо истинного обязательства,Очень редкая и сильная вещь может стать центральной частью экипировки героя. Пятна чернил и состояние наконечника говорят о последнем писавшем.,968000,Перо истинного обязательства — принадлежавшее великому летописцу,"Инструмент узнаёт руку владельца и оставляет особенно стойкие, красивые линии. Очень редкое исполнение раскрывает предел возможностей этой вещи, не превращая её в мировой артефакт. Редкая особенность раскрывается только при внимательном осмотре.",2904000,"writing,very-rare,tier-19"
I1454,19,Книга безошибочного маршрута,"Очень редкая и сильная вещь может стать центральной частью экипировки героя. Переплёт, поля и закладки выдают, насколько часто текстом пользовались.",605000,Книга безошибочного маршрута — с авторскими пометами первого издания,"Между страницами обнаружены авторские пометы, резко повышающие ценность тома. Очень редкое исполнение раскрывает предел возможностей этой вещи, не превращая её в мировой артефакт. Даже неприметный вид не способен скрыть выдающееся качество.",2420000,"book,very-rare,tier-19"
I1455,19,Договор нерушимого защитного обещания,"Очень редкая и сильная вещь может стать центральной частью экипировки героя. Печати и подписи можно изучить, хотя назначение бумаги не всегда радует.",1298000,Договор нерушимого защитного обещания — скреплённое печатью забытого престола,"Подлинность подтверждена редкой печатью, а содержание имеет историческую цену. Очень редкое исполнение раскрывает предел возможностей этой вещи, не превращая её в мировой артефакт. Вещь сохранилась вопреки возрасту и явно переживёт нового хозяина.",3000000,"document,very-rare,tier-19"
I1456,19,Монета повторного выбора,Очень редкая и сильная вещь может стать центральной частью экипировки героя. Находка связана с мелкой торговлей и хранит следы множества рук.,1056000,Монета повторного выбора — из закрытой коллекции монетного двора,"Незаметная отметка превращает торговую мелочь в редкий нумизматический объект. Очень редкое исполнение раскрывает предел возможностей этой вещи, не превращая её в мировой артефакт. История владельца повышает цену не меньше, чем материалы.",3000000,"trade,very-rare,tier-19"
I1457,19,Ожерелье дыхания в любой воде,Очень редкая и сильная вещь может стать центральной частью экипировки героя. Даже при беглом осмотре видны качество оправы и состояние металла.,748000,Ожерелье дыхания в любой воде — из сокровищницы звёздного ювелира,"Камни и металл подтвердили происхождение из известной ювелирной школы. Очень редкое исполнение раскрывает предел возможностей этой вещи, не превращая её в мировой артефакт. Работа мастера узнаваема и имеет подтверждённую ценность.",2992000,"jewelry,very-rare,tier-19"
I1458,19,Шахматы призванного мастера стратегии,Очень редкая и сильная вещь может стать центральной частью экипировки героя. Игрушка пережила шумные игры и несколько неумелых починок.,1452000,Шахматы призванного мастера стратегии — первой серии великого игрушечника,"Это ранняя работа знаменитого мастера, сохранившая редкий механизм. Очень редкое исполнение раскрывает предел возможностей этой вещи, не превращая её в мировой артефакт. Неожиданное свойство делает эту версию особенно желанной.",3000000,"toy,very-rare,tier-19"
I1459,19,Святыня сияющего защитного купола,"Очень редкая и сильная вещь может стать центральной частью экипировки героя. Символы нанесены старательно, хотя их смысл понятен не каждому жрецу.",1100000,Святыня сияющего защитного купола — признанная храмовой реликвией,"Реликвия признана храмом и несёт след подлинного благословения. Очень редкое исполнение раскрывает предел возможностей этой вещи, не превращая её в мировой артефакт. На рынке редкостей за неё наверняка начнётся спор.",3000000,"religion,very-rare,tier-19"
I1460,19,Труба призыва союзного отряда,"Очень редкая и сильная вещь может стать центральной частью экипировки героя. Звук зависит от состояния дерева, металла и терпения исполнителя.",858000,Труба призыва союзного отряда — из личного оркестра серебряного дракона,"Редкий тембр и подпись мастера делают инструмент желанным для коллекционера. Очень редкое исполнение раскрывает предел возможностей этой вещи, не превращая её в мировой артефакт. Подлинная метка превращает случайную находку в событие.",3000000,"music,very-rare,tier-19"
I1461,19,Копьё великого охотника на драконов,"Очень редкая и сильная вещь может стать центральной частью экипировки героя. Потёртости показывают, на какую добычу и как часто с вещью ходили.",1628000,Копьё великого охотника на драконов — из арсенала королевского ловчего,"Точная подгонка и необычный материал заметно улучшают охотничьи свойства. Очень редкое исполнение раскрывает предел возможностей этой вещи, не превращая её в мировой артефакт. Состояние почти идеальное, а происхождение подтверждено.",3000000,"hunting,very-rare,tier-19"
I1462,19,Сеть надёжного удержания левиафана,"Очень редкая и сильная вещь может стать центральной частью экипировки героя. Соль, леска и чешуя оставили на снасти честную биографию.",1188000,Сеть надёжного удержания левиафана — снасть легендарного речного следопыта,"Снасть принадлежала знаменитому ловцу и безошибочно чувствует крупную добычу. Очень редкое исполнение раскрывает предел возможностей этой вещи, не превращая её в мировой артефакт. Знаток заплатит за такую редкость намного больше обычного.",3000000,"fishing,very-rare,tier-19"
I1463,19,Компас навигации в небесной буре,Очень редкая и сильная вещь может стать центральной частью экипировки героя. Запах смолы и соли выдаёт долгую службу рядом с водой.,968000,Компас навигации в небесной буре — с флагмана пропавшей экспедиции,"Корабельная метка связывает находку с легендарным плаванием. Очень редкое исполнение раскрывает предел возможностей этой вещи, не превращая её в мировой артефакт. Скрытая деталь делает находку одновременно полезной и коллекционной.",3000000,"nautical,very-rare,tier-19"
I1464,19,Серп восстановления истощённого урожая,Очень редкая и сильная вещь может стать центральной частью экипировки героя. Земля в щелях и затёртая рукоять говорят о привычной работе.,605000,Серп восстановления истощённого урожая — награда победителю Праздника Урожая,"Инструмент идеально сбалансирован и когда-то был наградой лучшему земледельцу. Очень редкое исполнение раскрывает предел возможностей этой вещи, не превращая её в мировой артефакт. Редкая особенность раскрывается только при внимательном осмотре.",3000000,"farming,very-rare,tier-19"
I1465,19,Кирка точного поиска редчайшей руды,Очень редкая и сильная вещь может стать центральной частью экипировки героя. Каменная пыль забилась в каждую выемку этой шахтёрской вещи.,1298000,Кирка точного поиска редчайшей руды — настроенное на жилу звёздного серебра,"Находка откликается на ценные жилы едва заметным теплом. Очень редкое исполнение раскрывает предел возможностей этой вещи, не превращая её в мировой артефакт. Даже неприметный вид не способен скрыть выдающееся качество.",3000000,"mining,very-rare,tier-19"
I1466,19,Резец оживлённого каменного помощника,Очень редкая и сильная вещь может стать центральной частью экипировки героя. Смола и тонкая стружка сохранились возле рабочих кромок.,1056000,Резец оживлённого каменного помощника — из мастерской говорящего дерева,"Работа принадлежит именитому резчику и удивительно бережно обращается с деревом. Очень редкое исполнение раскрывает предел возможностей этой вещи, не превращая её в мировой артефакт. Вещь сохранилась вопреки возрасту и явно переживёт нового хозяина.",3000000,"woodcraft,very-rare,tier-19"
I1467,19,Наковальня высшей магической закалки,Очень редкая и сильная вещь может стать центральной частью экипировки героя. Окалина и следы жара не оставляют сомнений в кузнечном прошлом.,748000,Наковальня высшей магической закалки — закалённое в огне Великой Кузни,"Сплав и закалка соответствуют утраченной технике большой мастерской. Очень редкое исполнение раскрывает предел возможностей этой вещи, не превращая её в мировой артефакт. История владельца повышает цену не меньше, чем материалы.",3000000,"smithing,very-rare,tier-19"
I1468,19,Ключи непроходимой темницы,"Очень редкая и сильная вещь может стать центральной частью экипировки героя. Размер и гибкость намекают на задачи, о которых не пишут в накладных.",1452000,Ключи непроходимой темницы — из комплекта королевской разведки,"Набор создан для королевского разведчика и почти не оставляет следов применения. Очень редкое исполнение раскрывает предел возможностей этой вещи, не превращая её в мировой артефакт. Работа мастера узнаваема и имеет подтверждённую ценность.",3000000,"thieves,very-rare,tier-19"
I1469,19,Колба совершенного эликсира превращения,"Очень редкая и сильная вещь может стать центральной частью экипировки героя. Осадок и цвет позволяют строить догадки, но не советуют пробовать содержимое.",1100000,Колба совершенного эликсира превращения — из лаборатории первого трансмутатора,"Состав сохранил чистоту и относится к редкой работе признанного алхимика. Очень редкое исполнение раскрывает предел возможностей этой вещи, не превращая её в мировой артефакт. Неожиданное свойство делает эту версию особенно желанной.",3000000,"alchemy,very-rare,tier-19"
I1470,19,Набор возвращения с края смерти,Очень редкая и сильная вещь может стать центральной частью экипировки героя. Запах трав и аккуратность упаковки показывают уровень прежнего лекаря.,858000,Набор возвращения с края смерти — из сумки святого полевого лекаря,"Внутри обнаружены дорогие средства полевого хирурга и безупречные инструменты. Очень редкое исполнение раскрывает предел возможностей этой вещи, не превращая её в мировой артефакт. На рынке редкостей за неё наверняка начнётся спор.",3000000,"medicine,very-rare,tier-19"
I1471,19,Шатёр большого совета под защитой,Очень редкая и сильная вещь может стать центральной частью экипировки героя. Пыль дорог и следы дождя видны сильнее любой торговой марки.,1628000,Шатёр большого совета под защитой — из снаряжения похода за край карты,"Снаряжение необычно лёгкое, прочное и рассчитано на самые тяжёлые переходы. Очень редкое исполнение раскрывает предел возможностей этой вещи, не превращая её в мировой артефакт. Подлинная метка превращает случайную находку в событие.",3000000,"camping,very-rare,tier-19"
I1472,19,Фонарь рассеивания магической тьмы,"Очень редкая и сильная вещь может стать центральной частью экипировки героя. Копоть вокруг огня рассказывает, насколько ровно он когда-то горел.",1188000,Фонарь рассеивания магической тьмы — с негасимым огнём хранителей рассвета,"Источник света расходует топливо почти незаметно и не гаснет от обычного ветра. Очень редкое исполнение раскрывает предел возможностей этой вещи, не превращая её в мировой артефакт. Состояние почти идеальное, а происхождение подтверждено.",3000000,"light,very-rare,tier-19"
I1473,19,Астролябия дальнего межпланарного курса,"Очень редкая и сильная вещь может стать центральной частью экипировки героя. Стрелки, шкалы и потёртый корпус ещё могут подсказать направление.",968000,Астролябия дальнего межпланарного курса — из обсерватории забытого мореплавателя,"Прибор изготовлен для дальней экспедиции и замечает даже магические искажения пути. Очень редкое исполнение раскрывает предел возможностей этой вещи, не превращая её в мировой артефакт. Знаток заплатит за такую редкость намного больше обычного.",3000000,"navigation,very-rare,tier-19"
I1474,19,Доспех стойкого хранителя,"Очень редкая и сильная вещь может стать центральной частью экипировки героя. Вмятины и ремни показывают, какую защиту предмет способен дать сейчас.",605000,Доспех стойкого хранителя — из личной оружейной палаты героя,"Под поздними заплатами обнаружена работа оружейника исторического значения. Очень редкое исполнение раскрывает предел возможностей этой вещи, не превращая её в мировой артефакт. Скрытая деталь делает находку одновременно полезной и коллекционной.",1815000,"armor,very-rare,tier-19"
I1475,19,Щит выдержанного небесного удара,"Очень редкая и сильная вещь может стать центральной частью экипировки героя. Кромка и крепления хранят следы ударов, которые принял прежний владелец.",1298000,Щит выдержанного небесного удара — с гербом спасённого королевства,"Геральдика и редкий сердечник превращают защиту в ценную реликвию. Очень редкое исполнение раскрывает предел возможностей этой вещи, не превращая её в мировой артефакт. Редкая особенность раскрывается только при внимательном осмотре.",3000000,"shield,very-rare,tier-19"
I1476,19,Кинжал против неумирающего врага,"Очень редкая и сильная вещь может стать центральной частью экипировки героя. Короткий клинок удобно осмотреть по заточке, гарде и следам ржавчины.",1056000,Кинжал против неумирающего врага — из тайного набора придворного дуэлянта,"Сталь скрывает безупречную закалку и происхождение из личного арсенала мастера. Очень редкое исполнение раскрывает предел возможностей этой вещи, не превращая её в мировой артефакт. Даже неприметный вид не способен скрыть выдающееся качество.",3000000,"dagger,very-rare,tier-19"
I1477,19,Меч законного защитника престола,"Очень редкая и сильная вещь может стать центральной частью экипировки героя. Длинный клинок оценивается по балансу, прямизне и состоянию ножен.",748000,Меч законного защитника престола — с подписью мастера легендарных клинков,"После очистки открылись подпись оружейника и выдающийся узор закалки. Очень редкое исполнение раскрывает предел возможностей этой вещи, не превращая её в мировой артефакт. Вещь сохранилась вопреки возрасту и явно переживёт нового хозяина.",2244000,"sword,very-rare,tier-19"
I1478,19,Секира мастера горной войны,Очень редкая и сильная вещь может стать центральной частью экипировки героя. Рабочая кромка и посадка топорища показывают характер прежней службы.,1452000,Секира мастера горной войны — выкованное для наследника подгорного трона,"Редкий металл держит заточку, а клеймо связывает топор с прославленным походом. Очень редкое исполнение раскрывает предел возможностей этой вещи, не превращая её в мировой артефакт. История владельца повышает цену не меньше, чем материалы.",3000000,"axe,very-rare,tier-19"
I1479,19,Лук высшего эльфийского стрелка,"Очень редкая и сильная вещь может стать центральной частью экипировки героя. Плечи, тетива и изгиб сохраняют память о множестве выстрелов.",1100000,Лук высшего эльфийского стрелка — из тисовой рощи первого лучника,"Точная работа даёт исключительную плавность и принадлежит знаменитому стрелку. Очень редкое исполнение раскрывает предел возможностей этой вещи, не превращая её в мировой артефакт. Работа мастера узнаваема и имеет подтверждённую ценность.",3000000,"bow,very-rare,tier-19"
I1480,19,Стрела остановки древнего дракона,Очень редкая и сильная вещь может стать центральной частью экипировки героя. Оперение и наконечник подсказывают назначение боеприпаса.,858000,Стрела остановки древнего дракона — с наконечником из упавшей звезды,"Редкая балансировка и особый наконечник делают единственный выстрел чрезвычайно ценным. Очень редкое исполнение раскрывает предел возможностей этой вещи, не превращая её в мировой артефакт. Неожиданное свойство делает эту версию особенно желанной.",2574000,"projectile,very-rare,tier-19"
I1481,19,Посох архимага пяти школ,Очень редкая и сильная вещь может стать центральной частью экипировки героя. Следы ладоней и дорожные зарубки покрывают посох почти целиком.,1628000,Посох архимага пяти школ — выросшее из ветви мирового древа,"Внутри древесины обнаружена тонкая сердцевина с полезным необычным свойством. Очень редкое исполнение раскрывает предел возможностей этой вещи, не превращая её в мировой артефакт. На рынке редкостей за неё наверняка начнётся спор.",3000000,"staff,very-rare,tier-19"
I1482,19,Седло укротителя небесного змея,Очень редкая и сильная вещь может стать центральной частью экипировки героя. Ремни и пряжки подогнаны под конкретного зверя и долгую дорогу.,1188000,Седло укротителя небесного змея — из церемониальной упряжи единорога,"Материалы достойны королевской конюшни и необычно удобны для животного. Очень редкое исполнение раскрывает предел возможностей этой вещи, не превращая её в мировой артефакт. Подлинная метка превращает случайную находку в событие.",3000000,"animal,very-rare,tier-19"
I1483,19,Амулет дружбы с опасными зверями,Очень редкая и сильная вещь может стать центральной частью экипировки героя. Едва заметная странность отличает вещицу от совершенно обычного хлама.,968000,Амулет дружбы с опасными зверями — с устойчивым малым чудом внутри,"Малое чудо оказалось стабильным, полезным и работой известного чародея. Очень редкое исполнение раскрывает предел возможностей этой вещи, не превращая её в мировой артефакт. Состояние почти идеальное, а происхождение подтверждено.",2904000,"magic,very-rare,tier-19"
I1484,19,Гоблинский двигатель прохода сквозь крепость,Очень редкая и сильная вещь может стать центральной частью экипировки героя. Гоблинская практичность смешана здесь с самоуверенным украшательством.,605000,Гоблинский двигатель прохода сквозь крепость — из трофейной кладовой великого вождя,"Вещь принадлежала знаменитому гоблинскому вождю и содержит хитрый секрет. Очень редкое исполнение раскрывает предел возможностей этой вещи, не превращая её в мировой артефакт. Знаток заплатит за такую редкость намного больше обычного.",2420000,"goblin,very-rare,tier-19"
I1485,19,Дварфский эталон сложной руны,"Очень редкая и сильная вещь может стать центральной частью экипировки героя. Дворфская манера видна по тяжести, рунам и упрямой прочности.",1298000,Дварфский эталон сложной руны — с рунами прародителя клана,"Руны называют древний клан, а качество достойно наследственной сокровищницы. Очень редкое исполнение раскрывает предел возможностей этой вещи, не превращая её в мировой артефакт. Скрытая деталь делает находку одновременно полезной и коллекционной.",3000000,"dwarf,very-rare,tier-19"
I1486,19,Эльфийская мантия глубокой чащи,Очень редкая и сильная вещь может стать центральной частью экипировки героя. Эльфийская работа узнаётся по лёгким линиям и вниманию к мелочам.,1056000,Эльфийская мантия глубокой чащи — с подписью мастера Лунного Двора,"Подлинная подпись мастера и редкий материал делают изделие музейным. Очень редкое исполнение раскрывает предел возможностей этой вещи, не превращая её в мировой артефакт. Редкая особенность раскрывается только при внимательном осмотре.",3000000,"elf,very-rare,tier-19"
I1487,19,Перевязь великого полевого командира,"Очень редкая и сильная вещь может стать центральной частью экипировки героя. Человеческая вещь хранит понятные следы службы, ремонта и дороги.",748000,Перевязь великого полевого командира — из багажа основателя столицы,"Монограмма связывает её с важным историческим лицом, а состояние удивительно хорошо. Очень редкое исполнение раскрывает предел возможностей этой вещи, не превращая её в мировой артефакт. Даже неприметный вид не способен скрыть выдающееся качество.",2992000,"human,very-rare,tier-19"
I1488,19,Сундук картографа дальних планов,Очень редкая и сильная вещь может стать центральной частью экипировки героя. Каждая царапина отмечает новый участок долгого маршрута.,1452000,Сундук картографа дальних планов — из комплекта Последней Экспедиции,"Эта версия создавалась для великой экспедиции и продумана до последней застёжки. Очень редкое исполнение раскрывает предел возможностей этой вещи, не превращая её в мировой артефакт. Вещь сохранилась вопреки возрасту и явно переживёт нового хозяина.",3000000,"travel,very-rare,tier-19"
I1489,19,Весы верховного справедливого судьи,"Очень редкая и сильная вещь может стать центральной частью экипировки героя. Бирки и упаковка выдают товар, который когда-то ждал покупателя.",1100000,Весы верховного справедливого судьи — из опечатанного товара Гильдии Чудес,"Происхождение и редкость позволяют продать находку серьёзному коллекционеру. Очень редкое исполнение раскрывает предел возможностей этой вещи, не превращая её в мировой артефакт. История владельца повышает цену не меньше, чем материалы.",3000000,"merchant,very-rare,tier-19"
I1490,19,Инструменты строителя зачарованных дворцов,"Очень редкая и сильная вещь может стать центральной частью экипировки героя. Следы краски, глины или клея точно называют ремесло владельца.",858000,Инструменты строителя зачарованных дворцов — из наследия великого ремесленника,"Инструмент принадлежал признанному мастеру и сам по себе считается произведением искусства. Очень редкое исполнение раскрывает предел возможностей этой вещи, не превращая её в мировой артефакт. Работа мастера узнаваема и имеет подтверждённую ценность.",3000000,"artisan,very-rare,tier-19"
I1491,19,Сервиз переговоров с могущественными духами,Очень редкая и сильная вещь может стать центральной частью экипировки героя. Бытовая вещь честно показывает привычки и достаток прежнего дома.,1628000,Сервиз переговоров с могущественными духами — из сервиза посольского дворца,"Незаметная деталь выдаёт заказ для дворца и исключительное качество изготовления. Очень редкое исполнение раскрывает предел возможностей этой вещи, не превращая её в мировой артефакт. Неожиданное свойство делает эту версию особенно желанной.",3000000,"household,very-rare,tier-19"
I1492,19,Ключ от защищённого райского сада,"Очень редкая и сильная вещь может стать центральной частью экипировки героя. Форма бородки обещает замок, который, возможно, ещё существует.",1188000,Ключ от защищённого райского сада — открывающее хранилище Тайного Совета,"Знак на стержне указывает на особо важную дверь и дорогой секрет за ней. Очень редкое исполнение раскрывает предел возможностей этой вещи, не превращая её в мировой артефакт. На рынке редкостей за неё наверняка начнётся спор.",3000000,"key,very-rare,tier-19"
I1493,19,Карта известных мест падения звёзд,"Очень редкая и сильная вещь может стать центральной частью экипировки героя. Линии маршрута, пятна и исправления оставлены разными путешественниками.",968000,Карта известных мест падения звёзд — с дорогой к сокровищнице на полях,"Скрытый слой показывает неизвестный путь к месту большой ценности. Очень редкое исполнение раскрывает предел возможностей этой вещи, не превращая её в мировой артефакт. Подлинная метка превращает случайную находку в событие.",3000000,"map,very-rare,tier-19"
I1494,19,Алмаз с запасом солнечного света,"Очень редкая и сильная вещь может стать центральной частью экипировки героя. Свет на гранях помогает отличить камень, стекло и удачную подделку.",605000,Алмаз с запасом солнечного света — огранённое слепым мастером провидцев,"После очистки проявились редкая чистота, огранка и подтверждённое происхождение. Очень редкое исполнение раскрывает предел возможностей этой вещи, не превращая её в мировой артефакт. Состояние почти идеальное, а происхождение подтверждено.",3000000,"gem,very-rare,tier-19"
I1495,19,Сфера памяти погибшего города,"Очень редкая и сильная вещь может стать центральной частью экипировки героя. Назначение странности неочевидно, но детали явно сложились не случайно.",1298000,Сфера памяти погибшего города — из кабинета придворного исследователя,"Специалист распознает в ней редкость, смысл которой намного дороже внешнего вида. Очень редкое исполнение раскрывает предел возможностей этой вещи, не превращая её в мировой артефакт. Знаток заплатит за такую редкость намного больше обычного.",3000000,"oddity,very-rare,tier-19"
I1496,19,Клинок алмазной молнии,"Очень редкая и сильная вещь может стать центральной частью экипировки героя. Зачарование усиливает оружие, не превращая его в реликвию мира.",1056000,Клинок алмазной молнии — точного импульса,"Улучшенная версия увереннее проводит собственный ограниченный боевой эффект. Очень редкое исполнение раскрывает предел возможностей этой вещи, не превращая её в мировой артефакт. Скрытая деталь делает находку одновременно полезной и коллекционной.",3000000,"weapon,very-rare,tier-19"
I1497,19,Доспех многослойного барьера,"Очень редкая и сильная вещь может стать центральной частью экипировки героя. Магия защиты заметна, но имеет ясные пределы.",748000,Доспех многослойного барьера — стойкого контура,"Защитное поле дольше сохраняется после первого сильного удара. Очень редкое исполнение раскрывает предел возможностей этой вещи, не превращая её в мировой артефакт. Редкая особенность раскрывается только при внимательном осмотре.",3000000,"armor,very-rare,tier-19"
I1498,19,Щит обратной волны,Очень редкая и сильная вещь может стать центральной частью экипировки героя. Щит удерживает полезное защитное свойство.,1452000,Щит обратной волны — встречного заслона,"Один раз за отдых чары лучше гасят направленный удар или всплеск энергии. Очень редкое исполнение раскрывает предел возможностей этой вещи, не превращая её в мировой артефакт. Даже неприметный вид не способен скрыть выдающееся качество.",3000000,"shield,very-rare,tier-19"
I1499,19,Амулет безошибочного предчувствия,Очень редкая и сильная вещь может стать центральной частью экипировки героя. Амулет помогает владельцу в конкретной опасной ситуации.,1100000,Амулет безошибочного предчувствия — ясного отклика,"Талисман раньше предупреждает о подходящей ему угрозе. Очень редкое исполнение раскрывает предел возможностей этой вещи, не превращая её в мировой артефакт. Вещь сохранилась вопреки возрасту и явно переживёт нового хозяина.",3000000,"amulet,very-rare,tier-19"
I1500,19,Кольцо морской бездны,Очень редкая и сильная вещь может стать центральной частью экипировки героя. Кольцо несёт практичное и устойчивое волшебство.,858000,Кольцо морской бездны — чистого узора,"Эффект действует увереннее и оставляет меньше неприятных побочных ощущений. Очень редкое исполнение раскрывает предел возможностей этой вещи, не превращая её в мировой артефакт. История владельца повышает цену не меньше, чем материалы.",3000000,"ring,very-rare,tier-19"
I1501,19,Плащ глубокого сумрака,"Очень редкая и сильная вещь может стать центральной частью экипировки героя. Ткань зачарована для путешествия, защиты или скрытности.",1628000,Плащ глубокого сумрака — глубокой складки,"Магическое свойство плаща работает дольше между отдыхами. Очень редкое исполнение раскрывает предел возможностей этой вещи, не превращая её в мировой артефакт. Работа мастера узнаваема и имеет подтверждённую ценность.",3000000,"cloak,very-rare,tier-19"
I1502,19,Сапоги небесной тропы,"Очень редкая и сильная вещь может стать центральной частью экипировки героя. Сапоги меняют движение владельца заметным, но ограниченным образом.",1188000,Сапоги небесной тропы — верного шага,"Чары лучше удерживают равновесие на трудной поверхности. Очень редкое исполнение раскрывает предел возможностей этой вещи, не превращая её в мировой артефакт. Неожиданное свойство делает эту версию особенно желанной.",3000000,"boots,very-rare,tier-19"
I1503,19,Перчатки властной руки,Очень редкая и сильная вещь может стать центральной частью экипировки героя. Перчатки усиливают точность рук и работу с предметами.,968000,Перчатки властной руки — мастерской хватки,"Они надёжнее передают волю владельца инструменту или оружию. Очень редкое исполнение раскрывает предел возможностей этой вещи, не превращая её в мировой артефакт. На рынке редкостей за неё наверняка начнётся спор.",3000000,"gloves,very-rare,tier-19"
I1504,19,Шлем разрушения обмана,Очень редкая и сильная вещь может стать центральной частью экипировки героя. Головной убор обостряет одно чувство или защищает разум.,605000,Шлем разрушения обмана — ясного восприятия,"Чары быстрее отделяют настоящую опасность от помех. Очень редкое исполнение раскрывает предел возможностей этой вещи, не превращая её в мировой артефакт. Подлинная метка превращает случайную находку в событие.",1815000,"helm,very-rare,tier-19"
I1505,19,Пояс исполинской выносливости,Очень редкая и сильная вещь может стать центральной частью экипировки героя. Пояс накапливает ограниченный запас полезной силы.,1298000,Пояс исполинской выносливости — ровного усилия,"Энергия распределяется мягче и не утомляет владельца после применения. Очень редкое исполнение раскрывает предел возможностей этой вещи, не превращая её в мировой артефакт. Состояние почти идеальное, а происхождение подтверждено.",3000000,"belt,very-rare,tier-19"
I1506,19,Посох огненного бастиона,Очень редкая и сильная вещь может стать центральной частью экипировки героя. Посох проводит заклинания или управляет одной стихией.,1056000,Посох огненного бастиона — чистого проводника,"Он экономнее расходует заключённые заряды. Очень редкое исполнение раскрывает предел возможностей этой вещи, не превращая её в мировой артефакт. Знаток заплатит за такую редкость намного больше обычного.",3000000,"staff,very-rare,tier-19"
I1507,19,Жезл зимнего заточения,Очень редкая и сильная вещь может стать центральной частью экипировки героя. Жезл хранит несколько применений конкретного эффекта.,748000,Жезл зимнего заточения — точной фокусировки,"Заключённая магия реже отклоняется от выбранной цели. Очень редкое исполнение раскрывает предел возможностей этой вещи, не превращая её в мировой артефакт. Скрытая деталь делает находку одновременно полезной и коллекционной.",2244000,"wand,very-rare,tier-19"
I1508,19,Набор мастера совершенного ремонта,Очень редкая и сильная вещь может стать центральной частью экипировки героя. Инструмент сочетает ремесло и устойчивое зачарование.,1452000,Набор мастера совершенного ремонта — видящий изъян,"Он яснее показывает скрытую ошибку в подходящем материале. Очень редкое исполнение раскрывает предел возможностей этой вещи, не превращая её в мировой артефакт. Редкая особенность раскрывается только при внимательном осмотре.",3000000,"magic-tool,very-rare,tier-19"
I1509,19,Фонарь истинного присутствия,Очень редкая и сильная вещь может стать центральной частью экипировки героя. Источник света проявляет необычные свойства окружения.,1100000,Фонарь истинного присутствия — проницательного света,"Луч охватывает больше пространства, не становясь ослепительным. Очень редкое исполнение раскрывает предел возможностей этой вещи, не превращая её в мировой артефакт. Даже неприметный вид не способен скрыть выдающееся качество.",3000000,"magic-light,very-rare,tier-19"
I1510,19,Компас непрерывного пути,"Очень редкая и сильная вещь может стать центральной частью экипировки героя. Прибор находит путь там, где обычный компас бесполезен.",858000,Компас непрерывного пути — непотерянного курса,"Он быстрее восстанавливает направление после магической помехи. Очень редкое исполнение раскрывает предел возможностей этой вещи, не превращая её в мировой артефакт. Вещь сохранилась вопреки возрасту и явно переживёт нового хозяина.",2574000,"magic-navigation,very-rare,tier-19"
I1511,19,Сумка скрытого хранилища,"Очень редкая и сильная вещь может стать центральной частью экипировки героя. Вместилище меняет вес, объём или сохранность груза.",1628000,Сумка скрытого хранилища — бережного пространства,"Вещи внутри меньше сталкиваются и легче находятся владельцем. Очень редкое исполнение раскрывает предел возможностей этой вещи, не превращая её в мировой артефакт. История владельца повышает цену не меньше, чем материалы.",3000000,"magic-container,very-rare,tier-19"
I1512,19,Эликсир великого восстановления,"Очень редкая и сильная вещь может стать центральной частью экипировки героя. Редкое зелье даёт сильный, но ограниченный эффект.",1188000,Эликсир великого восстановления — чистой формулы,"Состав действует ровнее и реже вызывает неприятный остаточный эффект. Очень редкое исполнение раскрывает предел возможностей этой вещи, не превращая её в мировой артефакт. Работа мастера узнаваема и имеет подтверждённую ценность.",3000000,"potion,very-rare,tier-19"
I1513,19,Сердцевина высшего зачарования,Очень редкая и сильная вещь может стать центральной частью экипировки героя. Вещество усиливает подходящее ремесло или заклинание.,968000,Сердцевина высшего зачарования — высшей очистки,"Небольшой порции хватает на более точную и устойчивую работу. Очень редкое исполнение раскрывает предел возможностей этой вещи, не превращая её в мировой артефакт. Неожиданное свойство делает эту версию особенно желанной.",2904000,"reagent,very-rare,tier-19"
I1514,19,Кодекс нерушимой защиты,"Очень редкая и сильная вещь может стать центральной частью экипировки героя. Том хранит применимые магические знания, но не меняет судьбу мира.",605000,Кодекс нерушимой защиты — ясных полей,"Авторские заметки упрощают безопасное использование главной техники книги. Очень редкое исполнение раскрывает предел возможностей этой вещи, не превращая её в мировой артефакт. На рынке редкостей за неё наверняка начнётся спор.",2420000,"magic-book,very-rare,tier-19"
I1515,19,Арфа повиновения ветров,Очень редкая и сильная вещь может стать центральной частью экипировки героя. Музыка инструмента вызывает один выраженный волшебный эффект.,1298000,Арфа повиновения ветров — чистого резонанса,"Эффект достигает слушателей яснее и держится немного дольше. Очень редкое исполнение раскрывает предел возможностей этой вещи, не превращая её в мировой артефакт. Подлинная метка превращает случайную находку в событие.",3000000,"instrument,very-rare,tier-19"
I1516,19,Рубин огненного резерва,Очень редкая и сильная вещь может стать центральной частью экипировки героя. Камень хранит заряд энергии или полезное чувство.,1056000,Рубин огненного резерва — глубокой огранки,"Самоцвет удерживает больше силы без риска разрушения. Очень редкое исполнение раскрывает предел возможностей этой вещи, не превращая её в мировой артефакт. Состояние почти идеальное, а происхождение подтверждено.",3000000,"magic-gem,very-rare,tier-19"
I1517,19,Талисман разрыва тяжёлого проклятия,Очень редкая и сильная вещь может стать центральной частью экипировки героя. Талисман противостоит одной категории опасностей.,748000,Талисман разрыва тяжёлого проклятия — надёжной печати,"Защита восстанавливается быстрее после срабатывания. Очень редкое исполнение раскрывает предел возможностей этой вещи, не превращая её в мировой артефакт. Знаток заплатит за такую редкость намного больше обычного.",2992000,"talisman,very-rare,tier-19"
I1518,19,Канат свободного движения,Очень редкая и сильная вещь может стать центральной частью экипировки героя. Верёвка движется или держится благодаря чарам.,1452000,Канат свободного движения — послушного плетения,"Она точнее выполняет короткие команды владельца. Очень редкое исполнение раскрывает предел возможностей этой вещи, не превращая её в мировой артефакт. Скрытая деталь делает находку одновременно полезной и коллекционной.",3000000,"magic-rope,very-rare,tier-19"
I1519,19,Шатёр непроницаемого привала,Очень редкая и сильная вещь может стать центральной частью экипировки героя. Предмет создаёт безопасные условия для короткого отдыха.,1100000,Шатёр непроницаемого привала — тихого убежища,"Защитная область становится устойчивее к обычной непогоде и шуму. Очень редкое исполнение раскрывает предел возможностей этой вещи, не превращая её в мировой артефакт. Редкая особенность раскрывается только при внимательном осмотре.",3000000,"magic-camp,very-rare,tier-19"
I1520,19,Золотой ястреб дальней разведки,"Очень редкая и сильная вещь может стать центральной частью экипировки героя. Устройство имеет редкое, полезное и понятное назначение.",858000,Золотой ястреб дальней разведки — стабильного чуда,"Его необычный эффект срабатывает надёжнее и предсказуемее. Очень редкое исполнение раскрывает предел возможностей этой вещи, не превращая её в мировой артефакт. Даже неприметный вид не способен скрыть выдающееся качество.",3000000,"magic-oddity,very-rare,tier-19"
I1521,20,Полотно «Закат над тремя бухтами» кисти Арно Велейского,"Находка «Полотно «Закат над тремя бухтами» кисти Арно Велейского» представляет музейную или коллекционную ценность благодаря авторству, возрасту и безупречному состоянию.",825000,Полотно «Закат над тремя бухтами» кисти Арно Велейского — с подтверждённой безупречной атрибуцией,Полная экспертиза подтверждает исключительное происхождение находки «Полотно «Закат над тремя бухтами» кисти Арно Велейского» и повышает её коллекционную цену. В игре эта версия не используется: lucky-двадцатка сразу обращается к отдельному пулу артефактов.,1650000,"luxury,exceptional,tier-20,non-artifact"
I1522,20,Мраморный бюст основателя Южной академии,"Находка «Мраморный бюст основателя Южной академии» представляет музейную или коллекционную ценность благодаря авторству, возрасту и безупречному состоянию.",2112000,Мраморный бюст основателя Южной академии — с подтверждённой безупречной атрибуцией,Полная экспертиза подтверждает исключительное происхождение находки «Мраморный бюст основателя Южной академии» и повышает её коллекционную цену. В игре эта версия не используется: lucky-двадцатка сразу обращается к отдельному пулу артефактов.,4500000,"luxury,exceptional,tier-20,non-artifact"
I1523,20,Гобелен зимней охоты Серебряного двора,"Находка «Гобелен зимней охоты Серебряного двора» представляет музейную или коллекционную ценность благодаря авторству, возрасту и безупречному состоянию.",1567500,Гобелен зимней охоты Серебряного двора — с подтверждённой безупречной атрибуцией,Полная экспертиза подтверждает исключительное происхождение находки «Гобелен зимней охоты Серебряного двора» и повышает её коллекционную цену. В игре эта версия не используется: lucky-двадцатка сразу обращается к отдельному пулу артефактов.,4500000,"luxury,exceptional,tier-20,non-artifact"
I1524,20,Лаковая ширма с панорамой Города мостов,"Находка «Лаковая ширма с панорамой Города мостов» представляет музейную или коллекционную ценность благодаря авторству, возрасту и безупречному состоянию.",1023000,Лаковая ширма с панорамой Города мостов — с подтверждённой безупречной атрибуцией,Полная экспертиза подтверждает исключительное происхождение находки «Лаковая ширма с панорамой Города мостов» и повышает её коллекционную цену. В игре эта версия не используется: lucky-двадцатка сразу обращается к отдельному пулу артефактов.,2046000,"luxury,exceptional,tier-20,non-artifact"
I1525,20,Персидский ковёр с родословной ткацкого дома,"Находка «Персидский ковёр с родословной ткацкого дома» представляет музейную или коллекционную ценность благодаря авторству, возрасту и безупречному состоянию.",2442000,Персидский ковёр с родословной ткацкого дома — с подтверждённой безупречной атрибуцией,Полная экспертиза подтверждает исключительное происхождение находки «Персидский ковёр с родословной ткацкого дома» и повышает её коллекционную цену. В игре эта версия не используется: lucky-двадцатка сразу обращается к отдельному пулу артефактов.,4500000,"luxury,exceptional,tier-20,non-artifact"
I1526,20,Набор миниатюр двенадцати столичных театров,"Находка «Набор миниатюр двенадцати столичных театров» представляет музейную или коллекционную ценность благодаря авторству, возрасту и безупречному состоянию.",1650000,Набор миниатюр двенадцати столичных театров — с подтверждённой безупречной атрибуцией,Полная экспертиза подтверждает исключительное происхождение находки «Набор миниатюр двенадцати столичных театров» и повышает её коллекционную цену. В игре эта версия не используется: lucky-двадцатка сразу обращается к отдельному пулу артефактов.,4500000,"luxury,exceptional,tier-20,non-artifact"
I1527,20,Резной кабинет из чёрного ореха,"Находка «Резной кабинет из чёрного ореха» представляет музейную или коллекционную ценность благодаря авторству, возрасту и безупречному состоянию.",1221000,Резной кабинет из чёрного ореха — с подтверждённой безупречной атрибуцией,Полная экспертиза подтверждает исключительное происхождение находки «Резной кабинет из чёрного ореха» и повышает её коллекционную цену. В игре эта версия не используется: lucky-двадцатка сразу обращается к отдельному пулу артефактов.,2442000,"luxury,exceptional,tier-20,non-artifact"
I1528,20,Коллекция первых карт королевской почты,"Находка «Коллекция первых карт королевской почты» представляет музейную или коллекционную ценность благодаря авторству, возрасту и безупречному состоянию.",2970000,Коллекция первых карт королевской почты — с подтверждённой безупречной атрибуцией,Полная экспертиза подтверждает исключительное происхождение находки «Коллекция первых карт королевской почты» и повышает её коллекционную цену. В игре эта версия не используется: lucky-двадцатка сразу обращается к отдельному пулу артефактов.,4500000,"luxury,exceptional,tier-20,non-artifact"
I1529,20,Фарфоровая ваза мастерской Белого журавля,"Находка «Фарфоровая ваза мастерской Белого журавля» представляет музейную или коллекционную ценность благодаря авторству, возрасту и безупречному состоянию.",1848000,Фарфоровая ваза мастерской Белого журавля — с подтверждённой безупречной атрибуцией,Полная экспертиза подтверждает исключительное происхождение находки «Фарфоровая ваза мастерской Белого журавля» и повышает её коллекционную цену. В игре эта версия не используется: lucky-двадцатка сразу обращается к отдельному пулу артефактов.,4500000,"luxury,exceptional,tier-20,non-artifact"
I1530,20,Бронзовые часы с движущейся моделью планет,"Находка «Бронзовые часы с движущейся моделью планет» представляет музейную или коллекционную ценность благодаря авторству, возрасту и безупречному состоянию.",1419000,Бронзовые часы с движущейся моделью планет — с подтверждённой безупречной атрибуцией,Полная экспертиза подтверждает исключительное происхождение находки «Бронзовые часы с движущейся моделью планет» и повышает её коллекционную цену. В игре эта версия не используется: lucky-двадцатка сразу обращается к отдельному пулу артефактов.,2838000,"luxury,exceptional,tier-20,non-artifact"
I1531,20,Шкатулка писем знаменитой путешественницы,"Находка «Шкатулка писем знаменитой путешественницы» представляет музейную или коллекционную ценность благодаря авторству, возрасту и безупречному состоянию.",825000,Шкатулка писем знаменитой путешественницы — с подтверждённой безупречной атрибуцией,Полная экспертиза подтверждает исключительное происхождение находки «Шкатулка писем знаменитой путешественницы» и повышает её коллекционную цену. В игре эта версия не используется: lucky-двадцатка сразу обращается к отдельному пулу артефактов.,2475000,"luxury,exceptional,tier-20,non-artifact"
I1532,20,Полное собрание гравюр Северной экспедиции,"Находка «Полное собрание гравюр Северной экспедиции» представляет музейную или коллекционную ценность благодаря авторству, возрасту и безупречному состоянию.",2112000,Полное собрание гравюр Северной экспедиции — с подтверждённой безупречной атрибуцией,Полная экспертиза подтверждает исключительное происхождение находки «Полное собрание гравюр Северной экспедиции» и повышает её коллекционную цену. В игре эта версия не используется: lucky-двадцатка сразу обращается к отдельному пулу артефактов.,4500000,"luxury,exceptional,tier-20,non-artifact"
I1533,20,Мозаичная столешница из цветного камня,"Находка «Мозаичная столешница из цветного камня» представляет музейную или коллекционную ценность благодаря авторству, возрасту и безупречному состоянию.",1567500,Мозаичная столешница из цветного камня — с подтверждённой безупречной атрибуцией,Полная экспертиза подтверждает исключительное происхождение находки «Мозаичная столешница из цветного камня» и повышает её коллекционную цену. В игре эта версия не используется: lucky-двадцатка сразу обращается к отдельному пулу артефактов.,3135000,"luxury,exceptional,tier-20,non-artifact"
I1534,20,Складной письменный стол посла,"Находка «Складной письменный стол посла» представляет музейную или коллекционную ценность благодаря авторству, возрасту и безупречному состоянию.",1023000,Складной письменный стол посла — с подтверждённой безупречной атрибуцией,Полная экспертиза подтверждает исключительное происхождение находки «Складной письменный стол посла» и повышает её коллекционную цену. В игре эта версия не используется: lucky-двадцатка сразу обращается к отдельному пулу артефактов.,3069000,"luxury,exceptional,tier-20,non-artifact"
I1535,20,Серебряный сервиз на двенадцать персон,"Находка «Серебряный сервиз на двенадцать персон» представляет музейную или коллекционную ценность благодаря авторству, возрасту и безупречному состоянию.",2442000,Серебряный сервиз на двенадцать персон — с подтверждённой безупречной атрибуцией,Полная экспертиза подтверждает исключительное происхождение находки «Серебряный сервиз на двенадцать персон» и повышает её коллекционную цену. В игре эта версия не используется: lucky-двадцатка сразу обращается к отдельному пулу артефактов.,4500000,"luxury,exceptional,tier-20,non-artifact"
I1536,20,Хрустальная люстра старого оперного дома,"Находка «Хрустальная люстра старого оперного дома» представляет музейную или коллекционную ценность благодаря авторству, возрасту и безупречному состоянию.",1650000,Хрустальная люстра старого оперного дома — с подтверждённой безупречной атрибуцией,Полная экспертиза подтверждает исключительное происхождение находки «Хрустальная люстра старого оперного дома» и повышает её коллекционную цену. В игре эта версия не используется: lucky-двадцатка сразу обращается к отдельному пулу артефактов.,3300000,"luxury,exceptional,tier-20,non-artifact"
I1537,20,Резная статуэтка танцующего грифона,"Находка «Резная статуэтка танцующего грифона» представляет музейную или коллекционную ценность благодаря авторству, возрасту и безупречному состоянию.",1221000,Резная статуэтка танцующего грифона — с подтверждённой безупречной атрибуцией,Полная экспертиза подтверждает исключительное происхождение находки «Резная статуэтка танцующего грифона» и повышает её коллекционную цену. В игре эта версия не используется: lucky-двадцатка сразу обращается к отдельному пулу артефактов.,3663000,"luxury,exceptional,tier-20,non-artifact"
I1538,20,Архив чертежей великого мостостроителя,"Находка «Архив чертежей великого мостостроителя» представляет музейную или коллекционную ценность благодаря авторству, возрасту и безупречному состоянию.",2970000,Архив чертежей великого мостостроителя — с подтверждённой безупречной атрибуцией,Полная экспертиза подтверждает исключительное происхождение находки «Архив чертежей великого мостостроителя» и повышает её коллекционную цену. В игре эта версия не используется: lucky-двадцатка сразу обращается к отдельному пулу артефактов.,4500000,"luxury,exceptional,tier-20,non-artifact"
I1539,20,Карта звёздного неба на позолоченной коже,"Находка «Карта звёздного неба на позолоченной коже» представляет музейную или коллекционную ценность благодаря авторству, возрасту и безупречному состоянию.",1848000,Карта звёздного неба на позолоченной коже — с подтверждённой безупречной атрибуцией,Полная экспертиза подтверждает исключительное происхождение находки «Карта звёздного неба на позолоченной коже» и повышает её коллекционную цену. В игре эта версия не используется: lucky-двадцатка сразу обращается к отдельному пулу артефактов.,3696000,"luxury,exceptional,tier-20,non-artifact"
I1540,20,Коллекция редких игральных наборов,"Находка «Коллекция редких игральных наборов» представляет музейную или коллекционную ценность благодаря авторству, возрасту и безупречному состоянию.",1419000,Коллекция редких игральных наборов — с подтверждённой безупречной атрибуцией,Полная экспертиза подтверждает исключительное происхождение находки «Коллекция редких игральных наборов» и повышает её коллекционную цену. В игре эта версия не используется: lucky-двадцатка сразу обращается к отдельному пулу артефактов.,4257000,"luxury,exceptional,tier-20,non-artifact"
I1541,20,Музыкальная шкатулка со сменными цилиндрами,"Находка «Музыкальная шкатулка со сменными цилиндрами» представляет музейную или коллекционную ценность благодаря авторству, возрасту и безупречному состоянию.",825000,Музыкальная шкатулка со сменными цилиндрами — с подтверждённой безупречной атрибуцией,Полная экспертиза подтверждает исключительное происхождение находки «Музыкальная шкатулка со сменными цилиндрами» и повышает её коллекционную цену. В игре эта версия не используется: lucky-двадцатка сразу обращается к отдельному пулу артефактов.,3300000,"luxury,exceptional,tier-20,non-artifact"
I1542,20,Парадный экипаж работы придворной мастерской,"Находка «Парадный экипаж работы придворной мастерской» представляет музейную или коллекционную ценность благодаря авторству, возрасту и безупречному состоянию.",2112000,Парадный экипаж работы придворной мастерской — с подтверждённой безупречной атрибуцией,Полная экспертиза подтверждает исключительное происхождение находки «Парадный экипаж работы придворной мастерской» и повышает её коллекционную цену. В игре эта версия не используется: lucky-двадцатка сразу обращается к отдельному пулу артефактов.,4224000,"luxury,exceptional,tier-20,non-artifact"
I1543,20,Книжный шкаф с инкрустацией морёным дубом,"Находка «Книжный шкаф с инкрустацией морёным дубом» представляет музейную или коллекционную ценность благодаря авторству, возрасту и безупречному состоянию.",1567500,Книжный шкаф с инкрустацией морёным дубом — с подтверждённой безупречной атрибуцией,Полная экспертиза подтверждает исключительное происхождение находки «Книжный шкаф с инкрустацией морёным дубом» и повышает её коллекционную цену. В игре эта версия не используется: lucky-двадцатка сразу обращается к отдельному пулу артефактов.,4500000,"luxury,exceptional,tier-20,non-artifact"
I1544,20,Комплект витражных панелей «Четыре сезона»,"Находка «Комплект витражных панелей «Четыре сезона»» представляет музейную или коллекционную ценность благодаря авторству, возрасту и безупречному состоянию.",1023000,Комплект витражных панелей «Четыре сезона» — с подтверждённой безупречной атрибуцией,Полная экспертиза подтверждает исключительное происхождение находки «Комплект витражных панелей «Четыре сезона»» и повышает её коллекционную цену. В игре эта версия не используется: lucky-двадцатка сразу обращается к отдельному пулу артефактов.,4092000,"luxury,exceptional,tier-20,non-artifact"
I1545,20,Альбом акварелей исчезнувших садов,"Находка «Альбом акварелей исчезнувших садов» представляет музейную или коллекционную ценность благодаря авторству, возрасту и безупречному состоянию.",2442000,Альбом акварелей исчезнувших садов — с подтверждённой безупречной атрибуцией,Полная экспертиза подтверждает исключительное происхождение находки «Альбом акварелей исчезнувших садов» и повышает её коллекционную цену. В игре эта версия не используется: lucky-двадцатка сразу обращается к отдельному пулу артефактов.,4500000,"luxury,exceptional,tier-20,non-artifact"
I1546,20,Колье из цейлонских сапфиров и белого золота,Находка «Колье из цейлонских сапфиров и белого золота» создан лучшими мастерами из чрезвычайно дорогих материалов и пригоден для княжеской сокровищницы.,1650000,Колье из цейлонских сапфиров и белого золота — с подтверждённой безупречной атрибуцией,Полная экспертиза подтверждает исключительное происхождение находки «Колье из цейлонских сапфиров и белого золота» и повышает её коллекционную цену. В игре эта версия не используется: lucky-двадцатка сразу обращается к отдельному пулу артефактов.,4500000,"jewelry,exceptional,tier-20,non-artifact"
I1547,20,Перстень с безупречным александритом,Находка «Перстень с безупречным александритом» создан лучшими мастерами из чрезвычайно дорогих материалов и пригоден для княжеской сокровищницы.,1221000,Перстень с безупречным александритом — с подтверждённой безупречной атрибуцией,Полная экспертиза подтверждает исключительное происхождение находки «Перстень с безупречным александритом» и повышает её коллекционную цену. В игре эта версия не используется: lucky-двадцатка сразу обращается к отдельному пулу артефактов.,4500000,"jewelry,exceptional,tier-20,non-artifact"
I1548,20,Парные серьги с чёрным жемчугом,Находка «Парные серьги с чёрным жемчугом» создан лучшими мастерами из чрезвычайно дорогих материалов и пригоден для княжеской сокровищницы.,2970000,Парные серьги с чёрным жемчугом — с подтверждённой безупречной атрибуцией,Полная экспертиза подтверждает исключительное происхождение находки «Парные серьги с чёрным жемчугом» и повышает её коллекционную цену. В игре эта версия не используется: lucky-двадцатка сразу обращается к отдельному пулу артефактов.,4500000,"jewelry,exceptional,tier-20,non-artifact"
I1549,20,Браслет из платины с алмазной дорожкой,Находка «Браслет из платины с алмазной дорожкой» создан лучшими мастерами из чрезвычайно дорогих материалов и пригоден для княжеской сокровищницы.,1848000,Браслет из платины с алмазной дорожкой — с подтверждённой безупречной атрибуцией,Полная экспертиза подтверждает исключительное происхождение находки «Браслет из платины с алмазной дорожкой» и повышает её коллекционную цену. В игре эта версия не используется: lucky-двадцатка сразу обращается к отдельному пулу артефактов.,4500000,"jewelry,exceptional,tier-20,non-artifact"
I1550,20,Диадема княжеского ювелирного дома,Находка «Диадема княжеского ювелирного дома» создан лучшими мастерами из чрезвычайно дорогих материалов и пригоден для княжеской сокровищницы.,1419000,Диадема княжеского ювелирного дома — с подтверждённой безупречной атрибуцией,Полная экспертиза подтверждает исключительное происхождение находки «Диадема княжеского ювелирного дома» и повышает её коллекционную цену. В игре эта версия не используется: lucky-двадцатка сразу обращается к отдельному пулу артефактов.,4500000,"jewelry,exceptional,tier-20,non-artifact"
I1551,20,Брошь в форме зимородка из драгоценных камней,Находка «Брошь в форме зимородка из драгоценных камней» создан лучшими мастерами из чрезвычайно дорогих материалов и пригоден для княжеской сокровищницы.,825000,Брошь в форме зимородка из драгоценных камней — с подтверждённой безупречной атрибуцией,Полная экспертиза подтверждает исключительное происхождение находки «Брошь в форме зимородка из драгоценных камней» и повышает её коллекционную цену. В игре эта версия не используется: lucky-двадцатка сразу обращается к отдельному пулу артефактов.,1650000,"jewelry,exceptional,tier-20,non-artifact"
I1552,20,Нагрудная цепь старшего городского судьи,Находка «Нагрудная цепь старшего городского судьи» создан лучшими мастерами из чрезвычайно дорогих материалов и пригоден для княжеской сокровищницы.,2112000,Нагрудная цепь старшего городского судьи — с подтверждённой безупречной атрибуцией,Полная экспертиза подтверждает исключительное происхождение находки «Нагрудная цепь старшего городского судьи» и повышает её коллекционную цену. В игре эта версия не используется: lucky-двадцатка сразу обращается к отдельному пулу артефактов.,4500000,"jewelry,exceptional,tier-20,non-artifact"
I1553,20,Ожерелье из редких золотистых жемчужин,Находка «Ожерелье из редких золотистых жемчужин» создан лучшими мастерами из чрезвычайно дорогих материалов и пригоден для княжеской сокровищницы.,1567500,Ожерелье из редких золотистых жемчужин — с подтверждённой безупречной атрибуцией,Полная экспертиза подтверждает исключительное происхождение находки «Ожерелье из редких золотистых жемчужин» и повышает её коллекционную цену. В игре эта версия не используется: lucky-двадцатка сразу обращается к отдельному пулу артефактов.,4500000,"jewelry,exceptional,tier-20,non-artifact"
I1554,20,Комплект запонок с резными изумрудами,Находка «Комплект запонок с резными изумрудами» создан лучшими мастерами из чрезвычайно дорогих материалов и пригоден для княжеской сокровищницы.,1023000,Комплект запонок с резными изумрудами — с подтверждённой безупречной атрибуцией,Полная экспертиза подтверждает исключительное происхождение находки «Комплект запонок с резными изумрудами» и повышает её коллекционную цену. В игре эта версия не используется: lucky-двадцатка сразу обращается к отдельному пулу артефактов.,2046000,"jewelry,exceptional,tier-20,non-artifact"
I1555,20,Медальон с портретной эмалью великого мастера,Находка «Медальон с портретной эмалью великого мастера» создан лучшими мастерами из чрезвычайно дорогих материалов и пригоден для княжеской сокровищницы.,2442000,Медальон с портретной эмалью великого мастера — с подтверждённой безупречной атрибуцией,Полная экспертиза подтверждает исключительное происхождение находки «Медальон с портретной эмалью великого мастера» и повышает её коллекционную цену. В игре эта версия не используется: lucky-двадцатка сразу обращается к отдельному пулу артефактов.,4500000,"jewelry,exceptional,tier-20,non-artifact"
I1556,20,Шёлковое платье ручной вышивки,Находка «Шёлковое платье ручной вышивки» создан лучшими мастерами из чрезвычайно дорогих материалов и пригоден для княжеской сокровищницы.,1650000,Шёлковое платье ручной вышивки — с подтверждённой безупречной атрибуцией,Полная экспертиза подтверждает исключительное происхождение находки «Шёлковое платье ручной вышивки» и повышает её коллекционную цену. В игре эта версия не используется: lucky-двадцатка сразу обращается к отдельному пулу артефактов.,4500000,"jewelry,exceptional,tier-20,non-artifact"
I1557,20,Парадный камзол с золотым шитьём,Находка «Парадный камзол с золотым шитьём» создан лучшими мастерами из чрезвычайно дорогих материалов и пригоден для княжеской сокровищницы.,1221000,Парадный камзол с золотым шитьём — с подтверждённой безупречной атрибуцией,Полная экспертиза подтверждает исключительное происхождение находки «Парадный камзол с золотым шитьём» и повышает её коллекционную цену. В игре эта версия не используется: lucky-двадцатка сразу обращается к отдельному пулу артефактов.,2442000,"jewelry,exceptional,tier-20,non-artifact"
I1558,20,Соболиная мантия без единого повреждения,Находка «Соболиная мантия без единого повреждения» создан лучшими мастерами из чрезвычайно дорогих материалов и пригоден для княжеской сокровищницы.,2970000,Соболиная мантия без единого повреждения — с подтверждённой безупречной атрибуцией,Полная экспертиза подтверждает исключительное происхождение находки «Соболиная мантия без единого повреждения» и повышает её коллекционную цену. В игре эта версия не используется: lucky-двадцатка сразу обращается к отдельному пулу артефактов.,4500000,"jewelry,exceptional,tier-20,non-artifact"
I1559,20,Торжественный халат из императорского шёлка,Находка «Торжественный халат из императорского шёлка» создан лучшими мастерами из чрезвычайно дорогих материалов и пригоден для княжеской сокровищницы.,1848000,Торжественный халат из императорского шёлка — с подтверждённой безупречной атрибуцией,Полная экспертиза подтверждает исключительное происхождение находки «Торжественный халат из императорского шёлка» и повышает её коллекционную цену. В игре эта версия не используется: lucky-двадцатка сразу обращается к отдельному пулу артефактов.,4500000,"jewelry,exceptional,tier-20,non-artifact"
I1560,20,Кружевной свадебный наряд знаменитой мастерской,Находка «Кружевной свадебный наряд знаменитой мастерской» создан лучшими мастерами из чрезвычайно дорогих материалов и пригоден для княжеской сокровищницы.,1419000,Кружевной свадебный наряд знаменитой мастерской — с подтверждённой безупречной атрибуцией,Полная экспертиза подтверждает исключительное происхождение находки «Кружевной свадебный наряд знаменитой мастерской» и повышает её коллекционную цену. В игре эта версия не используется: lucky-двадцатка сразу обращается к отдельному пулу артефактов.,2838000,"jewelry,exceptional,tier-20,non-artifact"
I1561,20,Комплект одежды столичного посла,Находка «Комплект одежды столичного посла» создан лучшими мастерами из чрезвычайно дорогих материалов и пригоден для княжеской сокровищницы.,825000,Комплект одежды столичного посла — с подтверждённой безупречной атрибуцией,Полная экспертиза подтверждает исключительное происхождение находки «Комплект одежды столичного посла» и повышает её коллекционную цену. В игре эта версия не используется: lucky-двадцатка сразу обращается к отдельному пулу артефактов.,2475000,"jewelry,exceptional,tier-20,non-artifact"
I1562,20,Кашемировый плащ с платиновыми застёжками,Находка «Кашемировый плащ с платиновыми застёжками» создан лучшими мастерами из чрезвычайно дорогих материалов и пригоден для княжеской сокровищницы.,2112000,Кашемировый плащ с платиновыми застёжками — с подтверждённой безупречной атрибуцией,Полная экспертиза подтверждает исключительное происхождение находки «Кашемировый плащ с платиновыми застёжками» и повышает её коллекционную цену. В игре эта версия не используется: lucky-двадцатка сразу обращается к отдельному пулу артефактов.,4500000,"jewelry,exceptional,tier-20,non-artifact"
I1563,20,Пара сапог из редкой кожи по индивидуальной колодке,Находка «Пара сапог из редкой кожи по индивидуальной колодке» создан лучшими мастерами из чрезвычайно дорогих материалов и пригоден для княжеской сокровищницы.,1567500,Пара сапог из редкой кожи по индивидуальной колодке — с подтверждённой безупречной атрибуцией,Полная экспертиза подтверждает исключительное происхождение находки «Пара сапог из редкой кожи по индивидуальной колодке» и повышает её коллекционную цену. В игре эта версия не используется: lucky-двадцатка сразу обращается к отдельному пулу артефактов.,3135000,"jewelry,exceptional,tier-20,non-artifact"
I1564,20,Перчатки из белой замши с жемчужной вышивкой,Находка «Перчатки из белой замши с жемчужной вышивкой» создан лучшими мастерами из чрезвычайно дорогих материалов и пригоден для княжеской сокровищницы.,1023000,Перчатки из белой замши с жемчужной вышивкой — с подтверждённой безупречной атрибуцией,Полная экспертиза подтверждает исключительное происхождение находки «Перчатки из белой замши с жемчужной вышивкой» и повышает её коллекционную цену. В игре эта версия не используется: lucky-двадцатка сразу обращается к отдельному пулу артефактов.,3069000,"jewelry,exceptional,tier-20,non-artifact"
I1565,20,Тюрбан с сапфировой застёжкой,Находка «Тюрбан с сапфировой застёжкой» создан лучшими мастерами из чрезвычайно дорогих материалов и пригоден для княжеской сокровищницы.,2442000,Тюрбан с сапфировой застёжкой — с подтверждённой безупречной атрибуцией,Полная экспертиза подтверждает исключительное происхождение находки «Тюрбан с сапфировой застёжкой» и повышает её коллекционную цену. В игре эта версия не используется: lucky-двадцатка сразу обращается к отдельному пулу артефактов.,4500000,"jewelry,exceptional,tier-20,non-artifact"
I1566,20,Пояс из золотых пластин тонкой чеканки,Находка «Пояс из золотых пластин тонкой чеканки» создан лучшими мастерами из чрезвычайно дорогих материалов и пригоден для княжеской сокровищницы.,1650000,Пояс из золотых пластин тонкой чеканки — с подтверждённой безупречной атрибуцией,Полная экспертиза подтверждает исключительное происхождение находки «Пояс из золотых пластин тонкой чеканки» и повышает её коллекционную цену. В игре эта версия не используется: lucky-двадцатка сразу обращается к отдельному пулу артефактов.,3300000,"jewelry,exceptional,tier-20,non-artifact"
I1567,20,Шаль из пуха высокогорных коз,Находка «Шаль из пуха высокогорных коз» создан лучшими мастерами из чрезвычайно дорогих материалов и пригоден для княжеской сокровищницы.,1221000,Шаль из пуха высокогорных коз — с подтверждённой безупречной атрибуцией,Полная экспертиза подтверждает исключительное происхождение находки «Шаль из пуха высокогорных коз» и повышает её коллекционную цену. В игре эта версия не используется: lucky-двадцатка сразу обращается к отдельному пулу артефактов.,3663000,"jewelry,exceptional,tier-20,non-artifact"
I1568,20,Веер из перламутра и расписного шёлка,Находка «Веер из перламутра и расписного шёлка» создан лучшими мастерами из чрезвычайно дорогих материалов и пригоден для княжеской сокровищницы.,2970000,Веер из перламутра и расписного шёлка — с подтверждённой безупречной атрибуцией,Полная экспертиза подтверждает исключительное происхождение находки «Веер из перламутра и расписного шёлка» и повышает её коллекционную цену. В игре эта версия не используется: lucky-двадцатка сразу обращается к отдельному пулу артефактов.,4500000,"jewelry,exceptional,tier-20,non-artifact"
I1569,20,Церемониальная маска с опаловой мозаикой,Находка «Церемониальная маска с опаловой мозаикой» создан лучшими мастерами из чрезвычайно дорогих материалов и пригоден для княжеской сокровищницы.,1848000,Церемониальная маска с опаловой мозаикой — с подтверждённой безупречной атрибуцией,Полная экспертиза подтверждает исключительное происхождение находки «Церемониальная маска с опаловой мозаикой» и повышает её коллекционную цену. В игре эта версия не используется: lucky-двадцатка сразу обращается к отдельному пулу артефактов.,3696000,"jewelry,exceptional,tier-20,non-artifact"
I1570,20,Корона провинциального театрального дома,Находка «Корона провинциального театрального дома» создан лучшими мастерами из чрезвычайно дорогих материалов и пригоден для княжеской сокровищницы.,1419000,Корона провинциального театрального дома — с подтверждённой безупречной атрибуцией,Полная экспертиза подтверждает исключительное происхождение находки «Корона провинциального театрального дома» и повышает её коллекционную цену. В игре эта версия не используется: lucky-двадцатка сразу обращается к отдельному пулу артефактов.,4257000,"jewelry,exceptional,tier-20,non-artifact"
I1571,20,Заказной полуторный меч кузнеца Марека Стального,Находка «Заказной полуторный меч кузнеца Марека Стального» является исключительной заказной работой без артефактной или божественной природы.,825000,Заказной полуторный меч кузнеца Марека Стального — с подтверждённой безупречной атрибуцией,Полная экспертиза подтверждает исключительное происхождение находки «Заказной полуторный меч кузнеца Марека Стального» и повышает её коллекционную цену. В игре эта версия не используется: lucky-двадцатка сразу обращается к отдельному пулу артефактов.,3300000,"masterwork,exceptional,tier-20,non-artifact"
I1572,20,Парадные латы с идеальной подгонкой,Находка «Парадные латы с идеальной подгонкой» является исключительной заказной работой без артефактной или божественной природы.,2112000,Парадные латы с идеальной подгонкой — с подтверждённой безупречной атрибуцией,Полная экспертиза подтверждает исключительное происхождение находки «Парадные латы с идеальной подгонкой» и повышает её коллекционную цену. В игре эта версия не используется: lucky-двадцатка сразу обращается к отдельному пулу артефактов.,4224000,"masterwork,exceptional,tier-20,non-artifact"
I1573,20,Мифриловая кольчуга тончайшего плетения,Находка «Мифриловая кольчуга тончайшего плетения» является исключительной заказной работой без артефактной или божественной природы.,1567500,Мифриловая кольчуга тончайшего плетения — с подтверждённой безупречной атрибуцией,Полная экспертиза подтверждает исключительное происхождение находки «Мифриловая кольчуга тончайшего плетения» и повышает её коллекционную цену. В игре эта версия не используется: lucky-двадцатка сразу обращается к отдельному пулу артефактов.,4500000,"masterwork,exceptional,tier-20,non-artifact"
I1574,20,Дуэльная рапира школы Красной лилии,Находка «Дуэльная рапира школы Красной лилии» является исключительной заказной работой без артефактной или божественной природы.,1023000,Дуэльная рапира школы Красной лилии — с подтверждённой безупречной атрибуцией,Полная экспертиза подтверждает исключительное происхождение находки «Дуэльная рапира школы Красной лилии» и повышает её коллекционную цену. В игре эта версия не используется: lucky-двадцатка сразу обращается к отдельному пулу артефактов.,4092000,"masterwork,exceptional,tier-20,non-artifact"
I1575,20,Длинный лук из тысячелетнего тиса,Находка «Длинный лук из тысячелетнего тиса» является исключительной заказной работой без артефактной или божественной природы.,2442000,Длинный лук из тысячелетнего тиса — с подтверждённой безупречной атрибуцией,Полная экспертиза подтверждает исключительное происхождение находки «Длинный лук из тысячелетнего тиса» и повышает её коллекционную цену. В игре эта версия не используется: lucky-двадцатка сразу обращается к отдельному пулу артефактов.,4500000,"masterwork,exceptional,tier-20,non-artifact"
I1576,20,Композитный арбалет королевского егеря,Находка «Композитный арбалет королевского егеря» является исключительной заказной работой без артефактной или божественной природы.,1650000,Композитный арбалет королевского егеря — с подтверждённой безупречной атрибуцией,Полная экспертиза подтверждает исключительное происхождение находки «Композитный арбалет королевского егеря» и повышает её коллекционную цену. В игре эта версия не используется: lucky-двадцатка сразу обращается к отдельному пулу артефактов.,4500000,"masterwork,exceptional,tier-20,non-artifact"
I1577,20,Щит из многослойной стали с серебряной кромкой,Находка «Щит из многослойной стали с серебряной кромкой» является исключительной заказной работой без артефактной или божественной природы.,1221000,Щит из многослойной стали с серебряной кромкой — с подтверждённой безупречной атрибуцией,Полная экспертиза подтверждает исключительное происхождение находки «Щит из многослойной стали с серебряной кромкой» и повышает её коллекционную цену. В игре эта версия не используется: lucky-двадцатка сразу обращается к отдельному пулу артефактов.,4500000,"masterwork,exceptional,tier-20,non-artifact"
I1578,20,Кавалерийская сабля прославленного оружейника,Находка «Кавалерийская сабля прославленного оружейника» является исключительной заказной работой без артефактной или божественной природы.,2970000,Кавалерийская сабля прославленного оружейника — с подтверждённой безупречной атрибуцией,Полная экспертиза подтверждает исключительное происхождение находки «Кавалерийская сабля прославленного оружейника» и повышает её коллекционную цену. В игре эта версия не используется: lucky-двадцатка сразу обращается к отдельному пулу артефактов.,4500000,"masterwork,exceptional,tier-20,non-artifact"
I1579,20,Секира подгорного мастера безупречной закалки,Находка «Секира подгорного мастера безупречной закалки» является исключительной заказной работой без артефактной или божественной природы.,1848000,Секира подгорного мастера безупречной закалки — с подтверждённой безупречной атрибуцией,Полная экспертиза подтверждает исключительное происхождение находки «Секира подгорного мастера безупречной закалки» и повышает её коллекционную цену. В игре эта версия не используется: lucky-двадцатка сразу обращается к отдельному пулу артефактов.,4500000,"masterwork,exceptional,tier-20,non-artifact"
I1580,20,Пара церемониальных кинжалов с дамасскими клинками,Находка «Пара церемониальных кинжалов с дамасскими клинками» является исключительной заказной работой без артефактной или божественной природы.,1419000,Пара церемониальных кинжалов с дамасскими клинками — с подтверждённой безупречной атрибуцией,Полная экспертиза подтверждает исключительное происхождение находки «Пара церемониальных кинжалов с дамасскими клинками» и повышает её коллекционную цену. В игре эта версия не используется: lucky-двадцатка сразу обращается к отдельному пулу артефактов.,4500000,"masterwork,exceptional,tier-20,non-artifact"
I1581,20,Полный набор инструментов придворного ювелира,Находка «Полный набор инструментов придворного ювелира» является исключительной заказной работой без артефактной или божественной природы.,825000,Полный набор инструментов придворного ювелира — с подтверждённой безупречной атрибуцией,Полная экспертиза подтверждает исключительное происхождение находки «Полный набор инструментов придворного ювелира» и повышает её коллекционную цену. В игре эта версия не используется: lucky-двадцатка сразу обращается к отдельному пулу артефактов.,1650000,"masterwork,exceptional,tier-20,non-artifact"
I1582,20,Кофр приборов великого часовщика,Находка «Кофр приборов великого часовщика» является исключительной заказной работой без артефактной или божественной природы.,2112000,Кофр приборов великого часовщика — с подтверждённой безупречной атрибуцией,Полная экспертиза подтверждает исключительное происхождение находки «Кофр приборов великого часовщика» и повышает её коллекционную цену. В игре эта версия не используется: lucky-двадцатка сразу обращается к отдельному пулу артефактов.,4500000,"masterwork,exceptional,tier-20,non-artifact"
I1583,20,Переносная кузня мастера звёздных сплавов,Находка «Переносная кузня мастера звёздных сплавов» является исключительной заказной работой без артефактной или божественной природы.,1567500,Переносная кузня мастера звёздных сплавов — с подтверждённой безупречной атрибуцией,Полная экспертиза подтверждает исключительное происхождение находки «Переносная кузня мастера звёздных сплавов» и повышает её коллекционную цену. В игре эта версия не используется: lucky-двадцатка сразу обращается к отдельному пулу артефактов.,4500000,"masterwork,exceptional,tier-20,non-artifact"
I1584,20,Хирургический комплект Королевской академии,Находка «Хирургический комплект Королевской академии» является исключительной заказной работой без артефактной или божественной природы.,1023000,Хирургический комплект Королевской академии — с подтверждённой безупречной атрибуцией,Полная экспертиза подтверждает исключительное происхождение находки «Хирургический комплект Королевской академии» и повышает её коллекционную цену. В игре эта версия не используется: lucky-двадцатка сразу обращается к отдельному пулу артефактов.,2046000,"masterwork,exceptional,tier-20,non-artifact"
I1585,20,Навигационный набор океанской экспедиции,Находка «Навигационный набор океанской экспедиции» является исключительной заказной работой без артефактной или божественной природы.,2442000,Навигационный набор океанской экспедиции — с подтверждённой безупречной атрибуцией,Полная экспертиза подтверждает исключительное происхождение находки «Навигационный набор океанской экспедиции» и повышает её коллекционную цену. В игре эта версия не используется: lucky-двадцатка сразу обращается к отдельному пулу артефактов.,4500000,"masterwork,exceptional,tier-20,non-artifact"
I1586,20,Платиновая астролябия главного обсерватора,Находка «Платиновая астролябия главного обсерватора» является исключительной заказной работой без артефактной или божественной природы.,1650000,Платиновая астролябия главного обсерватора — с подтверждённой безупречной атрибуцией,Полная экспертиза подтверждает исключительное происхождение находки «Платиновая астролябия главного обсерватора» и повышает её коллекционную цену. В игре эта версия не используется: lucky-двадцатка сразу обращается к отдельному пулу артефактов.,4500000,"masterwork,exceptional,tier-20,non-artifact"
I1587,20,Экспедиционный сундук с герметичными секциями,Находка «Экспедиционный сундук с герметичными секциями» является исключительной заказной работой без артефактной или божественной природы.,1221000,Экспедиционный сундук с герметичными секциями — с подтверждённой безупречной атрибуцией,Полная экспертиза подтверждает исключительное происхождение находки «Экспедиционный сундук с герметичными секциями» и повышает её коллекционную цену. В игре эта версия не используется: lucky-двадцатка сразу обращается к отдельному пулу артефактов.,2442000,"masterwork,exceptional,tier-20,non-artifact"
I1588,20,Породистое седло с парадной сбруей,Находка «Породистое седло с парадной сбруей» является исключительной заказной работой без артефактной или божественной природы.,2970000,Породистое седло с парадной сбруей — с подтверждённой безупречной атрибуцией,Полная экспертиза подтверждает исключительное происхождение находки «Породистое седло с парадной сбруей» и повышает её коллекционную цену. В игре эта версия не используется: lucky-двадцатка сразу обращается к отдельному пулу артефактов.,4500000,"masterwork,exceptional,tier-20,non-artifact"
I1589,20,Шатёр главнокомандующего в полном комплекте,Находка «Шатёр главнокомандующего в полном комплекте» является исключительной заказной работой без артефактной или божественной природы.,1848000,Шатёр главнокомандующего в полном комплекте — с подтверждённой безупречной атрибуцией,Полная экспертиза подтверждает исключительное происхождение находки «Шатёр главнокомандующего в полном комплекте» и повышает её коллекционную цену. В игре эта версия не используется: lucky-двадцатка сразу обращается к отдельному пулу артефактов.,4500000,"masterwork,exceptional,tier-20,non-artifact"
I1590,20,Инструменты архитектора соборных сводов,Находка «Инструменты архитектора соборных сводов» является исключительной заказной работой без артефактной или божественной природы.,1419000,Инструменты архитектора соборных сводов — с подтверждённой безупречной атрибуцией,Полная экспертиза подтверждает исключительное происхождение находки «Инструменты архитектора соборных сводов» и повышает её коллекционную цену. В игре эта версия не используется: lucky-двадцатка сразу обращается к отдельному пулу артефактов.,2838000,"masterwork,exceptional,tier-20,non-artifact"
I1591,20,Ларец отмычек главы Гильдии замочников,Находка «Ларец отмычек главы Гильдии замочников» является исключительной заказной работой без артефактной или божественной природы.,825000,Ларец отмычек главы Гильдии замочников — с подтверждённой безупречной атрибуцией,Полная экспертиза подтверждает исключительное происхождение находки «Ларец отмычек главы Гильдии замочников» и повышает её коллекционную цену. В игре эта версия не используется: lucky-двадцатка сразу обращается к отдельному пулу артефактов.,2475000,"masterwork,exceptional,tier-20,non-artifact"
I1592,20,Набор резцов знаменитого скульптора,Находка «Набор резцов знаменитого скульптора» является исключительной заказной работой без артефактной или божественной природы.,2112000,Набор резцов знаменитого скульптора — с подтверждённой безупречной атрибуцией,Полная экспертиза подтверждает исключительное происхождение находки «Набор резцов знаменитого скульптора» и повышает её коллекционную цену. В игре эта версия не используется: lucky-двадцатка сразу обращается к отдельному пулу артефактов.,4500000,"masterwork,exceptional,tier-20,non-artifact"
I1593,20,Концертная скрипка мастера Элиана Торре,Находка «Концертная скрипка мастера Элиана Торре» является исключительной заказной работой без артефактной или божественной природы.,1567500,Концертная скрипка мастера Элиана Торре — с подтверждённой безупречной атрибуцией,Полная экспертиза подтверждает исключительное происхождение находки «Концертная скрипка мастера Элиана Торре» и повышает её коллекционную цену. В игре эта версия не используется: lucky-двадцатка сразу обращается к отдельному пулу артефактов.,3135000,"masterwork,exceptional,tier-20,non-artifact"
I1594,20,Арфа из красного дерева с золотыми струнами,Находка «Арфа из красного дерева с золотыми струнами» является исключительной заказной работой без артефактной или божественной природы.,1023000,Арфа из красного дерева с золотыми струнами — с подтверждённой безупречной атрибуцией,Полная экспертиза подтверждает исключительное происхождение находки «Арфа из красного дерева с золотыми струнами» и повышает её коллекционную цену. В игре эта версия не используется: lucky-двадцатка сразу обращается к отдельному пулу артефактов.,3069000,"masterwork,exceptional,tier-20,non-artifact"
I1595,20,Телескоп дальней морской разведки,Находка «Телескоп дальней морской разведки» является исключительной заказной работой без артефактной или божественной природы.,2442000,Телескоп дальней морской разведки — с подтверждённой безупречной атрибуцией,Полная экспертиза подтверждает исключительное происхождение находки «Телескоп дальней морской разведки» и повышает её коллекционную цену. В игре эта версия не используется: lucky-двадцатка сразу обращается к отдельному пулу артефактов.,4500000,"masterwork,exceptional,tier-20,non-artifact"
I1596,20,Бутылка вина королевского урожая двухсотлетней выдержки,"Находка «Бутылка вина королевского урожая двухсотлетней выдержки» остаётся редким расходуемым товаром, ценность которого обеспечивают происхождение, чистота и невозможность быстро восполнить запас.",1650000,Бутылка вина королевского урожая двухсотлетней выдержки — с подтверждённой безупречной атрибуцией,Полная экспертиза подтверждает исключительное происхождение находки «Бутылка вина королевского урожая двухсотлетней выдержки» и повышает её коллекционную цену. В игре эта версия не используется: lucky-двадцатка сразу обращается к отдельному пулу артефактов.,3300000,"rare-goods,exceptional,tier-20,non-artifact"
I1597,20,Ящик вина с погибшего вулканического виноградника,"Находка «Ящик вина с погибшего вулканического виноградника» остаётся редким расходуемым товаром, ценность которого обеспечивают происхождение, чистота и невозможность быстро восполнить запас.",1221000,Ящик вина с погибшего вулканического виноградника — с подтверждённой безупречной атрибуцией,Полная экспертиза подтверждает исключительное происхождение находки «Ящик вина с погибшего вулканического виноградника» и повышает её коллекционную цену. В игре эта версия не используется: lucky-двадцатка сразу обращается к отдельному пулу артефактов.,3663000,"rare-goods,exceptional,tier-20,non-artifact"
I1598,20,Амфора первого бренди дома Ларош,"Находка «Амфора первого бренди дома Ларош» остаётся редким расходуемым товаром, ценность которого обеспечивают происхождение, чистота и невозможность быстро восполнить запас.",2970000,Амфора первого бренди дома Ларош — с подтверждённой безупречной атрибуцией,Полная экспертиза подтверждает исключительное происхождение находки «Амфора первого бренди дома Ларош» и повышает её коллекционную цену. В игре эта версия не используется: lucky-двадцатка сразу обращается к отдельному пулу артефактов.,4500000,"rare-goods,exceptional,tier-20,non-artifact"
I1599,20,"Бочонок медовухи, приготовленной к коронации","Находка «Бочонок медовухи, приготовленной к коронации» остаётся редким расходуемым товаром, ценность которого обеспечивают происхождение, чистота и невозможность быстро восполнить запас.",1848000,"Бочонок медовухи, приготовленной к коронации — с подтверждённой безупречной атрибуцией","Полная экспертиза подтверждает исключительное происхождение находки «Бочонок медовухи, приготовленной к коронации» и повышает её коллекционную цену. В игре эта версия не используется: lucky-двадцатка сразу обращается к отдельному пулу артефактов.",3696000,"rare-goods,exceptional,tier-20,non-artifact"
I1600,20,Коллекция закрытых винтажей Северной долины,"Находка «Коллекция закрытых винтажей Северной долины» остаётся редким расходуемым товаром, ценность которого обеспечивают происхождение, чистота и невозможность быстро восполнить запас.",1419000,Коллекция закрытых винтажей Северной долины — с подтверждённой безупречной атрибуцией,Полная экспертиза подтверждает исключительное происхождение находки «Коллекция закрытых винтажей Северной долины» и повышает её коллекционную цену. В игре эта версия не используется: lucky-двадцатка сразу обращается к отдельному пулу артефактов.,4257000,"rare-goods,exceptional,tier-20,non-artifact"
I1601,20,Ларец чая с единственной высокогорной плантации,"Находка «Ларец чая с единственной высокогорной плантации» остаётся редким расходуемым товаром, ценность которого обеспечивают происхождение, чистота и невозможность быстро восполнить запас.",825000,Ларец чая с единственной высокогорной плантации — с подтверждённой безупречной атрибуцией,Полная экспертиза подтверждает исключительное происхождение находки «Ларец чая с единственной высокогорной плантации» и повышает её коллекционную цену. В игре эта версия не используется: lucky-двадцатка сразу обращается к отдельному пулу артефактов.,3300000,"rare-goods,exceptional,tier-20,non-artifact"
I1602,20,Фунт шафрана из урожая исключительной чистоты,"Находка «Фунт шафрана из урожая исключительной чистоты» остаётся редким расходуемым товаром, ценность которого обеспечивают происхождение, чистота и невозможность быстро восполнить запас.",2112000,Фунт шафрана из урожая исключительной чистоты — с подтверждённой безупречной атрибуцией,Полная экспертиза подтверждает исключительное происхождение находки «Фунт шафрана из урожая исключительной чистоты» и повышает её коллекционную цену. В игре эта версия не используется: lucky-двадцатка сразу обращается к отдельному пулу артефактов.,4224000,"rare-goods,exceptional,tier-20,non-artifact"
I1603,20,Набор ванильных стручков с Островов пряностей,"Находка «Набор ванильных стручков с Островов пряностей» остаётся редким расходуемым товаром, ценность которого обеспечивают происхождение, чистота и невозможность быстро восполнить запас.",1567500,Набор ванильных стручков с Островов пряностей — с подтверждённой безупречной атрибуцией,Полная экспертиза подтверждает исключительное происхождение находки «Набор ванильных стручков с Островов пряностей» и повышает её коллекционную цену. В игре эта версия не используется: lucky-двадцатка сразу обращается к отдельному пулу артефактов.,4500000,"rare-goods,exceptional,tier-20,non-artifact"
I1604,20,Короб засахаренных лепестков лунной розы,"Находка «Короб засахаренных лепестков лунной розы» остаётся редким расходуемым товаром, ценность которого обеспечивают происхождение, чистота и невозможность быстро восполнить запас.",1023000,Короб засахаренных лепестков лунной розы — с подтверждённой безупречной атрибуцией,Полная экспертиза подтверждает исключительное происхождение находки «Короб засахаренных лепестков лунной розы» и повышает её коллекционную цену. В игре эта версия не используется: lucky-двадцатка сразу обращается к отдельному пулу артефактов.,4092000,"rare-goods,exceptional,tier-20,non-artifact"
I1605,20,Головка сыра из последней партии монастырской сыроварни,"Находка «Головка сыра из последней партии монастырской сыроварни» остаётся редким расходуемым товаром, ценность которого обеспечивают происхождение, чистота и невозможность быстро восполнить запас.",2442000,Головка сыра из последней партии монастырской сыроварни — с подтверждённой безупречной атрибуцией,Полная экспертиза подтверждает исключительное происхождение находки «Головка сыра из последней партии монастырской сыроварни» и повышает её коллекционную цену. В игре эта версия не используется: lucky-двадцатка сразу обращается к отдельному пулу артефактов.,4500000,"rare-goods,exceptional,tier-20,non-artifact"
I1606,20,Банка икры золотого осетра,"Находка «Банка икры золотого осетра» остаётся редким расходуемым товаром, ценность которого обеспечивают происхождение, чистота и невозможность быстро восполнить запас.",1650000,Банка икры золотого осетра — с подтверждённой безупречной атрибуцией,Полная экспертиза подтверждает исключительное происхождение находки «Банка икры золотого осетра» и повышает её коллекционную цену. В игре эта версия не используется: lucky-двадцатка сразу обращается к отдельному пулу артефактов.,4500000,"rare-goods,exceptional,tier-20,non-artifact"
I1607,20,Праздничный кекс столетней выдержки в запечатанной форме,"Находка «Праздничный кекс столетней выдержки в запечатанной форме» остаётся редким расходуемым товаром, ценность которого обеспечивают происхождение, чистота и невозможность быстро восполнить запас.",1221000,Праздничный кекс столетней выдержки в запечатанной форме — с подтверждённой безупречной атрибуцией,Полная экспертиза подтверждает исключительное происхождение находки «Праздничный кекс столетней выдержки в запечатанной форме» и повышает её коллекционную цену. В игре эта версия не используется: lucky-двадцатка сразу обращается к отдельному пулу артефактов.,4500000,"rare-goods,exceptional,tier-20,non-artifact"
I1608,20,Флакон духов придворного парфюмера,"Находка «Флакон духов придворного парфюмера» остаётся редким расходуемым товаром, ценность которого обеспечивают происхождение, чистота и невозможность быстро восполнить запас.",2970000,Флакон духов придворного парфюмера — с подтверждённой безупречной атрибуцией,Полная экспертиза подтверждает исключительное происхождение находки «Флакон духов придворного парфюмера» и повышает её коллекционную цену. В игре эта версия не используется: lucky-двадцатка сразу обращается к отдельному пулу артефактов.,4500000,"rare-goods,exceptional,tier-20,non-artifact"
I1609,20,Комплект редких красителей для шёлка,"Находка «Комплект редких красителей для шёлка» остаётся редким расходуемым товаром, ценность которого обеспечивают происхождение, чистота и невозможность быстро восполнить запас.",1848000,Комплект редких красителей для шёлка — с подтверждённой безупречной атрибуцией,Полная экспертиза подтверждает исключительное происхождение находки «Комплект редких красителей для шёлка» и повышает её коллекционную цену. В игре эта версия не используется: lucky-двадцатка сразу обращается к отдельному пулу артефактов.,4500000,"rare-goods,exceptional,tier-20,non-artifact"
I1610,20,Ящик чистых алхимических солей высшего сорта,"Находка «Ящик чистых алхимических солей высшего сорта» остаётся редким расходуемым товаром, ценность которого обеспечивают происхождение, чистота и невозможность быстро восполнить запас.",1419000,Ящик чистых алхимических солей высшего сорта — с подтверждённой безупречной атрибуцией,Полная экспертиза подтверждает исключительное происхождение находки «Ящик чистых алхимических солей высшего сорта» и повышает её коллекционную цену. В игре эта версия не используется: lucky-двадцатка сразу обращается к отдельному пулу артефактов.,4500000,"rare-goods,exceptional,tier-20,non-artifact"
I1611,20,Коллекция эссенций двадцати редких растений,"Находка «Коллекция эссенций двадцати редких растений» остаётся редким расходуемым товаром, ценность которого обеспечивают происхождение, чистота и невозможность быстро восполнить запас.",825000,Коллекция эссенций двадцати редких растений — с подтверждённой безупречной атрибуцией,Полная экспертиза подтверждает исключительное происхождение находки «Коллекция эссенций двадцати редких растений» и повышает её коллекционную цену. В игре эта версия не используется: lucky-двадцатка сразу обращается к отдельному пулу артефактов.,1650000,"rare-goods,exceptional,tier-20,non-artifact"
I1612,20,Слиток очищенного звёздного железа,"Находка «Слиток очищенного звёздного железа» остаётся редким расходуемым товаром, ценность которого обеспечивают происхождение, чистота и невозможность быстро восполнить запас.",2112000,Слиток очищенного звёздного железа — с подтверждённой безупречной атрибуцией,Полная экспертиза подтверждает исключительное происхождение находки «Слиток очищенного звёздного железа» и повышает её коллекционную цену. В игре эта версия не используется: lucky-двадцатка сразу обращается к отдельному пулу артефактов.,4500000,"rare-goods,exceptional,tier-20,non-artifact"
I1613,20,Мешочек безупречно чистой жемчужной пудры,"Находка «Мешочек безупречно чистой жемчужной пудры» остаётся редким расходуемым товаром, ценность которого обеспечивают происхождение, чистота и невозможность быстро восполнить запас.",1567500,Мешочек безупречно чистой жемчужной пудры — с подтверждённой безупречной атрибуцией,Полная экспертиза подтверждает исключительное происхождение находки «Мешочек безупречно чистой жемчужной пудры» и повышает её коллекционную цену. В игре эта версия не используется: lucky-двадцатка сразу обращается к отдельному пулу артефактов.,4500000,"rare-goods,exceptional,tier-20,non-artifact"
I1614,20,Футляр порошка из огненного опала,"Находка «Футляр порошка из огненного опала» остаётся редким расходуемым товаром, ценность которого обеспечивают происхождение, чистота и невозможность быстро восполнить запас.",1023000,Футляр порошка из огненного опала — с подтверждённой безупречной атрибуцией,Полная экспертиза подтверждает исключительное происхождение находки «Футляр порошка из огненного опала» и повышает её коллекционную цену. В игре эта версия не используется: lucky-двадцатка сразу обращается к отдельному пулу артефактов.,2046000,"rare-goods,exceptional,tier-20,non-artifact"
I1615,20,Набор стабилизированных ядов чудовищ,"Находка «Набор стабилизированных ядов чудовищ» остаётся редким расходуемым товаром, ценность которого обеспечивают происхождение, чистота и невозможность быстро восполнить запас.",2442000,Набор стабилизированных ядов чудовищ — с подтверждённой безупречной атрибуцией,Полная экспертиза подтверждает исключительное происхождение находки «Набор стабилизированных ядов чудовищ» и повышает её коллекционную цену. В игре эта версия не используется: lucky-двадцатка сразу обращается к отдельному пулу артефактов.,4500000,"rare-goods,exceptional,tier-20,non-artifact"
I1616,20,Сосуд масла для закалки мифриловой стали,"Находка «Сосуд масла для закалки мифриловой стали» остаётся редким расходуемым товаром, ценность которого обеспечивают происхождение, чистота и невозможность быстро восполнить запас.",1650000,Сосуд масла для закалки мифриловой стали — с подтверждённой безупречной атрибуцией,Полная экспертиза подтверждает исключительное происхождение находки «Сосуд масла для закалки мифриловой стали» и повышает её коллекционную цену. В игре эта версия не используется: lucky-двадцатка сразу обращается к отдельному пулу артефактов.,4500000,"rare-goods,exceptional,tier-20,non-artifact"
I1617,20,Пакет семян исчезающей королевской орхидеи,"Находка «Пакет семян исчезающей королевской орхидеи» остаётся редким расходуемым товаром, ценность которого обеспечивают происхождение, чистота и невозможность быстро восполнить запас.",1221000,Пакет семян исчезающей королевской орхидеи — с подтверждённой безупречной атрибуцией,Полная экспертиза подтверждает исключительное происхождение находки «Пакет семян исчезающей королевской орхидеи» и повышает её коллекционную цену. В игре эта версия не используется: lucky-двадцатка сразу обращается к отдельному пулу артефактов.,2442000,"rare-goods,exceptional,tier-20,non-artifact"
I1618,20,Коробка благовоний закрытого храмового рецепта,"Находка «Коробка благовоний закрытого храмового рецепта» остаётся редким расходуемым товаром, ценность которого обеспечивают происхождение, чистота и невозможность быстро восполнить запас.",2970000,Коробка благовоний закрытого храмового рецепта — с подтверждённой безупречной атрибуцией,Полная экспертиза подтверждает исключительное происхождение находки «Коробка благовоний закрытого храмового рецепта» и повышает её коллекционную цену. В игре эта версия не используется: lucky-двадцатка сразу обращается к отдельному пулу артефактов.,4500000,"rare-goods,exceptional,tier-20,non-artifact"
I1619,20,Фляга универсального алхимического растворителя,"Находка «Фляга универсального алхимического растворителя» остаётся редким расходуемым товаром, ценность которого обеспечивают происхождение, чистота и невозможность быстро восполнить запас.",1848000,Фляга универсального алхимического растворителя — с подтверждённой безупречной атрибуцией,Полная экспертиза подтверждает исключительное происхождение находки «Фляга универсального алхимического растворителя» и повышает её коллекционную цену. В игре эта версия не используется: lucky-двадцатка сразу обращается к отдельному пулу артефактов.,4500000,"rare-goods,exceptional,tier-20,non-artifact"
I1620,20,Кристалл соли из глубочайшей подземной шахты,"Находка «Кристалл соли из глубочайшей подземной шахты» остаётся редким расходуемым товаром, ценность которого обеспечивают происхождение, чистота и невозможность быстро восполнить запас.",1419000,Кристалл соли из глубочайшей подземной шахты — с подтверждённой безупречной атрибуцией,Полная экспертиза подтверждает исключительное происхождение находки «Кристалл соли из глубочайшей подземной шахты» и повышает её коллекционную цену. В игре эта версия не используется: lucky-двадцатка сразу обращается к отдельному пулу артефактов.,2838000,"rare-goods,exceptional,tier-20,non-artifact"
I1621,20,Клинок семи сохранённых заточек,"Находка «Клинок семи сохранённых заточек» несёт мощное устойчивое зачарование, но не является уникальным мировым артефактом.",825000,Клинок семи сохранённых заточек — с подтверждённой безупречной атрибуцией,Полная экспертиза подтверждает исключительное происхождение находки «Клинок семи сохранённых заточек» и повышает её коллекционную цену. В игре эта версия не используется: lucky-двадцатка сразу обращается к отдельному пулу артефактов.,2475000,"non-artifact-magic,exceptional,tier-20,non-artifact"
I1622,20,Доспех возвращающегося блеска,"Находка «Доспех возвращающегося блеска» несёт мощное устойчивое зачарование, но не является уникальным мировым артефактом.",2112000,Доспех возвращающегося блеска — с подтверждённой безупречной атрибуцией,Полная экспертиза подтверждает исключительное происхождение находки «Доспех возвращающегося блеска» и повышает её коллекционную цену. В игре эта версия не используется: lucky-двадцатка сразу обращается к отдельному пулу артефактов.,4500000,"non-artifact-magic,exceptional,tier-20,non-artifact"
I1623,20,Щит запасённого отражения,"Находка «Щит запасённого отражения» несёт мощное устойчивое зачарование, но не является уникальным мировым артефактом.",1567500,Щит запасённого отражения — с подтверждённой безупречной атрибуцией,Полная экспертиза подтверждает исключительное происхождение находки «Щит запасённого отражения» и повышает её коллекционную цену. В игре эта версия не используется: lucky-двадцатка сразу обращается к отдельному пулу артефактов.,3135000,"non-artifact-magic,exceptional,tier-20,non-artifact"
I1624,20,Кольцо долгого подводного дыхания,"Находка «Кольцо долгого подводного дыхания» несёт мощное устойчивое зачарование, но не является уникальным мировым артефактом.",1023000,Кольцо долгого подводного дыхания — с подтверждённой безупречной атрибуцией,Полная экспертиза подтверждает исключительное происхождение находки «Кольцо долгого подводного дыхания» и повышает её коллекционную цену. В игре эта версия не используется: lucky-двадцатка сразу обращается к отдельному пулу артефактов.,3069000,"non-artifact-magic,exceptional,tier-20,non-artifact"
I1625,20,Ожерелье ясного разума,"Находка «Ожерелье ясного разума» несёт мощное устойчивое зачарование, но не является уникальным мировым артефактом.",2442000,Ожерелье ясного разума — с подтверждённой безупречной атрибуцией,Полная экспертиза подтверждает исключительное происхождение находки «Ожерелье ясного разума» и повышает её коллекционную цену. В игре эта версия не используется: lucky-двадцатка сразу обращается к отдельному пулу артефактов.,4500000,"non-artifact-magic,exceptional,tier-20,non-artifact"
I1626,20,Плащ прохода сквозь густой туман,"Находка «Плащ прохода сквозь густой туман» несёт мощное устойчивое зачарование, но не является уникальным мировым артефактом.",1650000,Плащ прохода сквозь густой туман — с подтверждённой безупречной атрибуцией,Полная экспертиза подтверждает исключительное происхождение находки «Плащ прохода сквозь густой туман» и повышает её коллекционную цену. В игре эта версия не используется: lucky-двадцатка сразу обращается к отдельному пулу артефактов.,3300000,"non-artifact-magic,exceptional,tier-20,non-artifact"
I1627,20,Сапоги продолжительного парения,"Находка «Сапоги продолжительного парения» несёт мощное устойчивое зачарование, но не является уникальным мировым артефактом.",1221000,Сапоги продолжительного парения — с подтверждённой безупречной атрибуцией,Полная экспертиза подтверждает исключительное происхождение находки «Сапоги продолжительного парения» и повышает её коллекционную цену. В игре эта версия не используется: lucky-двадцатка сразу обращается к отдельному пулу артефактов.,3663000,"non-artifact-magic,exceptional,tier-20,non-artifact"
I1628,20,Перчатки точной телекинетической руки,"Находка «Перчатки точной телекинетической руки» несёт мощное устойчивое зачарование, но не является уникальным мировым артефактом.",2970000,Перчатки точной телекинетической руки — с подтверждённой безупречной атрибуцией,Полная экспертиза подтверждает исключительное происхождение находки «Перчатки точной телекинетической руки» и повышает её коллекционную цену. В игре эта версия не используется: lucky-двадцатка сразу обращается к отдельному пулу артефактов.,4500000,"non-artifact-magic,exceptional,tier-20,non-artifact"
I1629,20,Шлем видения скрытых чар,"Находка «Шлем видения скрытых чар» несёт мощное устойчивое зачарование, но не является уникальным мировым артефактом.",1848000,Шлем видения скрытых чар — с подтверждённой безупречной атрибуцией,Полная экспертиза подтверждает исключительное происхождение находки «Шлем видения скрытых чар» и повышает её коллекционную цену. В игре эта версия не используется: lucky-двадцатка сразу обращается к отдельному пулу артефактов.,3696000,"non-artifact-magic,exceptional,tier-20,non-artifact"
I1630,20,Пояс великой походной выносливости,"Находка «Пояс великой походной выносливости» несёт мощное устойчивое зачарование, но не является уникальным мировым артефактом.",1419000,Пояс великой походной выносливости — с подтверждённой безупречной атрибуцией,Полная экспертиза подтверждает исключительное происхождение находки «Пояс великой походной выносливости» и повышает её коллекционную цену. В игре эта версия не используется: lucky-двадцатка сразу обращается к отдельному пулу артефактов.,4257000,"non-artifact-magic,exceptional,tier-20,non-artifact"
I1631,20,Посох трёх стихийных заслонов,"Находка «Посох трёх стихийных заслонов» несёт мощное устойчивое зачарование, но не является уникальным мировым артефактом.",825000,Посох трёх стихийных заслонов — с подтверждённой безупречной атрибуцией,Полная экспертиза подтверждает исключительное происхождение находки «Посох трёх стихийных заслонов» и повышает её коллекционную цену. В игре эта версия не используется: lucky-двадцатка сразу обращается к отдельному пулу артефактов.,3300000,"non-artifact-magic,exceptional,tier-20,non-artifact"
I1632,20,Жезл безопасного рассеивания магии,"Находка «Жезл безопасного рассеивания магии» несёт мощное устойчивое зачарование, но не является уникальным мировым артефактом.",2112000,Жезл безопасного рассеивания магии — с подтверждённой безупречной атрибуцией,Полная экспертиза подтверждает исключительное происхождение находки «Жезл безопасного рассеивания магии» и повышает её коллекционную цену. В игре эта версия не используется: lucky-двадцатка сразу обращается к отдельному пулу артефактов.,4224000,"non-artifact-magic,exceptional,tier-20,non-artifact"
I1633,20,Фонарь истинных силуэтов,"Находка «Фонарь истинных силуэтов» несёт мощное устойчивое зачарование, но не является уникальным мировым артефактом.",1567500,Фонарь истинных силуэтов — с подтверждённой безупречной атрибуцией,Полная экспертиза подтверждает исключительное происхождение находки «Фонарь истинных силуэтов» и повышает её коллекционную цену. В игре эта версия не используется: lucky-двадцатка сразу обращается к отдельному пулу артефактов.,4500000,"non-artifact-magic,exceptional,tier-20,non-artifact"
I1634,20,Компас пути к названному городу,"Находка «Компас пути к названному городу» несёт мощное устойчивое зачарование, но не является уникальным мировым артефактом.",1023000,Компас пути к названному городу — с подтверждённой безупречной атрибуцией,Полная экспертиза подтверждает исключительное происхождение находки «Компас пути к названному городу» и повышает её коллекционную цену. В игре эта версия не используется: lucky-двадцатка сразу обращается к отдельному пулу артефактов.,4092000,"non-artifact-magic,exceptional,tier-20,non-artifact"
I1635,20,Сумка большого невесомого хранилища,"Находка «Сумка большого невесомого хранилища» несёт мощное устойчивое зачарование, но не является уникальным мировым артефактом.",2442000,Сумка большого невесомого хранилища — с подтверждённой безупречной атрибуцией,Полная экспертиза подтверждает исключительное происхождение находки «Сумка большого невесомого хранилища» и повышает её коллекционную цену. В игре эта версия не используется: lucky-двадцатка сразу обращается к отдельному пулу артефактов.,4500000,"non-artifact-magic,exceptional,tier-20,non-artifact"
I1636,20,Куб защищённого полевого убежища,"Находка «Куб защищённого полевого убежища» несёт мощное устойчивое зачарование, но не является уникальным мировым артефактом.",1650000,Куб защищённого полевого убежища — с подтверждённой безупречной атрибуцией,Полная экспертиза подтверждает исключительное происхождение находки «Куб защищённого полевого убежища» и повышает её коллекционную цену. В игре эта версия не используется: lucky-двадцатка сразу обращается к отдельному пулу артефактов.,4500000,"non-artifact-magic,exceptional,tier-20,non-artifact"
I1637,20,Лира общего спокойствия,"Находка «Лира общего спокойствия» несёт мощное устойчивое зачарование, но не является уникальным мировым артефактом.",1221000,Лира общего спокойствия — с подтверждённой безупречной атрибуцией,Полная экспертиза подтверждает исключительное происхождение находки «Лира общего спокойствия» и повышает её коллекционную цену. В игре эта версия не используется: lucky-двадцатка сразу обращается к отдельному пулу артефактов.,4500000,"non-artifact-magic,exceptional,tier-20,non-artifact"
I1638,20,Камень сохранённого заклинания,"Находка «Камень сохранённого заклинания» несёт мощное устойчивое зачарование, но не является уникальным мировым артефактом.",2970000,Камень сохранённого заклинания — с подтверждённой безупречной атрибуцией,Полная экспертиза подтверждает исключительное происхождение находки «Камень сохранённого заклинания» и повышает её коллекционную цену. В игре эта версия не используется: lucky-двадцатка сразу обращается к отдельному пулу артефактов.,4500000,"non-artifact-magic,exceptional,tier-20,non-artifact"
I1639,20,Талисман второго защитного шанса,"Находка «Талисман второго защитного шанса» несёт мощное устойчивое зачарование, но не является уникальным мировым артефактом.",1848000,Талисман второго защитного шанса — с подтверждённой безупречной атрибуцией,Полная экспертиза подтверждает исключительное происхождение находки «Талисман второго защитного шанса» и повышает её коллекционную цену. В игре эта версия не используется: lucky-двадцатка сразу обращается к отдельному пулу артефактов.,4500000,"non-artifact-magic,exceptional,tier-20,non-artifact"
I1640,20,Канат свободного воздушного движения,"Находка «Канат свободного воздушного движения» несёт мощное устойчивое зачарование, но не является уникальным мировым артефактом.",1419000,Канат свободного воздушного движения — с подтверждённой безупречной атрибуцией,Полная экспертиза подтверждает исключительное происхождение находки «Канат свободного воздушного движения» и повышает её коллекционную цену. В игре эта версия не используется: lucky-двадцатка сразу обращается к отдельному пулу артефактов.,4500000,"non-artifact-magic,exceptional,tier-20,non-artifact"
I1641,20,Зеркало далёкой знакомой комнаты,"Находка «Зеркало далёкой знакомой комнаты» несёт мощное устойчивое зачарование, но не является уникальным мировым артефактом.",825000,Зеркало далёкой знакомой комнаты — с подтверждённой безупречной атрибуцией,Полная экспертиза подтверждает исключительное происхождение находки «Зеркало далёкой знакомой комнаты» и повышает её коллекционную цену. В игре эта версия не используется: lucky-двадцатка сразу обращается к отдельному пулу артефактов.,1650000,"non-artifact-magic,exceptional,tier-20,non-artifact"
I1642,20,Чернильница перевода известных языков,"Находка «Чернильница перевода известных языков» несёт мощное устойчивое зачарование, но не является уникальным мировым артефактом.",2112000,Чернильница перевода известных языков — с подтверждённой безупречной атрибуцией,Полная экспертиза подтверждает исключительное происхождение находки «Чернильница перевода известных языков» и повышает её коллекционную цену. В игре эта версия не используется: lucky-двадцатка сразу обращается к отдельному пулу артефактов.,4500000,"non-artifact-magic,exceptional,tier-20,non-artifact"
I1643,20,Часы одного остановленного мгновения,"Находка «Часы одного остановленного мгновения» несёт мощное устойчивое зачарование, но не является уникальным мировым артефактом.",1567500,Часы одного остановленного мгновения — с подтверждённой безупречной атрибуцией,Полная экспертиза подтверждает исключительное происхождение находки «Часы одного остановленного мгновения» и повышает её коллекционную цену. В игре эта версия не используется: lucky-двадцатка сразу обращается к отдельному пулу артефактов.,4500000,"non-artifact-magic,exceptional,tier-20,non-artifact"
I1644,20,Сфера подробной памяти,"Находка «Сфера подробной памяти» несёт мощное устойчивое зачарование, но не является уникальным мировым артефактом.",1023000,Сфера подробной памяти — с подтверждённой безупречной атрибуцией,Полная экспертиза подтверждает исключительное происхождение находки «Сфера подробной памяти» и повышает её коллекционную цену. В игре эта версия не используется: lucky-двадцатка сразу обращается к отдельному пулу артефактов.,2046000,"non-artifact-magic,exceptional,tier-20,non-artifact"
I1645,20,Механический сокол дальнего обзора,"Находка «Механический сокол дальнего обзора» несёт мощное устойчивое зачарование, но не является уникальным мировым артефактом.",2442000,Механический сокол дальнего обзора — с подтверждённой безупречной атрибуцией,Полная экспертиза подтверждает исключительное происхождение находки «Механический сокол дальнего обзора» и повышает её коллекционную цену. В игре эта версия не используется: lucky-двадцатка сразу обращается к отдельному пулу артефактов.,4500000,"non-artifact-magic,exceptional,tier-20,non-artifact"
